solid ASCII
  facet normal 0.000000e+00 4.887649e-16 1.000000e+00
    outer loop
      vertex   2.256267e+01 6.550000e+01 2.650000e+00
      vertex   2.256267e+01 6.731719e+01 2.650000e+00
      vertex   2.203334e+01 6.550000e+01 2.650000e+00
    endloop
  endfacet
  facet normal 1.677925e-15 4.470889e-30 1.000000e+00
    outer loop
      vertex   2.203334e+01 6.550000e+01 2.650000e+00
      vertex   2.256267e+01 6.731719e+01 2.650000e+00
      vertex   2.203334e+01 6.950000e+01 2.650000e+00
    endloop
  endfacet
  facet normal -6.081260e-15 -1.881602e-15 1.000000e+00
    outer loop
      vertex   2.203334e+01 6.950000e+01 2.650000e+00
      vertex   2.256267e+01 6.731719e+01 2.650000e+00
      vertex   2.256267e+01 6.778922e+01 2.650000e+00
    endloop
  endfacet
  facet normal 2.317310e-15 7.169987e-16 1.000000e+00
    outer loop
      vertex   2.203334e+01 6.950000e+01 2.650000e+00
      vertex   2.256267e+01 6.778922e+01 2.650000e+00
      vertex   2.256267e+01 6.902797e+01 2.650000e+00
    endloop
  endfacet
  facet normal -4.731358e-16 -1.881602e-15 1.000000e+00
    outer loop
      vertex   2.256267e+01 6.731719e+01 2.650000e+00
      vertex   2.443989e+01 6.731719e+01 2.650000e+00
      vertex   2.256267e+01 6.778922e+01 2.650000e+00
    endloop
  endfacet
  facet normal -0.000000e+00 0.000000e+00 1.000000e+00
    outer loop
      vertex   2.256267e+01 6.778922e+01 2.650000e+00
      vertex   2.443989e+01 6.731719e+01 2.650000e+00
      vertex   2.443989e+01 6.778922e+01 2.650000e+00
    endloop
  endfacet
  facet normal -4.094559e-16 0.000000e+00 1.000000e+00
    outer loop
      vertex   2.473184e+01 6.902797e+01 2.650000e+00
      vertex   2.473184e+01 6.950000e+01 2.650000e+00
      vertex   2.256267e+01 6.902797e+01 2.650000e+00
    endloop
  endfacet
  facet normal 9.908914e-30 -1.881603e-15 1.000000e+00
    outer loop
      vertex   2.256267e+01 6.902797e+01 2.650000e+00
      vertex   2.473184e+01 6.950000e+01 2.650000e+00
      vertex   2.203334e+01 6.950000e+01 2.650000e+00
    endloop
  endfacet
  facet normal 0.000000e+00 -1.000000e+00 0.000000e+00
    outer loop
      vertex   2.256267e+01 6.550000e+01 2.150000e+00
      vertex   2.256267e+01 6.550000e+01 2.650000e+00
      vertex   2.203334e+01 6.550000e+01 2.150000e+00
    endloop
  endfacet
  facet normal 0.000000e+00 -1.000000e+00 0.000000e+00
    outer loop
      vertex   2.203334e+01 6.550000e+01 2.150000e+00
      vertex   2.256267e+01 6.550000e+01 2.650000e+00
      vertex   2.203334e+01 6.550000e+01 2.650000e+00
    endloop
  endfacet
  facet normal 1.000000e+00 1.955060e-15 -0.000000e+00
    outer loop
      vertex   2.256267e+01 6.731719e+01 2.150000e+00
      vertex   2.256267e+01 6.731719e+01 2.650000e+00
      vertex   2.256267e+01 6.550000e+01 2.150000e+00
    endloop
  endfacet
  facet normal 1.000000e+00 1.955060e-15 -0.000000e+00
    outer loop
      vertex   2.256267e+01 6.550000e+01 2.150000e+00
      vertex   2.256267e+01 6.731719e+01 2.650000e+00
      vertex   2.256267e+01 6.550000e+01 2.650000e+00
    endloop
  endfacet
  facet normal -0.000000e+00 -1.000000e+00 0.000000e+00
    outer loop
      vertex   2.443989e+01 6.731719e+01 2.150000e+00
      vertex   2.443989e+01 6.731719e+01 2.650000e+00
      vertex   2.256267e+01 6.731719e+01 2.150000e+00
    endloop
  endfacet
  facet normal 0.000000e+00 -1.000000e+00 0.000000e+00
    outer loop
      vertex   2.256267e+01 6.731719e+01 2.150000e+00
      vertex   2.443989e+01 6.731719e+01 2.650000e+00
      vertex   2.256267e+01 6.731719e+01 2.650000e+00
    endloop
  endfacet
  facet normal 1.000000e+00 0.000000e+00 -0.000000e+00
    outer loop
      vertex   2.443989e+01 6.778922e+01 2.150000e+00
      vertex   2.443989e+01 6.778922e+01 2.650000e+00
      vertex   2.443989e+01 6.731719e+01 2.150000e+00
    endloop
  endfacet
  facet normal 1.000000e+00 0.000000e+00 0.000000e+00
    outer loop
      vertex   2.443989e+01 6.731719e+01 2.150000e+00
      vertex   2.443989e+01 6.778922e+01 2.650000e+00
      vertex   2.443989e+01 6.731719e+01 2.650000e+00
    endloop
  endfacet
  facet normal -7.570173e-15 1.000000e+00 0.000000e+00
    outer loop
      vertex   2.256267e+01 6.778922e+01 2.150000e+00
      vertex   2.256267e+01 6.778922e+01 2.650000e+00
      vertex   2.443989e+01 6.778922e+01 2.150000e+00
    endloop
  endfacet
  facet normal -7.570173e-15 1.000000e+00 0.000000e+00
    outer loop
      vertex   2.443989e+01 6.778922e+01 2.150000e+00
      vertex   2.256267e+01 6.778922e+01 2.650000e+00
      vertex   2.443989e+01 6.778922e+01 2.650000e+00
    endloop
  endfacet
  facet normal 1.000000e+00 2.867995e-15 -0.000000e+00
    outer loop
      vertex   2.256267e+01 6.902797e+01 2.150000e+00
      vertex   2.256267e+01 6.902797e+01 2.650000e+00
      vertex   2.256267e+01 6.778922e+01 2.150000e+00
    endloop
  endfacet
  facet normal 1.000000e+00 2.867995e-15 -0.000000e+00
    outer loop
      vertex   2.256267e+01 6.778922e+01 2.150000e+00
      vertex   2.256267e+01 6.902797e+01 2.650000e+00
      vertex   2.256267e+01 6.778922e+01 2.650000e+00
    endloop
  endfacet
  facet normal 6.551295e-15 -1.000000e+00 0.000000e+00
    outer loop
      vertex   2.473184e+01 6.902797e+01 2.150000e+00
      vertex   2.473184e+01 6.902797e+01 2.650000e+00
      vertex   2.256267e+01 6.902797e+01 2.150000e+00
    endloop
  endfacet
  facet normal 6.551295e-15 -1.000000e+00 0.000000e+00
    outer loop
      vertex   2.256267e+01 6.902797e+01 2.150000e+00
      vertex   2.473184e+01 6.902797e+01 2.650000e+00
      vertex   2.256267e+01 6.902797e+01 2.650000e+00
    endloop
  endfacet
  facet normal 1.000000e+00 0.000000e+00 -0.000000e+00
    outer loop
      vertex   2.473184e+01 6.950000e+01 2.150000e+00
      vertex   2.473184e+01 6.950000e+01 2.650000e+00
      vertex   2.473184e+01 6.902797e+01 2.150000e+00
    endloop
  endfacet
  facet normal 1.000000e+00 0.000000e+00 0.000000e+00
    outer loop
      vertex   2.473184e+01 6.902797e+01 2.150000e+00
      vertex   2.473184e+01 6.950000e+01 2.650000e+00
      vertex   2.473184e+01 6.902797e+01 2.650000e+00
    endloop
  endfacet
  facet normal -5.266207e-15 1.000000e+00 0.000000e+00
    outer loop
      vertex   2.203334e+01 6.950000e+01 2.150000e+00
      vertex   2.203334e+01 6.950000e+01 2.650000e+00
      vertex   2.473184e+01 6.950000e+01 2.150000e+00
    endloop
  endfacet
  facet normal -5.266207e-15 1.000000e+00 0.000000e+00
    outer loop
      vertex   2.473184e+01 6.950000e+01 2.150000e+00
      vertex   2.203334e+01 6.950000e+01 2.650000e+00
      vertex   2.473184e+01 6.950000e+01 2.650000e+00
    endloop
  endfacet
  facet normal -1.000000e+00 -2.664535e-15 0.000000e+00
    outer loop
      vertex   2.203334e+01 6.550000e+01 2.150000e+00
      vertex   2.203334e+01 6.550000e+01 2.650000e+00
      vertex   2.203334e+01 6.950000e+01 2.150000e+00
    endloop
  endfacet
  facet normal -1.000000e+00 -2.664535e-15 0.000000e+00
    outer loop
      vertex   2.203334e+01 6.950000e+01 2.150000e+00
      vertex   2.203334e+01 6.550000e+01 2.650000e+00
      vertex   2.203334e+01 6.950000e+01 2.650000e+00
    endloop
  endfacet
  facet normal -2.943195e-16 0.000000e+00 1.000000e+00
    outer loop
      vertex   2.516567e+01 6.670055e+01 2.650000e+00
      vertex   2.667454e+01 6.670055e+01 2.650000e+00
      vertex   2.516567e+01 6.719441e+01 2.650000e+00
    endloop
  endfacet
  facet normal -0.000000e+00 8.992193e-16 1.000000e+00
    outer loop
      vertex   2.516567e+01 6.719441e+01 2.650000e+00
      vertex   2.667454e+01 6.670055e+01 2.650000e+00
      vertex   2.667454e+01 6.719441e+01 2.650000e+00
    endloop
  endfacet
  facet normal -0.000000e+00 -1.000000e+00 0.000000e+00
    outer loop
      vertex   2.667454e+01 6.670055e+01 2.150000e+00
      vertex   2.667454e+01 6.670055e+01 2.650000e+00
      vertex   2.516567e+01 6.670055e+01 2.150000e+00
    endloop
  endfacet
  facet normal 0.000000e+00 -1.000000e+00 0.000000e+00
    outer loop
      vertex   2.516567e+01 6.670055e+01 2.150000e+00
      vertex   2.667454e+01 6.670055e+01 2.650000e+00
      vertex   2.516567e+01 6.670055e+01 2.650000e+00
    endloop
  endfacet
  facet normal 1.000000e+00 -7.193755e-15 0.000000e+00
    outer loop
      vertex   2.667454e+01 6.719441e+01 2.150000e+00
      vertex   2.667454e+01 6.719441e+01 2.650000e+00
      vertex   2.667454e+01 6.670055e+01 2.150000e+00
    endloop
  endfacet
  facet normal 1.000000e+00 -7.193755e-15 0.000000e+00
    outer loop
      vertex   2.667454e+01 6.670055e+01 2.150000e+00
      vertex   2.667454e+01 6.719441e+01 2.650000e+00
      vertex   2.667454e+01 6.670055e+01 2.650000e+00
    endloop
  endfacet
  facet normal 0.000000e+00 1.000000e+00 0.000000e+00
    outer loop
      vertex   2.516567e+01 6.719441e+01 2.150000e+00
      vertex   2.516567e+01 6.719441e+01 2.650000e+00
      vertex   2.667454e+01 6.719441e+01 2.150000e+00
    endloop
  endfacet
  facet normal 0.000000e+00 1.000000e+00 -0.000000e+00
    outer loop
      vertex   2.667454e+01 6.719441e+01 2.150000e+00
      vertex   2.516567e+01 6.719441e+01 2.650000e+00
      vertex   2.667454e+01 6.719441e+01 2.650000e+00
    endloop
  endfacet
  facet normal -1.000000e+00 0.000000e+00 0.000000e+00
    outer loop
      vertex   2.516567e+01 6.670055e+01 2.150000e+00
      vertex   2.516567e+01 6.670055e+01 2.650000e+00
      vertex   2.516567e+01 6.719441e+01 2.150000e+00
    endloop
  endfacet
  facet normal -1.000000e+00 0.000000e+00 0.000000e+00
    outer loop
      vertex   2.516567e+01 6.719441e+01 2.150000e+00
      vertex   2.516567e+01 6.670055e+01 2.650000e+00
      vertex   2.516567e+01 6.719441e+01 2.650000e+00
    endloop
  endfacet
  facet normal 0.000000e+00 0.000000e+00 1.000000e+00
    outer loop
      vertex   1.797059e+01 6.550000e+01 2.650000e+00
      vertex   1.768955e+01 6.605935e+01 2.650000e+00
      vertex   1.743034e+01 6.550000e+01 2.650000e+00
    endloop
  endfacet
  facet normal 0.000000e+00 0.000000e+00 1.000000e+00
    outer loop
      vertex   1.743034e+01 6.550000e+01 2.650000e+00
      vertex   1.768955e+01 6.605935e+01 2.650000e+00
      vertex   1.765158e+01 6.626488e+01 2.650000e+00
    endloop
  endfacet
  facet normal 0.000000e+00 0.000000e+00 1.000000e+00
    outer loop
      vertex   1.743034e+01 6.550000e+01 2.650000e+00
      vertex   1.765158e+01 6.626488e+01 2.650000e+00
      vertex   1.761124e+01 6.646992e+01 2.650000e+00
    endloop
  endfacet
  facet normal 0.000000e+00 0.000000e+00 1.000000e+00
    outer loop
      vertex   1.881915e+01 6.854775e+01 2.650000e+00
      vertex   1.786963e+01 6.679877e+01 2.650000e+00
      vertex   1.797059e+01 6.550000e+01 2.650000e+00
    endloop
  endfacet
  facet normal 0.000000e+00 0.000000e+00 1.000000e+00
    outer loop
      vertex   1.797059e+01 6.550000e+01 2.650000e+00
      vertex   1.786963e+01 6.679877e+01 2.650000e+00
      vertex   1.782325e+01 6.661425e+01 2.650000e+00
    endloop
  endfacet
  facet normal 0.000000e+00 0.000000e+00 1.000000e+00
    outer loop
      vertex   1.797059e+01 6.550000e+01 2.650000e+00
      vertex   1.782325e+01 6.661425e+01 2.650000e+00
      vertex   1.777785e+01 6.642949e+01 2.650000e+00
    endloop
  endfacet
  facet normal 0.000000e+00 0.000000e+00 1.000000e+00
    outer loop
      vertex   1.786963e+01 6.679877e+01 2.650000e+00
      vertex   1.881915e+01 6.854775e+01 2.650000e+00
      vertex   1.863089e+01 6.950000e+01 2.650000e+00
    endloop
  endfacet
  facet normal 0.000000e+00 0.000000e+00 1.000000e+00
    outer loop
      vertex   1.863089e+01 6.950000e+01 2.650000e+00
      vertex   1.881915e+01 6.854775e+01 2.650000e+00
      vertex   1.885053e+01 6.866456e+01 2.650000e+00
    endloop
  endfacet
  facet normal 0.000000e+00 0.000000e+00 1.000000e+00
    outer loop
      vertex   1.863089e+01 6.950000e+01 2.650000e+00
      vertex   1.885053e+01 6.866456e+01 2.650000e+00
      vertex   1.888072e+01 6.878167e+01 2.650000e+00
    endloop
  endfacet
  facet normal 0.000000e+00 -0.000000e+00 1.000000e+00
    outer loop
      vertex   1.888072e+01 6.878167e+01 2.650000e+00
      vertex   1.890910e+01 6.889924e+01 2.650000e+00
      vertex   1.863089e+01 6.950000e+01 2.650000e+00
    endloop
  endfacet
  facet normal 0.000000e+00 0.000000e+00 1.000000e+00
    outer loop
      vertex   1.863089e+01 6.950000e+01 2.650000e+00
      vertex   1.890910e+01 6.889924e+01 2.650000e+00
      vertex   1.893648e+01 6.901705e+01 2.650000e+00
    endloop
  endfacet
  facet normal -0.000000e+00 0.000000e+00 1.000000e+00
    outer loop
      vertex   1.863089e+01 6.950000e+01 2.650000e+00
      vertex   1.893648e+01 6.901705e+01 2.650000e+00
      vertex   1.926936e+01 6.950000e+01 2.650000e+00
    endloop
  endfacet
  facet normal 0.000000e+00 0.000000e+00 1.000000e+00
    outer loop
      vertex   1.926936e+01 6.950000e+01 2.650000e+00
      vertex   1.893648e+01 6.901705e+01 2.650000e+00
      vertex   1.896623e+01 6.889930e+01 2.650000e+00
    endloop
  endfacet
  facet normal 0.000000e+00 0.000000e+00 1.000000e+00
    outer loop
      vertex   1.926936e+01 6.950000e+01 2.650000e+00
      vertex   1.896623e+01 6.889930e+01 2.650000e+00
      vertex   1.899711e+01 6.878184e+01 2.650000e+00
    endloop
  endfacet
  facet normal -0.000000e+00 0.000000e+00 1.000000e+00
    outer loop
      vertex   1.899711e+01 6.878184e+01 2.650000e+00
      vertex   1.902924e+01 6.866471e+01 2.650000e+00
      vertex   1.926936e+01 6.950000e+01 2.650000e+00
    endloop
  endfacet
  facet normal 0.000000e+00 0.000000e+00 1.000000e+00
    outer loop
      vertex   1.926936e+01 6.950000e+01 2.650000e+00
      vertex   1.902924e+01 6.866471e+01 2.650000e+00
      vertex   1.906199e+01 6.854775e+01 2.650000e+00
    endloop
  endfacet
  facet normal 0.000000e+00 0.000000e+00 1.000000e+00
    outer loop
      vertex   1.926936e+01 6.950000e+01 2.650000e+00
      vertex   1.906199e+01 6.854775e+01 2.650000e+00
      vertex   1.984235e+01 6.747544e+01 2.650000e+00
    endloop
  endfacet
  facet normal 0.000000e+00 0.000000e+00 1.000000e+00
    outer loop
      vertex   1.984235e+01 6.747544e+01 2.650000e+00
      vertex   1.906199e+01 6.854775e+01 2.650000e+00
      vertex   1.993640e+01 6.712498e+01 2.650000e+00
    endloop
  endfacet
  facet normal 0.000000e+00 0.000000e+00 1.000000e+00
    outer loop
      vertex   1.993640e+01 6.712498e+01 2.650000e+00
      vertex   1.906199e+01 6.854775e+01 2.650000e+00
      vertex   1.990510e+01 6.550000e+01 2.650000e+00
    endloop
  endfacet
  facet normal 0.000000e+00 0.000000e+00 1.000000e+00
    outer loop
      vertex   1.993640e+01 6.712498e+01 2.650000e+00
      vertex   1.990510e+01 6.550000e+01 2.650000e+00
      vertex   2.002181e+01 6.677262e+01 2.650000e+00
    endloop
  endfacet
  facet normal 0.000000e+00 0.000000e+00 1.000000e+00
    outer loop
      vertex   2.002181e+01 6.677262e+01 2.650000e+00
      vertex   1.990510e+01 6.550000e+01 2.650000e+00
      vertex   2.009228e+01 6.641700e+01 2.650000e+00
    endloop
  endfacet
  facet normal 0.000000e+00 0.000000e+00 1.000000e+00
    outer loop
      vertex   2.009228e+01 6.641700e+01 2.650000e+00
      vertex   1.990510e+01 6.550000e+01 2.650000e+00
      vertex   2.015340e+01 6.605935e+01 2.650000e+00
    endloop
  endfacet
  facet normal -1.740735e-15 7.727167e-16 1.000000e+00
    outer loop
      vertex   2.015340e+01 6.605935e+01 2.650000e+00
      vertex   1.990510e+01 6.550000e+01 2.650000e+00
      vertex   2.041533e+01 6.550000e+01 2.650000e+00
    endloop
  endfacet
  facet normal -2.333730e-15 4.950215e-16 1.000000e+00
    outer loop
      vertex   2.015340e+01 6.605935e+01 2.650000e+00
      vertex   2.041533e+01 6.550000e+01 2.650000e+00
      vertex   2.019972e+01 6.627774e+01 2.650000e+00
    endloop
  endfacet
  facet normal -2.288907e-15 5.074479e-16 1.000000e+00
    outer loop
      vertex   2.019972e+01 6.627774e+01 2.650000e+00
      vertex   2.041533e+01 6.550000e+01 2.650000e+00
      vertex   2.024804e+01 6.649567e+01 2.650000e+00
    endloop
  endfacet
  facet normal -2.204580e-15 5.216169e-16 1.000000e+00
    outer loop
      vertex   2.024804e+01 6.649567e+01 2.650000e+00
      vertex   2.041533e+01 6.550000e+01 2.650000e+00
      vertex   2.029944e+01 6.671291e+01 2.650000e+00
    endloop
  endfacet
  facet normal -2.149726e-15 5.268584e-16 1.000000e+00
    outer loop
      vertex   2.029944e+01 6.671291e+01 2.650000e+00
      vertex   2.041533e+01 6.550000e+01 2.650000e+00
      vertex   2.035258e+01 6.692974e+01 2.650000e+00
    endloop
  endfacet
  facet normal -1.952844e-15 5.355002e-16 1.000000e+00
    outer loop
      vertex   2.035258e+01 6.692974e+01 2.650000e+00
      vertex   2.041533e+01 6.550000e+01 2.650000e+00
      vertex   2.151220e+01 6.950000e+01 2.650000e+00
    endloop
  endfacet
  facet normal -1.669321e-15 4.075837e-16 1.000000e+00
    outer loop
      vertex   2.035258e+01 6.692974e+01 2.650000e+00
      vertex   2.151220e+01 6.950000e+01 2.650000e+00
      vertex   2.098014e+01 6.950000e+01 2.650000e+00
    endloop
  endfacet
  facet normal 0.000000e+00 0.000000e+00 1.000000e+00
    outer loop
      vertex   1.777785e+01 6.642949e+01 2.650000e+00
      vertex   1.773345e+01 6.624448e+01 2.650000e+00
      vertex   1.797059e+01 6.550000e+01 2.650000e+00
    endloop
  endfacet
  facet normal 0.000000e+00 0.000000e+00 1.000000e+00
    outer loop
      vertex   1.797059e+01 6.550000e+01 2.650000e+00
      vertex   1.773345e+01 6.624448e+01 2.650000e+00
      vertex   1.768955e+01 6.605935e+01 2.650000e+00
    endloop
  endfacet
  facet normal 0.000000e+00 0.000000e+00 1.000000e+00
    outer loop
      vertex   1.761124e+01 6.646992e+01 2.650000e+00
      vertex   1.756698e+01 6.667415e+01 2.650000e+00
      vertex   1.743034e+01 6.550000e+01 2.650000e+00
    endloop
  endfacet
  facet normal 0.000000e+00 0.000000e+00 1.000000e+00
    outer loop
      vertex   1.743034e+01 6.550000e+01 2.650000e+00
      vertex   1.756698e+01 6.667415e+01 2.650000e+00
      vertex   1.752038e+01 6.687790e+01 2.650000e+00
    endloop
  endfacet
  facet normal 0.000000e+00 -0.000000e+00 1.000000e+00
    outer loop
      vertex   1.743034e+01 6.550000e+01 2.650000e+00
      vertex   1.752038e+01 6.687790e+01 2.650000e+00
      vertex   1.636895e+01 6.950000e+01 2.650000e+00
    endloop
  endfacet
  facet normal -0.000000e+00 0.000000e+00 1.000000e+00
    outer loop
      vertex   1.636895e+01 6.950000e+01 2.650000e+00
      vertex   1.752038e+01 6.687790e+01 2.650000e+00
      vertex   1.691192e+01 6.950000e+01 2.650000e+00
    endloop
  endfacet
  facet normal 2.630444e-14 -1.000000e+00 0.000000e+00
    outer loop
      vertex   1.797059e+01 6.550000e+01 2.150000e+00
      vertex   1.797059e+01 6.550000e+01 2.650000e+00
      vertex   1.743034e+01 6.550000e+01 2.150000e+00
    endloop
  endfacet
  facet normal 2.630444e-14 -1.000000e+00 0.000000e+00
    outer loop
      vertex   1.743034e+01 6.550000e+01 2.150000e+00
      vertex   1.797059e+01 6.550000e+01 2.650000e+00
      vertex   1.743034e+01 6.550000e+01 2.650000e+00
    endloop
  endfacet
  facet normal 9.633571e-01 -2.682221e-01 0.000000e+00
    outer loop
      vertex   1.881915e+01 6.854775e+01 2.150000e+00
      vertex   1.881915e+01 6.854775e+01 2.650000e+00
      vertex   1.797059e+01 6.550000e+01 2.150000e+00
    endloop
  endfacet
  facet normal 9.633571e-01 -2.682221e-01 0.000000e+00
    outer loop
      vertex   1.797059e+01 6.550000e+01 2.150000e+00
      vertex   1.881915e+01 6.854775e+01 2.650000e+00
      vertex   1.797059e+01 6.550000e+01 2.650000e+00
    endloop
  endfacet
  facet normal 9.657687e-01 -2.594048e-01 0.000000e+00
    outer loop
      vertex   1.881915e+01 6.854775e+01 2.150000e+00
      vertex   1.885053e+01 6.866456e+01 2.150000e+00
      vertex   1.881915e+01 6.854775e+01 2.650000e+00
    endloop
  endfacet
  facet normal 9.657687e-01 -2.594048e-01 1.050884e-18
    outer loop
      vertex   1.881915e+01 6.854775e+01 2.650000e+00
      vertex   1.885053e+01 6.866456e+01 2.150000e+00
      vertex   1.885053e+01 6.866456e+01 2.650000e+00
    endloop
  endfacet
  facet normal 9.683488e-01 -2.496010e-01 0.000000e+00
    outer loop
      vertex   1.885053e+01 6.866456e+01 2.650000e+00
      vertex   1.885053e+01 6.866456e+01 2.150000e+00
      vertex   1.888072e+01 6.878167e+01 2.150000e+00
    endloop
  endfacet
  facet normal 9.683488e-01 -2.496010e-01 2.920090e-19
    outer loop
      vertex   1.885053e+01 6.866456e+01 2.650000e+00
      vertex   1.888072e+01 6.878167e+01 2.150000e+00
      vertex   1.888072e+01 6.878167e+01 2.650000e+00
    endloop
  endfacet
  facet normal 9.720681e-01 -2.346989e-01 0.000000e+00
    outer loop
      vertex   1.888072e+01 6.878167e+01 2.650000e+00
      vertex   1.888072e+01 6.878167e+01 2.150000e+00
      vertex   1.890910e+01 6.889924e+01 2.150000e+00
    endloop
  endfacet
  facet normal 9.720681e-01 -2.346989e-01 -1.717333e-19
    outer loop
      vertex   1.888072e+01 6.878167e+01 2.650000e+00
      vertex   1.890910e+01 6.889924e+01 2.150000e+00
      vertex   1.890910e+01 6.889924e+01 2.650000e+00
    endloop
  endfacet
  facet normal 9.740452e-01 -2.263534e-01 0.000000e+00
    outer loop
      vertex   1.890910e+01 6.889924e+01 2.650000e+00
      vertex   1.890910e+01 6.889924e+01 2.150000e+00
      vertex   1.893648e+01 6.901705e+01 2.150000e+00
    endloop
  endfacet
  facet normal 9.740452e-01 -2.263534e-01 -2.744488e-18
    outer loop
      vertex   1.890910e+01 6.889924e+01 2.650000e+00
      vertex   1.893648e+01 6.901705e+01 2.150000e+00
      vertex   1.893648e+01 6.901705e+01 2.650000e+00
    endloop
  endfacet
  facet normal -9.695359e-01 -2.449491e-01 0.000000e+00
    outer loop
      vertex   1.893648e+01 6.901705e+01 2.150000e+00
      vertex   1.896623e+01 6.889930e+01 2.150000e+00
      vertex   1.893648e+01 6.901705e+01 2.650000e+00
    endloop
  endfacet
  facet normal -9.695359e-01 -2.449491e-01 4.345016e-19
    outer loop
      vertex   1.893648e+01 6.901705e+01 2.650000e+00
      vertex   1.896623e+01 6.889930e+01 2.150000e+00
      vertex   1.896623e+01 6.889930e+01 2.650000e+00
    endloop
  endfacet
  facet normal -9.671288e-01 -2.542869e-01 -0.000000e+00
    outer loop
      vertex   1.896623e+01 6.889930e+01 2.650000e+00
      vertex   1.896623e+01 6.889930e+01 2.150000e+00
      vertex   1.899711e+01 6.878184e+01 2.150000e+00
    endloop
  endfacet
  facet normal -9.671288e-01 -2.542869e-01 -3.284377e-18
    outer loop
      vertex   1.896623e+01 6.889930e+01 2.650000e+00
      vertex   1.899711e+01 6.878184e+01 2.150000e+00
      vertex   1.899711e+01 6.878184e+01 2.650000e+00
    endloop
  endfacet
  facet normal -9.643854e-01 -2.645011e-01 -0.000000e+00
    outer loop
      vertex   1.899711e+01 6.878184e+01 2.650000e+00
      vertex   1.899711e+01 6.878184e+01 2.150000e+00
      vertex   1.902924e+01 6.866471e+01 2.150000e+00
    endloop
  endfacet
  facet normal -9.643854e-01 -2.645011e-01 1.895698e-18
    outer loop
      vertex   1.899711e+01 6.878184e+01 2.650000e+00
      vertex   1.902924e+01 6.866471e+01 2.150000e+00
      vertex   1.902924e+01 6.866471e+01 2.650000e+00
    endloop
  endfacet
  facet normal -9.629559e-01 -2.696589e-01 -0.000000e+00
    outer loop
      vertex   1.902924e+01 6.866471e+01 2.650000e+00
      vertex   1.902924e+01 6.866471e+01 2.150000e+00
      vertex   1.906199e+01 6.854775e+01 2.150000e+00
    endloop
  endfacet
  facet normal -9.629559e-01 -2.696589e-01 2.534515e-18
    outer loop
      vertex   1.902924e+01 6.866471e+01 2.650000e+00
      vertex   1.906199e+01 6.854775e+01 2.150000e+00
      vertex   1.906199e+01 6.854775e+01 2.650000e+00
    endloop
  endfacet
  facet normal -9.638017e-01 -2.666201e-01 0.000000e+00
    outer loop
      vertex   1.990510e+01 6.550000e+01 2.150000e+00
      vertex   1.990510e+01 6.550000e+01 2.650000e+00
      vertex   1.906199e+01 6.854775e+01 2.150000e+00
    endloop
  endfacet
  facet normal -9.638017e-01 -2.666201e-01 0.000000e+00
    outer loop
      vertex   1.906199e+01 6.854775e+01 2.150000e+00
      vertex   1.990510e+01 6.550000e+01 2.650000e+00
      vertex   1.906199e+01 6.854775e+01 2.650000e+00
    endloop
  endfacet
  facet normal -0.000000e+00 -1.000000e+00 0.000000e+00
    outer loop
      vertex   2.041533e+01 6.550000e+01 2.150000e+00
      vertex   2.041533e+01 6.550000e+01 2.650000e+00
      vertex   1.990510e+01 6.550000e+01 2.150000e+00
    endloop
  endfacet
  facet normal 0.000000e+00 -1.000000e+00 0.000000e+00
    outer loop
      vertex   1.990510e+01 6.550000e+01 2.150000e+00
      vertex   2.041533e+01 6.550000e+01 2.650000e+00
      vertex   1.990510e+01 6.550000e+01 2.650000e+00
    endloop
  endfacet
  facet normal 9.643986e-01 -2.644530e-01 0.000000e+00
    outer loop
      vertex   2.151220e+01 6.950000e+01 2.150000e+00
      vertex   2.151220e+01 6.950000e+01 2.650000e+00
      vertex   2.041533e+01 6.550000e+01 2.150000e+00
    endloop
  endfacet
  facet normal 9.643986e-01 -2.644530e-01 0.000000e+00
    outer loop
      vertex   2.041533e+01 6.550000e+01 2.150000e+00
      vertex   2.151220e+01 6.950000e+01 2.650000e+00
      vertex   2.041533e+01 6.550000e+01 2.650000e+00
    endloop
  endfacet
  facet normal 0.000000e+00 1.000000e+00 0.000000e+00
    outer loop
      vertex   2.098014e+01 6.950000e+01 2.150000e+00
      vertex   2.098014e+01 6.950000e+01 2.650000e+00
      vertex   2.151220e+01 6.950000e+01 2.150000e+00
    endloop
  endfacet
  facet normal 0.000000e+00 1.000000e+00 -0.000000e+00
    outer loop
      vertex   2.151220e+01 6.950000e+01 2.150000e+00
      vertex   2.098014e+01 6.950000e+01 2.650000e+00
      vertex   2.151220e+01 6.950000e+01 2.650000e+00
    endloop
  endfacet
  facet normal -9.714624e-01 2.371936e-01 0.000000e+00
    outer loop
      vertex   2.035258e+01 6.692974e+01 2.150000e+00
      vertex   2.035258e+01 6.692974e+01 2.650000e+00
      vertex   2.098014e+01 6.950000e+01 2.150000e+00
    endloop
  endfacet
  facet normal -9.714624e-01 2.371936e-01 0.000000e+00
    outer loop
      vertex   2.098014e+01 6.950000e+01 2.150000e+00
      vertex   2.035258e+01 6.692974e+01 2.650000e+00
      vertex   2.098014e+01 6.950000e+01 2.650000e+00
    endloop
  endfacet
  facet normal -9.712561e-01 2.380370e-01 0.000000e+00
    outer loop
      vertex   2.035258e+01 6.692974e+01 2.150000e+00
      vertex   2.029944e+01 6.671291e+01 2.150000e+00
      vertex   2.035258e+01 6.692974e+01 2.650000e+00
    endloop
  endfacet
  facet normal -9.712561e-01 2.380370e-01 4.029993e-18
    outer loop
      vertex   2.035258e+01 6.692974e+01 2.650000e+00
      vertex   2.029944e+01 6.671291e+01 2.150000e+00
      vertex   2.029944e+01 6.671291e+01 2.650000e+00
    endloop
  endfacet
  facet normal -9.731318e-01 2.302488e-01 0.000000e+00
    outer loop
      vertex   2.029944e+01 6.671291e+01 2.650000e+00
      vertex   2.029944e+01 6.671291e+01 2.150000e+00
      vertex   2.024804e+01 6.649567e+01 2.150000e+00
    endloop
  endfacet
  facet normal -9.731318e-01 2.302488e-01 -7.112341e-18
    outer loop
      vertex   2.029944e+01 6.671291e+01 2.650000e+00
      vertex   2.024804e+01 6.649567e+01 2.150000e+00
      vertex   2.024804e+01 6.649567e+01 2.650000e+00
    endloop
  endfacet
  facet normal -9.762952e-01 2.164435e-01 0.000000e+00
    outer loop
      vertex   2.024804e+01 6.649567e+01 2.650000e+00
      vertex   2.024804e+01 6.649567e+01 2.150000e+00
      vertex   2.019972e+01 6.627774e+01 2.150000e+00
    endloop
  endfacet
  facet normal -9.762952e-01 2.164435e-01 -5.137166e-18
    outer loop
      vertex   2.024804e+01 6.649567e+01 2.650000e+00
      vertex   2.019972e+01 6.627774e+01 2.150000e+00
      vertex   2.019972e+01 6.627774e+01 2.650000e+00
    endloop
  endfacet
  facet normal -9.782352e-01 2.074993e-01 0.000000e+00
    outer loop
      vertex   2.019972e+01 6.627774e+01 2.650000e+00
      vertex   2.019972e+01 6.627774e+01 2.150000e+00
      vertex   2.015340e+01 6.605935e+01 2.150000e+00
    endloop
  endfacet
  facet normal -9.782352e-01 2.074993e-01 -4.528697e-18
    outer loop
      vertex   2.019972e+01 6.627774e+01 2.650000e+00
      vertex   2.015340e+01 6.605935e+01 2.150000e+00
      vertex   2.015340e+01 6.605935e+01 2.650000e+00
    endloop
  endfacet
  facet normal 9.857119e-01 1.684402e-01 -0.000000e+00
    outer loop
      vertex   2.015340e+01 6.605935e+01 2.150000e+00
      vertex   2.009228e+01 6.641700e+01 2.150000e+00
      vertex   2.015340e+01 6.605935e+01 2.650000e+00
    endloop
  endfacet
  facet normal 9.857119e-01 1.684402e-01 6.732020e-18
    outer loop
      vertex   2.015340e+01 6.605935e+01 2.650000e+00
      vertex   2.009228e+01 6.641700e+01 2.150000e+00
      vertex   2.009228e+01 6.641700e+01 2.650000e+00
    endloop
  endfacet
  facet normal 9.809275e-01 1.943740e-01 0.000000e+00
    outer loop
      vertex   2.009228e+01 6.641700e+01 2.650000e+00
      vertex   2.009228e+01 6.641700e+01 2.150000e+00
      vertex   2.002181e+01 6.677262e+01 2.150000e+00
    endloop
  endfacet
  facet normal 9.809275e-01 1.943740e-01 -8.543057e-18
    outer loop
      vertex   2.009228e+01 6.641700e+01 2.650000e+00
      vertex   2.002181e+01 6.677262e+01 2.150000e+00
      vertex   2.002181e+01 6.677262e+01 2.650000e+00
    endloop
  endfacet
  facet normal 9.718558e-01 2.355764e-01 0.000000e+00
    outer loop
      vertex   2.002181e+01 6.677262e+01 2.650000e+00
      vertex   2.002181e+01 6.677262e+01 2.150000e+00
      vertex   1.993640e+01 6.712498e+01 2.150000e+00
    endloop
  endfacet
  facet normal 9.718558e-01 2.355764e-01 -9.162645e-18
    outer loop
      vertex   2.002181e+01 6.677262e+01 2.650000e+00
      vertex   1.993640e+01 6.712498e+01 2.150000e+00
      vertex   1.993640e+01 6.712498e+01 2.650000e+00
    endloop
  endfacet
  facet normal 9.658232e-01 2.592016e-01 0.000000e+00
    outer loop
      vertex   1.993640e+01 6.712498e+01 2.650000e+00
      vertex   1.993640e+01 6.712498e+01 2.150000e+00
      vertex   1.984235e+01 6.747544e+01 2.150000e+00
    endloop
  endfacet
  facet normal 9.658232e-01 2.592016e-01 9.555264e-18
    outer loop
      vertex   1.993640e+01 6.712498e+01 2.650000e+00
      vertex   1.984235e+01 6.747544e+01 2.150000e+00
      vertex   1.984235e+01 6.747544e+01 2.650000e+00
    endloop
  endfacet
  facet normal 9.622061e-01 2.723224e-01 -0.000000e+00
    outer loop
      vertex   1.926936e+01 6.950000e+01 2.150000e+00
      vertex   1.926936e+01 6.950000e+01 2.650000e+00
      vertex   1.984235e+01 6.747544e+01 2.150000e+00
    endloop
  endfacet
  facet normal 9.622061e-01 2.723224e-01 -0.000000e+00
    outer loop
      vertex   1.984235e+01 6.747544e+01 2.150000e+00
      vertex   1.926936e+01 6.950000e+01 2.650000e+00
      vertex   1.984235e+01 6.747544e+01 2.650000e+00
    endloop
  endfacet
  facet normal 0.000000e+00 1.000000e+00 0.000000e+00
    outer loop
      vertex   1.863089e+01 6.950000e+01 2.150000e+00
      vertex   1.863089e+01 6.950000e+01 2.650000e+00
      vertex   1.926936e+01 6.950000e+01 2.150000e+00
    endloop
  endfacet
  facet normal 0.000000e+00 1.000000e+00 -0.000000e+00
    outer loop
      vertex   1.926936e+01 6.950000e+01 2.150000e+00
      vertex   1.863089e+01 6.950000e+01 2.650000e+00
      vertex   1.926936e+01 6.950000e+01 2.650000e+00
    endloop
  endfacet
  facet normal -9.625083e-01 2.712523e-01 0.000000e+00
    outer loop
      vertex   1.786963e+01 6.679877e+01 2.150000e+00
      vertex   1.786963e+01 6.679877e+01 2.650000e+00
      vertex   1.863089e+01 6.950000e+01 2.150000e+00
    endloop
  endfacet
  facet normal -9.625083e-01 2.712523e-01 0.000000e+00
    outer loop
      vertex   1.863089e+01 6.950000e+01 2.150000e+00
      vertex   1.786963e+01 6.679877e+01 2.650000e+00
      vertex   1.863089e+01 6.950000e+01 2.650000e+00
    endloop
  endfacet
  facet normal -9.698314e-01 2.437768e-01 0.000000e+00
    outer loop
      vertex   1.786963e+01 6.679877e+01 2.150000e+00
      vertex   1.782325e+01 6.661425e+01 2.150000e+00
      vertex   1.786963e+01 6.679877e+01 2.650000e+00
    endloop
  endfacet
  facet normal -9.698314e-01 2.437768e-01 -5.488323e-18
    outer loop
      vertex   1.786963e+01 6.679877e+01 2.650000e+00
      vertex   1.782325e+01 6.661425e+01 2.150000e+00
      vertex   1.782325e+01 6.661425e+01 2.650000e+00
    endloop
  endfacet
  facet normal -9.711107e-01 2.386296e-01 0.000000e+00
    outer loop
      vertex   1.782325e+01 6.661425e+01 2.650000e+00
      vertex   1.782325e+01 6.661425e+01 2.150000e+00
      vertex   1.777785e+01 6.642949e+01 2.150000e+00
    endloop
  endfacet
  facet normal -9.711107e-01 2.386296e-01 -1.316727e-18
    outer loop
      vertex   1.782325e+01 6.661425e+01 2.650000e+00
      vertex   1.777785e+01 6.642949e+01 2.150000e+00
      vertex   1.777785e+01 6.642949e+01 2.650000e+00
    endloop
  endfacet
  facet normal -9.723889e-01 2.333664e-01 0.000000e+00
    outer loop
      vertex   1.777785e+01 6.642949e+01 2.650000e+00
      vertex   1.777785e+01 6.642949e+01 2.150000e+00
      vertex   1.773345e+01 6.624448e+01 2.150000e+00
    endloop
  endfacet
  facet normal -9.723889e-01 2.333664e-01 -3.626144e-18
    outer loop
      vertex   1.777785e+01 6.642949e+01 2.650000e+00
      vertex   1.773345e+01 6.624448e+01 2.150000e+00
      vertex   1.773345e+01 6.624448e+01 2.650000e+00
    endloop
  endfacet
  facet normal -9.730204e-01 2.307190e-01 0.000000e+00
    outer loop
      vertex   1.773345e+01 6.624448e+01 2.650000e+00
      vertex   1.773345e+01 6.624448e+01 2.150000e+00
      vertex   1.768955e+01 6.605935e+01 2.150000e+00
    endloop
  endfacet
  facet normal -9.730204e-01 2.307190e-01 4.256000e-18
    outer loop
      vertex   1.773345e+01 6.624448e+01 2.650000e+00
      vertex   1.768955e+01 6.605935e+01 2.150000e+00
      vertex   1.768955e+01 6.605935e+01 2.650000e+00
    endloop
  endfacet
  facet normal 9.833580e-01 1.816782e-01 -0.000000e+00
    outer loop
      vertex   1.768955e+01 6.605935e+01 2.150000e+00
      vertex   1.765158e+01 6.626488e+01 2.150000e+00
      vertex   1.768955e+01 6.605935e+01 2.650000e+00
    endloop
  endfacet
  facet normal 9.833580e-01 1.816782e-01 -2.907150e-18
    outer loop
      vertex   1.768955e+01 6.605935e+01 2.650000e+00
      vertex   1.765158e+01 6.626488e+01 2.150000e+00
      vertex   1.765158e+01 6.626488e+01 2.650000e+00
    endloop
  endfacet
  facet normal 9.811911e-01 1.930388e-01 0.000000e+00
    outer loop
      vertex   1.765158e+01 6.626488e+01 2.650000e+00
      vertex   1.765158e+01 6.626488e+01 2.150000e+00
      vertex   1.761124e+01 6.646992e+01 2.150000e+00
    endloop
  endfacet
  facet normal 9.811911e-01 1.930388e-01 2.389005e-18
    outer loop
      vertex   1.765158e+01 6.626488e+01 2.650000e+00
      vertex   1.761124e+01 6.646992e+01 2.150000e+00
      vertex   1.761124e+01 6.646992e+01 2.650000e+00
    endloop
  endfacet
  facet normal 9.773141e-01 2.117953e-01 0.000000e+00
    outer loop
      vertex   1.761124e+01 6.646992e+01 2.650000e+00
      vertex   1.761124e+01 6.646992e+01 2.150000e+00
      vertex   1.756698e+01 6.667415e+01 2.150000e+00
    endloop
  endfacet
  facet normal 9.773141e-01 2.117953e-01 -5.219604e-18
    outer loop
      vertex   1.761124e+01 6.646992e+01 2.650000e+00
      vertex   1.756698e+01 6.667415e+01 2.150000e+00
      vertex   1.756698e+01 6.667415e+01 2.650000e+00
    endloop
  endfacet
  facet normal 9.748326e-01 2.229382e-01 0.000000e+00
    outer loop
      vertex   1.756698e+01 6.667415e+01 2.650000e+00
      vertex   1.756698e+01 6.667415e+01 2.150000e+00
      vertex   1.752038e+01 6.687790e+01 2.150000e+00
    endloop
  endfacet
  facet normal 9.748326e-01 2.229382e-01 -4.109651e-18
    outer loop
      vertex   1.756698e+01 6.667415e+01 2.650000e+00
      vertex   1.752038e+01 6.687790e+01 2.150000e+00
      vertex   1.752038e+01 6.687790e+01 2.650000e+00
    endloop
  endfacet
  facet normal 9.741171e-01 2.260438e-01 -0.000000e+00
    outer loop
      vertex   1.691192e+01 6.950000e+01 2.150000e+00
      vertex   1.691192e+01 6.950000e+01 2.650000e+00
      vertex   1.752038e+01 6.687790e+01 2.150000e+00
    endloop
  endfacet
  facet normal 9.741171e-01 2.260438e-01 -0.000000e+00
    outer loop
      vertex   1.752038e+01 6.687790e+01 2.150000e+00
      vertex   1.691192e+01 6.950000e+01 2.650000e+00
      vertex   1.752038e+01 6.687790e+01 2.650000e+00
    endloop
  endfacet
  facet normal 0.000000e+00 1.000000e+00 0.000000e+00
    outer loop
      vertex   1.636895e+01 6.950000e+01 2.150000e+00
      vertex   1.636895e+01 6.950000e+01 2.650000e+00
      vertex   1.691192e+01 6.950000e+01 2.150000e+00
    endloop
  endfacet
  facet normal 0.000000e+00 1.000000e+00 -0.000000e+00
    outer loop
      vertex   1.691192e+01 6.950000e+01 2.150000e+00
      vertex   1.636895e+01 6.950000e+01 2.650000e+00
      vertex   1.691192e+01 6.950000e+01 2.650000e+00
    endloop
  endfacet
  facet normal -9.665516e-01 -2.564724e-01 0.000000e+00
    outer loop
      vertex   1.743034e+01 6.550000e+01 2.150000e+00
      vertex   1.743034e+01 6.550000e+01 2.650000e+00
      vertex   1.636895e+01 6.950000e+01 2.150000e+00
    endloop
  endfacet
  facet normal -9.665516e-01 -2.564724e-01 0.000000e+00
    outer loop
      vertex   1.636895e+01 6.950000e+01 2.150000e+00
      vertex   1.743034e+01 6.550000e+01 2.650000e+00
      vertex   1.636895e+01 6.950000e+01 2.650000e+00
    endloop
  endfacet
  facet normal 0.000000e+00 0.000000e+00 1.000000e+00
    outer loop
      vertex   2.966226e+01 6.597203e+01 2.650000e+00
      vertex   2.770046e+01 6.597203e+01 2.650000e+00
      vertex   2.966226e+01 6.550000e+01 2.650000e+00
    endloop
  endfacet
  facet normal -1.679656e-16 -6.980767e-16 1.000000e+00
    outer loop
      vertex   2.966226e+01 6.550000e+01 2.650000e+00
      vertex   2.770046e+01 6.597203e+01 2.650000e+00
      vertex   2.701833e+01 6.550000e+01 2.650000e+00
    endloop
  endfacet
  facet normal 2.930492e-15 -5.175619e-15 1.000000e+00
    outer loop
      vertex   2.701833e+01 6.550000e+01 2.650000e+00
      vertex   2.770046e+01 6.597203e+01 2.650000e+00
      vertex   2.702088e+01 6.558725e+01 2.650000e+00
    endloop
  endfacet
  facet normal 0.000000e+00 0.000000e+00 1.000000e+00
    outer loop
      vertex   2.702088e+01 6.558725e+01 2.650000e+00
      vertex   2.770046e+01 6.597203e+01 2.650000e+00
      vertex   2.702984e+01 6.567342e+01 2.650000e+00
    endloop
  endfacet
  facet normal 2.615445e-15 -5.873676e-15 1.000000e+00
    outer loop
      vertex   2.702984e+01 6.567342e+01 2.650000e+00
      vertex   2.770046e+01 6.597203e+01 2.650000e+00
      vertex   2.704951e+01 6.575778e+01 2.650000e+00
    endloop
  endfacet
  facet normal -1.196364e-15 5.707651e-15 1.000000e+00
    outer loop
      vertex   2.704951e+01 6.575778e+01 2.650000e+00
      vertex   2.770046e+01 6.597203e+01 2.650000e+00
      vertex   2.707563e+01 6.584106e+01 2.650000e+00
    endloop
  endfacet
  facet normal 0.000000e+00 0.000000e+00 1.000000e+00
    outer loop
      vertex   2.707563e+01 6.584106e+01 2.650000e+00
      vertex   2.770046e+01 6.597203e+01 2.650000e+00
      vertex   2.714014e+01 6.598367e+01 2.650000e+00
    endloop
  endfacet
  facet normal -0.000000e+00 0.000000e+00 1.000000e+00
    outer loop
      vertex   2.714014e+01 6.598367e+01 2.650000e+00
      vertex   2.770046e+01 6.597203e+01 2.650000e+00
      vertex   2.721366e+01 6.612086e+01 2.650000e+00
    endloop
  endfacet
  facet normal 8.733590e-16 2.856587e-15 1.000000e+00
    outer loop
      vertex   2.721366e+01 6.612086e+01 2.650000e+00
      vertex   2.770046e+01 6.597203e+01 2.650000e+00
      vertex   2.730151e+01 6.624947e+01 2.650000e+00
    endloop
  endfacet
  facet normal -2.343916e-15 -1.769892e-15 1.000000e+00
    outer loop
      vertex   2.730151e+01 6.624947e+01 2.650000e+00
      vertex   2.770046e+01 6.597203e+01 2.650000e+00
      vertex   2.739760e+01 6.637312e+01 2.650000e+00
    endloop
  endfacet
  facet normal -0.000000e+00 0.000000e+00 1.000000e+00
    outer loop
      vertex   2.739760e+01 6.637312e+01 2.650000e+00
      vertex   2.770046e+01 6.597203e+01 2.650000e+00
      vertex   2.754933e+01 6.653430e+01 2.650000e+00
    endloop
  endfacet
  facet normal 0.000000e+00 0.000000e+00 1.000000e+00
    outer loop
      vertex   2.754933e+01 6.653430e+01 2.650000e+00
      vertex   2.770046e+01 6.597203e+01 2.650000e+00
      vertex   2.774737e+01 6.604205e+01 2.650000e+00
    endloop
  endfacet
  facet normal 0.000000e+00 0.000000e+00 1.000000e+00
    outer loop
      vertex   2.754933e+01 6.653430e+01 2.650000e+00
      vertex   2.774737e+01 6.604205e+01 2.650000e+00
      vertex   2.779704e+01 6.610991e+01 2.650000e+00
    endloop
  endfacet
  facet normal 0.000000e+00 -0.000000e+00 1.000000e+00
    outer loop
      vertex   2.779704e+01 6.610991e+01 2.650000e+00
      vertex   2.785115e+01 6.617431e+01 2.650000e+00
      vertex   2.754933e+01 6.653430e+01 2.650000e+00
    endloop
  endfacet
  facet normal -0.000000e+00 0.000000e+00 1.000000e+00
    outer loop
      vertex   2.754933e+01 6.653430e+01 2.650000e+00
      vertex   2.785115e+01 6.617431e+01 2.650000e+00
      vertex   2.770656e+01 6.668968e+01 2.650000e+00
    endloop
  endfacet
  facet normal 0.000000e+00 0.000000e+00 1.000000e+00
    outer loop
      vertex   2.770656e+01 6.668968e+01 2.650000e+00
      vertex   2.785115e+01 6.617431e+01 2.650000e+00
      vertex   2.790783e+01 6.623670e+01 2.650000e+00
    endloop
  endfacet
  facet normal -0.000000e+00 0.000000e+00 1.000000e+00
    outer loop
      vertex   2.770656e+01 6.668968e+01 2.650000e+00
      vertex   2.790783e+01 6.623670e+01 2.650000e+00
      vertex   2.787184e+01 6.683659e+01 2.650000e+00
    endloop
  endfacet
  facet normal 0.000000e+00 0.000000e+00 1.000000e+00
    outer loop
      vertex   2.787184e+01 6.683659e+01 2.650000e+00
      vertex   2.790783e+01 6.623670e+01 2.650000e+00
      vertex   2.804539e+01 6.636769e+01 2.650000e+00
    endloop
  endfacet
  facet normal 0.000000e+00 0.000000e+00 1.000000e+00
    outer loop
      vertex   2.787184e+01 6.683659e+01 2.650000e+00
      vertex   2.804539e+01 6.636769e+01 2.650000e+00
      vertex   2.818584e+01 6.649548e+01 2.650000e+00
    endloop
  endfacet
  facet normal -0.000000e+00 0.000000e+00 1.000000e+00
    outer loop
      vertex   2.787184e+01 6.683659e+01 2.650000e+00
      vertex   2.818584e+01 6.649548e+01 2.650000e+00
      vertex   2.804153e+01 6.697885e+01 2.650000e+00
    endloop
  endfacet
  facet normal 0.000000e+00 0.000000e+00 1.000000e+00
    outer loop
      vertex   2.804153e+01 6.697885e+01 2.650000e+00
      vertex   2.818584e+01 6.649548e+01 2.650000e+00
      vertex   2.832972e+01 6.661945e+01 2.650000e+00
    endloop
  endfacet
  facet normal -0.000000e+00 0.000000e+00 1.000000e+00
    outer loop
      vertex   2.804153e+01 6.697885e+01 2.650000e+00
      vertex   2.832972e+01 6.661945e+01 2.650000e+00
      vertex   2.827736e+01 6.717449e+01 2.650000e+00
    endloop
  endfacet
  facet normal 0.000000e+00 0.000000e+00 1.000000e+00
    outer loop
      vertex   2.827736e+01 6.717449e+01 2.650000e+00
      vertex   2.832972e+01 6.661945e+01 2.650000e+00
      vertex   2.847536e+01 6.674147e+01 2.650000e+00
    endloop
  endfacet
  facet normal -0.000000e+00 0.000000e+00 1.000000e+00
    outer loop
      vertex   2.827736e+01 6.717449e+01 2.650000e+00
      vertex   2.847536e+01 6.674147e+01 2.650000e+00
      vertex   2.850567e+01 6.737781e+01 2.650000e+00
    endloop
  endfacet
  facet normal 0.000000e+00 0.000000e+00 1.000000e+00
    outer loop
      vertex   2.850567e+01 6.737781e+01 2.650000e+00
      vertex   2.847536e+01 6.674147e+01 2.650000e+00
      vertex   2.867201e+01 6.690929e+01 2.650000e+00
    endloop
  endfacet
  facet normal 0.000000e+00 0.000000e+00 1.000000e+00
    outer loop
      vertex   2.850567e+01 6.737781e+01 2.650000e+00
      vertex   2.867201e+01 6.690929e+01 2.650000e+00
      vertex   2.886488e+01 6.708111e+01 2.650000e+00
    endloop
  endfacet
  facet normal -0.000000e+00 0.000000e+00 1.000000e+00
    outer loop
      vertex   2.850567e+01 6.737781e+01 2.650000e+00
      vertex   2.886488e+01 6.708111e+01 2.650000e+00
      vertex   2.871967e+01 6.759572e+01 2.650000e+00
    endloop
  endfacet
  facet normal 0.000000e+00 0.000000e+00 1.000000e+00
    outer loop
      vertex   2.871967e+01 6.759572e+01 2.650000e+00
      vertex   2.886488e+01 6.708111e+01 2.650000e+00
      vertex   2.905065e+01 6.726048e+01 2.650000e+00
    endloop
  endfacet
  facet normal -0.000000e+00 0.000000e+00 1.000000e+00
    outer loop
      vertex   2.871967e+01 6.759572e+01 2.650000e+00
      vertex   2.905065e+01 6.726048e+01 2.650000e+00
      vertex   2.892284e+01 6.782469e+01 2.650000e+00
    endloop
  endfacet
  facet normal 0.000000e+00 0.000000e+00 1.000000e+00
    outer loop
      vertex   2.892284e+01 6.782469e+01 2.650000e+00
      vertex   2.905065e+01 6.726048e+01 2.650000e+00
      vertex   2.923116e+01 6.744543e+01 2.650000e+00
    endloop
  endfacet
  facet normal -0.000000e+00 0.000000e+00 1.000000e+00
    outer loop
      vertex   2.892284e+01 6.782469e+01 2.650000e+00
      vertex   2.923116e+01 6.744543e+01 2.650000e+00
      vertex   2.901196e+01 6.796091e+01 2.650000e+00
    endloop
  endfacet
  facet normal 3.096366e-15 1.316645e-15 1.000000e+00
    outer loop
      vertex   2.901196e+01 6.796091e+01 2.650000e+00
      vertex   2.923116e+01 6.744543e+01 2.650000e+00
      vertex   2.932643e+01 6.755866e+01 2.650000e+00
    endloop
  endfacet
  facet normal 8.536530e-16 -4.366445e-16 1.000000e+00
    outer loop
      vertex   2.901196e+01 6.796091e+01 2.650000e+00
      vertex   2.932643e+01 6.755866e+01 2.650000e+00
      vertex   2.908474e+01 6.810319e+01 2.650000e+00
    endloop
  endfacet
  facet normal -2.474620e-15 -1.913905e-15 1.000000e+00
    outer loop
      vertex   2.908474e+01 6.810319e+01 2.650000e+00
      vertex   2.932643e+01 6.755866e+01 2.650000e+00
      vertex   2.941477e+01 6.767647e+01 2.650000e+00
    endloop
  endfacet
  facet normal 0.000000e+00 0.000000e+00 1.000000e+00
    outer loop
      vertex   2.908474e+01 6.810319e+01 2.650000e+00
      vertex   2.941477e+01 6.767647e+01 2.650000e+00
      vertex   2.949073e+01 6.780247e+01 2.650000e+00
    endloop
  endfacet
  facet normal 1.774957e-15 2.396300e-15 1.000000e+00
    outer loop
      vertex   2.908474e+01 6.810319e+01 2.650000e+00
      vertex   2.949073e+01 6.780247e+01 2.650000e+00
      vertex   2.912814e+01 6.825637e+01 2.650000e+00
    endloop
  endfacet
  facet normal -7.438401e-16 3.841802e-16 1.000000e+00
    outer loop
      vertex   2.912814e+01 6.825637e+01 2.650000e+00
      vertex   2.949073e+01 6.780247e+01 2.650000e+00
      vertex   2.955858e+01 6.793383e+01 2.650000e+00
    endloop
  endfacet
  facet normal -8.137499e-16 2.908823e-16 1.000000e+00
    outer loop
      vertex   2.912814e+01 6.825637e+01 2.650000e+00
      vertex   2.955858e+01 6.793383e+01 2.650000e+00
      vertex   2.959955e+01 6.804845e+01 2.650000e+00
    endloop
  endfacet
  facet normal -2.029771e-15 -2.466141e-15 1.000000e+00
    outer loop
      vertex   2.912814e+01 6.825637e+01 2.650000e+00
      vertex   2.959955e+01 6.804845e+01 2.650000e+00
      vertex   2.915203e+01 6.841678e+01 2.650000e+00
    endloop
  endfacet
  facet normal 0.000000e+00 0.000000e+00 1.000000e+00
    outer loop
      vertex   2.915203e+01 6.841678e+01 2.650000e+00
      vertex   2.959955e+01 6.804845e+01 2.650000e+00
      vertex   2.963165e+01 6.816490e+01 2.650000e+00
    endloop
  endfacet
  facet normal 0.000000e+00 0.000000e+00 1.000000e+00
    outer loop
      vertex   2.915203e+01 6.841678e+01 2.650000e+00
      vertex   2.963165e+01 6.816490e+01 2.650000e+00
      vertex   2.964877e+01 6.828444e+01 2.650000e+00
    endloop
  endfacet
  facet normal 0.000000e+00 -0.000000e+00 1.000000e+00
    outer loop
      vertex   2.964877e+01 6.828444e+01 2.650000e+00
      vertex   2.965681e+01 6.840587e+01 2.650000e+00
      vertex   2.915203e+01 6.841678e+01 2.650000e+00
    endloop
  endfacet
  facet normal -0.000000e+00 0.000000e+00 1.000000e+00
    outer loop
      vertex   2.915203e+01 6.841678e+01 2.650000e+00
      vertex   2.965681e+01 6.840587e+01 2.650000e+00
      vertex   2.963112e+01 6.862845e+01 2.650000e+00
    endloop
  endfacet
  facet normal -1.348500e-15 3.052116e-15 1.000000e+00
    outer loop
      vertex   2.915203e+01 6.841678e+01 2.650000e+00
      vertex   2.963112e+01 6.862845e+01 2.650000e+00
      vertex   2.913577e+01 6.855510e+01 2.650000e+00
    endloop
  endfacet
  facet normal -8.615383e-16 -2.361260e-16 1.000000e+00
    outer loop
      vertex   2.913577e+01 6.855510e+01 2.650000e+00
      vertex   2.963112e+01 6.862845e+01 2.650000e+00
      vertex   2.957380e+01 6.883758e+01 2.650000e+00
    endloop
  endfacet
  facet normal -7.339576e-16 -4.339591e-16 1.000000e+00
    outer loop
      vertex   2.913577e+01 6.855510e+01 2.650000e+00
      vertex   2.957380e+01 6.883758e+01 2.650000e+00
      vertex   2.946349e+01 6.902416e+01 2.650000e+00
    endloop
  endfacet
  facet normal 2.533959e-15 -2.717159e-15 1.000000e+00
    outer loop
      vertex   2.913577e+01 6.855510e+01 2.650000e+00
      vertex   2.946349e+01 6.902416e+01 2.650000e+00
      vertex   2.909976e+01 6.868495e+01 2.650000e+00
    endloop
  endfacet
  facet normal 0.000000e+00 0.000000e+00 1.000000e+00
    outer loop
      vertex   2.909976e+01 6.868495e+01 2.650000e+00
      vertex   2.946349e+01 6.902416e+01 2.650000e+00
      vertex   2.932120e+01 6.919714e+01 2.650000e+00
    endloop
  endfacet
  facet normal 0.000000e+00 -0.000000e+00 1.000000e+00
    outer loop
      vertex   2.909976e+01 6.868495e+01 2.650000e+00
      vertex   2.932120e+01 6.919714e+01 2.650000e+00
      vertex   2.903077e+01 6.880068e+01 2.650000e+00
    endloop
  endfacet
  facet normal 0.000000e+00 0.000000e+00 1.000000e+00
    outer loop
      vertex   2.903077e+01 6.880068e+01 2.650000e+00
      vertex   2.932120e+01 6.919714e+01 2.650000e+00
      vertex   2.911618e+01 6.933965e+01 2.650000e+00
    endloop
  endfacet
  facet normal 0.000000e+00 -0.000000e+00 1.000000e+00
    outer loop
      vertex   2.903077e+01 6.880068e+01 2.650000e+00
      vertex   2.911618e+01 6.933965e+01 2.650000e+00
      vertex   2.894194e+01 6.890791e+01 2.650000e+00
    endloop
  endfacet
  facet normal 0.000000e+00 -0.000000e+00 1.000000e+00
    outer loop
      vertex   2.894194e+01 6.890791e+01 2.650000e+00
      vertex   2.911618e+01 6.933965e+01 2.650000e+00
      vertex   2.889814e+01 6.944637e+01 2.650000e+00
    endloop
  endfacet
  facet normal 0.000000e+00 0.000000e+00 1.000000e+00
    outer loop
      vertex   2.894194e+01 6.890791e+01 2.650000e+00
      vertex   2.889814e+01 6.944637e+01 2.650000e+00
      vertex   2.882071e+01 6.899644e+01 2.650000e+00
    endloop
  endfacet
  facet normal 0.000000e+00 -0.000000e+00 1.000000e+00
    outer loop
      vertex   2.882071e+01 6.899644e+01 2.650000e+00
      vertex   2.889814e+01 6.944637e+01 2.650000e+00
      vertex   2.869131e+01 6.906356e+01 2.650000e+00
    endloop
  endfacet
  facet normal 0.000000e+00 -0.000000e+00 1.000000e+00
    outer loop
      vertex   2.869131e+01 6.906356e+01 2.650000e+00
      vertex   2.889814e+01 6.944637e+01 2.650000e+00
      vertex   2.865978e+01 6.949724e+01 2.650000e+00
    endloop
  endfacet
  facet normal -3.171694e-15 -2.306006e-16 1.000000e+00
    outer loop
      vertex   2.869131e+01 6.906356e+01 2.650000e+00
      vertex   2.865978e+01 6.949724e+01 2.650000e+00
      vertex   2.854890e+01 6.909655e+01 2.650000e+00
    endloop
  endfacet
  facet normal -8.307703e-17 -1.085318e-15 1.000000e+00
    outer loop
      vertex   2.854890e+01 6.909655e+01 2.650000e+00
      vertex   2.865978e+01 6.949724e+01 2.650000e+00
      vertex   2.840988e+01 6.951637e+01 2.650000e+00
    endloop
  endfacet
  facet normal 2.954885e-15 -7.932257e-17 1.000000e+00
    outer loop
      vertex   2.854890e+01 6.909655e+01 2.650000e+00
      vertex   2.840988e+01 6.951637e+01 2.650000e+00
      vertex   2.839896e+01 6.910982e+01 2.650000e+00
    endloop
  endfacet
  facet normal -2.832860e-15 7.604685e-17 1.000000e+00
    outer loop
      vertex   2.839896e+01 6.910982e+01 2.650000e+00
      vertex   2.840988e+01 6.951637e+01 2.650000e+00
      vertex   2.824183e+01 6.909614e+01 2.650000e+00
    endloop
  endfacet
  facet normal -1.776780e-15 -3.462610e-16 1.000000e+00
    outer loop
      vertex   2.824183e+01 6.909614e+01 2.650000e+00
      vertex   2.840988e+01 6.951637e+01 2.650000e+00
      vertex   2.816333e+01 6.949895e+01 2.650000e+00
    endloop
  endfacet
  facet normal 2.850159e-15 5.554423e-16 1.000000e+00
    outer loop
      vertex   2.824183e+01 6.909614e+01 2.650000e+00
      vertex   2.816333e+01 6.949895e+01 2.650000e+00
      vertex   2.809275e+01 6.906158e+01 2.650000e+00
    endloop
  endfacet
  facet normal 1.731661e-15 7.359311e-16 1.000000e+00
    outer loop
      vertex   2.809275e+01 6.906158e+01 2.650000e+00
      vertex   2.816333e+01 6.949895e+01 2.650000e+00
      vertex   2.792691e+01 6.945182e+01 2.650000e+00
    endloop
  endfacet
  facet normal 0.000000e+00 0.000000e+00 1.000000e+00
    outer loop
      vertex   2.809275e+01 6.906158e+01 2.650000e+00
      vertex   2.792691e+01 6.945182e+01 2.650000e+00
      vertex   2.795768e+01 6.899073e+01 2.650000e+00
    endloop
  endfacet
  facet normal 0.000000e+00 0.000000e+00 1.000000e+00
    outer loop
      vertex   2.795768e+01 6.899073e+01 2.650000e+00
      vertex   2.792691e+01 6.945182e+01 2.650000e+00
      vertex   2.770834e+01 6.935228e+01 2.650000e+00
    endloop
  endfacet
  facet normal 0.000000e+00 0.000000e+00 1.000000e+00
    outer loop
      vertex   2.795768e+01 6.899073e+01 2.650000e+00
      vertex   2.770834e+01 6.935228e+01 2.650000e+00
      vertex   2.783143e+01 6.889700e+01 2.650000e+00
    endloop
  endfacet
  facet normal 0.000000e+00 0.000000e+00 1.000000e+00
    outer loop
      vertex   2.783143e+01 6.889700e+01 2.650000e+00
      vertex   2.770834e+01 6.935228e+01 2.650000e+00
      vertex   2.750128e+01 6.921896e+01 2.650000e+00
    endloop
  endfacet
  facet normal 0.000000e+00 0.000000e+00 1.000000e+00
    outer loop
      vertex   2.783143e+01 6.889700e+01 2.650000e+00
      vertex   2.750128e+01 6.921896e+01 2.650000e+00
      vertex   2.773597e+01 6.876547e+01 2.650000e+00
    endloop
  endfacet
  facet normal 0.000000e+00 0.000000e+00 1.000000e+00
    outer loop
      vertex   2.773597e+01 6.876547e+01 2.650000e+00
      vertex   2.750128e+01 6.921896e+01 2.650000e+00
      vertex   2.734452e+01 6.903190e+01 2.650000e+00
    endloop
  endfacet
  facet normal 0.000000e+00 0.000000e+00 1.000000e+00
    outer loop
      vertex   2.773597e+01 6.876547e+01 2.650000e+00
      vertex   2.734452e+01 6.903190e+01 2.650000e+00
      vertex   2.766428e+01 6.862489e+01 2.650000e+00
    endloop
  endfacet
  facet normal 0.000000e+00 0.000000e+00 1.000000e+00
    outer loop
      vertex   2.766428e+01 6.862489e+01 2.650000e+00
      vertex   2.734452e+01 6.903190e+01 2.650000e+00
      vertex   2.722170e+01 6.882890e+01 2.650000e+00
    endloop
  endfacet
  facet normal 0.000000e+00 0.000000e+00 1.000000e+00
    outer loop
      vertex   2.766428e+01 6.862489e+01 2.650000e+00
      vertex   2.722170e+01 6.882890e+01 2.650000e+00
      vertex   2.762958e+01 6.847026e+01 2.650000e+00
    endloop
  endfacet
  facet normal 0.000000e+00 0.000000e+00 1.000000e+00
    outer loop
      vertex   2.762958e+01 6.847026e+01 2.650000e+00
      vertex   2.722170e+01 6.882890e+01 2.650000e+00
      vertex   2.715149e+01 6.860119e+01 2.650000e+00
    endloop
  endfacet
  facet normal 0.000000e+00 0.000000e+00 1.000000e+00
    outer loop
      vertex   2.762958e+01 6.847026e+01 2.650000e+00
      vertex   2.715149e+01 6.860119e+01 2.650000e+00
      vertex   2.761588e+01 6.830764e+01 2.650000e+00
    endloop
  endfacet
  facet normal 0.000000e+00 0.000000e+00 1.000000e+00
    outer loop
      vertex   2.761588e+01 6.830764e+01 2.650000e+00
      vertex   2.715149e+01 6.860119e+01 2.650000e+00
      vertex   2.711110e+01 6.835948e+01 2.650000e+00
    endloop
  endfacet
  facet normal -7.243780e-15 1.000000e+00 0.000000e+00
    outer loop
      vertex   2.770046e+01 6.597203e+01 2.150000e+00
      vertex   2.770046e+01 6.597203e+01 2.650000e+00
      vertex   2.966226e+01 6.597203e+01 2.150000e+00
    endloop
  endfacet
  facet normal -7.243780e-15 1.000000e+00 0.000000e+00
    outer loop
      vertex   2.966226e+01 6.597203e+01 2.150000e+00
      vertex   2.770046e+01 6.597203e+01 2.650000e+00
      vertex   2.966226e+01 6.597203e+01 2.650000e+00
    endloop
  endfacet
  facet normal 8.308333e-01 -5.565213e-01 0.000000e+00
    outer loop
      vertex   2.770046e+01 6.597203e+01 2.150000e+00
      vertex   2.774737e+01 6.604205e+01 2.150000e+00
      vertex   2.770046e+01 6.597203e+01 2.650000e+00
    endloop
  endfacet
  facet normal 8.308333e-01 -5.565213e-01 3.064659e-18
    outer loop
      vertex   2.770046e+01 6.597203e+01 2.650000e+00
      vertex   2.774737e+01 6.604205e+01 2.150000e+00
      vertex   2.774737e+01 6.604205e+01 2.650000e+00
    endloop
  endfacet
  facet normal 8.069283e-01 -5.906494e-01 0.000000e+00
    outer loop
      vertex   2.774737e+01 6.604205e+01 2.650000e+00
      vertex   2.774737e+01 6.604205e+01 2.150000e+00
      vertex   2.779704e+01 6.610991e+01 2.150000e+00
    endloop
  endfacet
  facet normal 8.069283e-01 -5.906494e-01 -2.827600e-18
    outer loop
      vertex   2.774737e+01 6.604205e+01 2.650000e+00
      vertex   2.779704e+01 6.610991e+01 2.150000e+00
      vertex   2.779704e+01 6.610991e+01 2.650000e+00
    endloop
  endfacet
  facet normal 7.656068e-01 -6.433088e-01 0.000000e+00
    outer loop
      vertex   2.779704e+01 6.610991e+01 2.650000e+00
      vertex   2.779704e+01 6.610991e+01 2.150000e+00
      vertex   2.785115e+01 6.617431e+01 2.150000e+00
    endloop
  endfacet
  facet normal 7.656068e-01 -6.433088e-01 4.025051e-18
    outer loop
      vertex   2.779704e+01 6.610991e+01 2.650000e+00
      vertex   2.785115e+01 6.617431e+01 2.150000e+00
      vertex   2.785115e+01 6.617431e+01 2.650000e+00
    endloop
  endfacet
  facet normal 7.401393e-01 -6.724536e-01 0.000000e+00
    outer loop
      vertex   2.785115e+01 6.617431e+01 2.650000e+00
      vertex   2.785115e+01 6.617431e+01 2.150000e+00
      vertex   2.790783e+01 6.623670e+01 2.150000e+00
    endloop
  endfacet
  facet normal 7.401393e-01 -6.724536e-01 1.668363e-18
    outer loop
      vertex   2.785115e+01 6.617431e+01 2.650000e+00
      vertex   2.790783e+01 6.623670e+01 2.150000e+00
      vertex   2.790783e+01 6.623670e+01 2.650000e+00
    endloop
  endfacet
  facet normal 6.895980e-01 -7.241924e-01 0.000000e+00
    outer loop
      vertex   2.790783e+01 6.623670e+01 2.150000e+00
      vertex   2.804539e+01 6.636769e+01 2.150000e+00
      vertex   2.790783e+01 6.623670e+01 2.650000e+00
    endloop
  endfacet
  facet normal 6.895980e-01 -7.241924e-01 -5.826615e-18
    outer loop
      vertex   2.790783e+01 6.623670e+01 2.650000e+00
      vertex   2.804539e+01 6.636769e+01 2.150000e+00
      vertex   2.804539e+01 6.636769e+01 2.650000e+00
    endloop
  endfacet
  facet normal 6.729897e-01 -7.396518e-01 0.000000e+00
    outer loop
      vertex   2.804539e+01 6.636769e+01 2.650000e+00
      vertex   2.804539e+01 6.636769e+01 2.150000e+00
      vertex   2.818584e+01 6.649548e+01 2.150000e+00
    endloop
  endfacet
  facet normal 6.729897e-01 -7.396518e-01 1.799289e-17
    outer loop
      vertex   2.804539e+01 6.636769e+01 2.650000e+00
      vertex   2.818584e+01 6.649548e+01 2.150000e+00
      vertex   2.818584e+01 6.649548e+01 2.650000e+00
    endloop
  endfacet
  facet normal 6.527607e-01 -7.575642e-01 0.000000e+00
    outer loop
      vertex   2.818584e+01 6.649548e+01 2.650000e+00
      vertex   2.818584e+01 6.649548e+01 2.150000e+00
      vertex   2.832972e+01 6.661945e+01 2.150000e+00
    endloop
  endfacet
  facet normal 6.527607e-01 -7.575642e-01 -1.235959e-17
    outer loop
      vertex   2.818584e+01 6.649548e+01 2.650000e+00
      vertex   2.832972e+01 6.661945e+01 2.150000e+00
      vertex   2.832972e+01 6.661945e+01 2.650000e+00
    endloop
  endfacet
  facet normal 6.422078e-01 -7.665306e-01 0.000000e+00
    outer loop
      vertex   2.832972e+01 6.661945e+01 2.650000e+00
      vertex   2.832972e+01 6.661945e+01 2.150000e+00
      vertex   2.847536e+01 6.674147e+01 2.150000e+00
    endloop
  endfacet
  facet normal 6.422078e-01 -7.665306e-01 8.155099e-18
    outer loop
      vertex   2.832972e+01 6.661945e+01 2.650000e+00
      vertex   2.847536e+01 6.674147e+01 2.150000e+00
      vertex   2.847536e+01 6.674147e+01 2.650000e+00
    endloop
  endfacet
  facet normal 6.491508e-01 -7.606598e-01 0.000000e+00
    outer loop
      vertex   2.847536e+01 6.674147e+01 2.150000e+00
      vertex   2.867201e+01 6.690929e+01 2.150000e+00
      vertex   2.847536e+01 6.674147e+01 2.650000e+00
    endloop
  endfacet
  facet normal 6.491508e-01 -7.606598e-01 -2.306132e-17
    outer loop
      vertex   2.847536e+01 6.674147e+01 2.650000e+00
      vertex   2.867201e+01 6.690929e+01 2.150000e+00
      vertex   2.867201e+01 6.690929e+01 2.650000e+00
    endloop
  endfacet
  facet normal 6.651802e-01 -7.466829e-01 0.000000e+00
    outer loop
      vertex   2.867201e+01 6.690929e+01 2.650000e+00
      vertex   2.867201e+01 6.690929e+01 2.150000e+00
      vertex   2.886488e+01 6.708111e+01 2.150000e+00
    endloop
  endfacet
  facet normal 6.651802e-01 -7.466829e-01 2.180506e-17
    outer loop
      vertex   2.867201e+01 6.690929e+01 2.650000e+00
      vertex   2.886488e+01 6.708111e+01 2.150000e+00
      vertex   2.886488e+01 6.708111e+01 2.650000e+00
    endloop
  endfacet
  facet normal 6.946047e-01 -7.193916e-01 0.000000e+00
    outer loop
      vertex   2.886488e+01 6.708111e+01 2.650000e+00
      vertex   2.886488e+01 6.708111e+01 2.150000e+00
      vertex   2.905065e+01 6.726048e+01 2.150000e+00
    endloop
  endfacet
  facet normal 6.946047e-01 -7.193916e-01 8.299742e-18
    outer loop
      vertex   2.886488e+01 6.708111e+01 2.650000e+00
      vertex   2.905065e+01 6.726048e+01 2.150000e+00
      vertex   2.905065e+01 6.726048e+01 2.650000e+00
    endloop
  endfacet
  facet normal 7.156415e-01 -6.984678e-01 0.000000e+00
    outer loop
      vertex   2.905065e+01 6.726048e+01 2.650000e+00
      vertex   2.905065e+01 6.726048e+01 2.150000e+00
      vertex   2.923116e+01 6.744543e+01 2.150000e+00
    endloop
  endfacet
  facet normal 7.156415e-01 -6.984678e-01 -7.974244e-18
    outer loop
      vertex   2.905065e+01 6.726048e+01 2.650000e+00
      vertex   2.923116e+01 6.744543e+01 2.150000e+00
      vertex   2.923116e+01 6.744543e+01 2.650000e+00
    endloop
  endfacet
  facet normal 7.651609e-01 -6.438391e-01 0.000000e+00
    outer loop
      vertex   2.923116e+01 6.744543e+01 2.150000e+00
      vertex   2.932643e+01 6.755866e+01 2.150000e+00
      vertex   2.923116e+01 6.744543e+01 2.650000e+00
    endloop
  endfacet
  facet normal 7.651609e-01 -6.438391e-01 -9.045709e-18
    outer loop
      vertex   2.923116e+01 6.744543e+01 2.650000e+00
      vertex   2.932643e+01 6.755866e+01 2.150000e+00
      vertex   2.932643e+01 6.755866e+01 2.650000e+00
    endloop
  endfacet
  facet normal 8.000784e-01 -5.998954e-01 0.000000e+00
    outer loop
      vertex   2.932643e+01 6.755866e+01 2.650000e+00
      vertex   2.932643e+01 6.755866e+01 2.150000e+00
      vertex   2.941477e+01 6.767647e+01 2.150000e+00
    endloop
  endfacet
  facet normal 8.000784e-01 -5.998954e-01 -6.405129e-18
    outer loop
      vertex   2.932643e+01 6.755866e+01 2.650000e+00
      vertex   2.941477e+01 6.767647e+01 2.150000e+00
      vertex   2.941477e+01 6.767647e+01 2.650000e+00
    endloop
  endfacet
  facet normal 8.564000e-01 -5.163129e-01 0.000000e+00
    outer loop
      vertex   2.941477e+01 6.767647e+01 2.650000e+00
      vertex   2.941477e+01 6.767647e+01 2.150000e+00
      vertex   2.949073e+01 6.780247e+01 2.150000e+00
    endloop
  endfacet
  facet normal 8.564000e-01 -5.163129e-01 -5.238033e-18
    outer loop
      vertex   2.941477e+01 6.767647e+01 2.650000e+00
      vertex   2.949073e+01 6.780247e+01 2.150000e+00
      vertex   2.949073e+01 6.780247e+01 2.650000e+00
    endloop
  endfacet
  facet normal 8.884927e-01 -4.588907e-01 0.000000e+00
    outer loop
      vertex   2.949073e+01 6.780247e+01 2.650000e+00
      vertex   2.949073e+01 6.780247e+01 2.150000e+00
      vertex   2.955858e+01 6.793383e+01 2.150000e+00
    endloop
  endfacet
  facet normal 8.884927e-01 -4.588907e-01 5.527338e-19
    outer loop
      vertex   2.949073e+01 6.780247e+01 2.650000e+00
      vertex   2.955858e+01 6.793383e+01 2.150000e+00
      vertex   2.955858e+01 6.793383e+01 2.650000e+00
    endloop
  endfacet
  facet normal 9.416476e-01 -3.366005e-01 0.000000e+00
    outer loop
      vertex   2.955858e+01 6.793383e+01 2.150000e+00
      vertex   2.959955e+01 6.804845e+01 2.150000e+00
      vertex   2.955858e+01 6.793383e+01 2.650000e+00
    endloop
  endfacet
  facet normal 9.416476e-01 -3.366005e-01 8.601985e-19
    outer loop
      vertex   2.955858e+01 6.793383e+01 2.650000e+00
      vertex   2.959955e+01 6.804845e+01 2.150000e+00
      vertex   2.959955e+01 6.804845e+01 2.650000e+00
    endloop
  endfacet
  facet normal 9.640515e-01 -2.657153e-01 0.000000e+00
    outer loop
      vertex   2.959955e+01 6.804845e+01 2.650000e+00
      vertex   2.959955e+01 6.804845e+01 2.150000e+00
      vertex   2.963165e+01 6.816490e+01 2.150000e+00
    endloop
  endfacet
  facet normal 9.640515e-01 -2.657153e-01 3.032605e-18
    outer loop
      vertex   2.959955e+01 6.804845e+01 2.650000e+00
      vertex   2.963165e+01 6.816490e+01 2.150000e+00
      vertex   2.963165e+01 6.816490e+01 2.650000e+00
    endloop
  endfacet
  facet normal 9.898917e-01 -1.418253e-01 0.000000e+00
    outer loop
      vertex   2.963165e+01 6.816490e+01 2.650000e+00
      vertex   2.963165e+01 6.816490e+01 2.150000e+00
      vertex   2.964877e+01 6.828444e+01 2.150000e+00
    endloop
  endfacet
  facet normal 9.898917e-01 -1.418253e-01 -4.075165e-19
    outer loop
      vertex   2.963165e+01 6.816490e+01 2.650000e+00
      vertex   2.964877e+01 6.828444e+01 2.150000e+00
      vertex   2.964877e+01 6.828444e+01 2.650000e+00
    endloop
  endfacet
  facet normal 9.978191e-01 -6.600812e-02 0.000000e+00
    outer loop
      vertex   2.964877e+01 6.828444e+01 2.650000e+00
      vertex   2.964877e+01 6.828444e+01 2.150000e+00
      vertex   2.965681e+01 6.840587e+01 2.150000e+00
    endloop
  endfacet
  facet normal 9.978191e-01 -6.600812e-02 1.761545e-19
    outer loop
      vertex   2.964877e+01 6.828444e+01 2.650000e+00
      vertex   2.965681e+01 6.840587e+01 2.150000e+00
      vertex   2.965681e+01 6.840587e+01 2.650000e+00
    endloop
  endfacet
  facet normal 9.934077e-01 1.146345e-01 -0.000000e+00
    outer loop
      vertex   2.965681e+01 6.840587e+01 2.150000e+00
      vertex   2.963112e+01 6.862845e+01 2.150000e+00
      vertex   2.965681e+01 6.840587e+01 2.650000e+00
    endloop
  endfacet
  facet normal 9.934077e-01 1.146345e-01 1.235104e-18
    outer loop
      vertex   2.965681e+01 6.840587e+01 2.650000e+00
      vertex   2.963112e+01 6.862845e+01 2.150000e+00
      vertex   2.963112e+01 6.862845e+01 2.650000e+00
    endloop
  endfacet
  facet normal 9.644331e-01 2.643269e-01 0.000000e+00
    outer loop
      vertex   2.963112e+01 6.862845e+01 2.650000e+00
      vertex   2.963112e+01 6.862845e+01 2.150000e+00
      vertex   2.957380e+01 6.883758e+01 2.150000e+00
    endloop
  endfacet
  facet normal 9.644331e-01 2.643269e-01 6.829420e-18
    outer loop
      vertex   2.963112e+01 6.862845e+01 2.650000e+00
      vertex   2.957380e+01 6.883758e+01 2.150000e+00
      vertex   2.957380e+01 6.883758e+01 2.650000e+00
    endloop
  endfacet
  facet normal 8.607945e-01 5.089526e-01 0.000000e+00
    outer loop
      vertex   2.957380e+01 6.883758e+01 2.650000e+00
      vertex   2.957380e+01 6.883758e+01 2.150000e+00
      vertex   2.946349e+01 6.902416e+01 2.150000e+00
    endloop
  endfacet
  facet normal 8.607945e-01 5.089526e-01 9.528252e-18
    outer loop
      vertex   2.957380e+01 6.883758e+01 2.650000e+00
      vertex   2.946349e+01 6.902416e+01 2.150000e+00
      vertex   2.946349e+01 6.902416e+01 2.650000e+00
    endloop
  endfacet
  facet normal 7.722843e-01 6.352771e-01 0.000000e+00
    outer loop
      vertex   2.946349e+01 6.902416e+01 2.650000e+00
      vertex   2.946349e+01 6.902416e+01 2.150000e+00
      vertex   2.932120e+01 6.919714e+01 2.150000e+00
    endloop
  endfacet
  facet normal 7.722843e-01 6.352771e-01 3.739531e-18
    outer loop
      vertex   2.946349e+01 6.902416e+01 2.650000e+00
      vertex   2.932120e+01 6.919714e+01 2.150000e+00
      vertex   2.932120e+01 6.919714e+01 2.650000e+00
    endloop
  endfacet
  facet normal 5.707799e-01 8.211031e-01 -0.000000e+00
    outer loop
      vertex   2.932120e+01 6.919714e+01 2.150000e+00
      vertex   2.911618e+01 6.933965e+01 2.150000e+00
      vertex   2.932120e+01 6.919714e+01 2.650000e+00
    endloop
  endfacet
  facet normal 5.707799e-01 8.211031e-01 6.115934e-19
    outer loop
      vertex   2.932120e+01 6.919714e+01 2.650000e+00
      vertex   2.911618e+01 6.933965e+01 2.150000e+00
      vertex   2.911618e+01 6.933965e+01 2.650000e+00
    endloop
  endfacet
  facet normal 4.395880e-01 8.981995e-01 0.000000e+00
    outer loop
      vertex   2.911618e+01 6.933965e+01 2.650000e+00
      vertex   2.911618e+01 6.933965e+01 2.150000e+00
      vertex   2.889814e+01 6.944637e+01 2.150000e+00
    endloop
  endfacet
  facet normal 4.395880e-01 8.981995e-01 -2.890094e-19
    outer loop
      vertex   2.911618e+01 6.933965e+01 2.650000e+00
      vertex   2.889814e+01 6.944637e+01 2.150000e+00
      vertex   2.889814e+01 6.944637e+01 2.650000e+00
    endloop
  endfacet
  facet normal 2.087444e-01 9.779702e-01 0.000000e+00
    outer loop
      vertex   2.889814e+01 6.944637e+01 2.650000e+00
      vertex   2.889814e+01 6.944637e+01 2.150000e+00
      vertex   2.865978e+01 6.949724e+01 2.150000e+00
    endloop
  endfacet
  facet normal 2.087444e-01 9.779702e-01 -5.504455e-18
    outer loop
      vertex   2.889814e+01 6.944637e+01 2.650000e+00
      vertex   2.865978e+01 6.949724e+01 2.150000e+00
      vertex   2.865978e+01 6.949724e+01 2.650000e+00
    endloop
  endfacet
  facet normal 7.632301e-02 9.970831e-01 0.000000e+00
    outer loop
      vertex   2.865978e+01 6.949724e+01 2.650000e+00
      vertex   2.865978e+01 6.949724e+01 2.150000e+00
      vertex   2.840988e+01 6.951637e+01 2.150000e+00
    endloop
  endfacet
  facet normal 7.632301e-02 9.970831e-01 -1.906145e-19
    outer loop
      vertex   2.865978e+01 6.949724e+01 2.650000e+00
      vertex   2.840988e+01 6.951637e+01 2.150000e+00
      vertex   2.840988e+01 6.951637e+01 2.650000e+00
    endloop
  endfacet
  facet normal -7.050401e-02 9.975115e-01 0.000000e+00
    outer loop
      vertex   2.840988e+01 6.951637e+01 2.150000e+00
      vertex   2.816333e+01 6.949895e+01 2.150000e+00
      vertex   2.840988e+01 6.951637e+01 2.650000e+00
    endloop
  endfacet
  facet normal -7.050401e-02 9.975115e-01 2.590622e-18
    outer loop
      vertex   2.840988e+01 6.951637e+01 2.650000e+00
      vertex   2.816333e+01 6.949895e+01 2.150000e+00
      vertex   2.816333e+01 6.949895e+01 2.650000e+00
    endloop
  endfacet
  facet normal -1.954781e-01 9.807081e-01 0.000000e+00
    outer loop
      vertex   2.816333e+01 6.949895e+01 2.650000e+00
      vertex   2.816333e+01 6.949895e+01 2.150000e+00
      vertex   2.792691e+01 6.945182e+01 2.150000e+00
    endloop
  endfacet
  facet normal -1.954781e-01 9.807081e-01 -6.798111e-18
    outer loop
      vertex   2.816333e+01 6.949895e+01 2.650000e+00
      vertex   2.792691e+01 6.945182e+01 2.150000e+00
      vertex   2.792691e+01 6.945182e+01 2.650000e+00
    endloop
  endfacet
  facet normal -4.144541e-01 9.100702e-01 0.000000e+00
    outer loop
      vertex   2.792691e+01 6.945182e+01 2.650000e+00
      vertex   2.792691e+01 6.945182e+01 2.150000e+00
      vertex   2.770834e+01 6.935228e+01 2.150000e+00
    endloop
  endfacet
  facet normal -4.144541e-01 9.100702e-01 -7.206000e-18
    outer loop
      vertex   2.792691e+01 6.945182e+01 2.650000e+00
      vertex   2.770834e+01 6.935228e+01 2.150000e+00
      vertex   2.770834e+01 6.935228e+01 2.650000e+00
    endloop
  endfacet
  facet normal -5.413657e-01 8.407872e-01 0.000000e+00
    outer loop
      vertex   2.770834e+01 6.935228e+01 2.650000e+00
      vertex   2.770834e+01 6.935228e+01 2.150000e+00
      vertex   2.750128e+01 6.921896e+01 2.150000e+00
    endloop
  endfacet
  facet normal -5.413657e-01 8.407872e-01 -8.859550e-18
    outer loop
      vertex   2.770834e+01 6.935228e+01 2.650000e+00
      vertex   2.750128e+01 6.921896e+01 2.150000e+00
      vertex   2.750128e+01 6.921896e+01 2.650000e+00
    endloop
  endfacet
  facet normal -7.664574e-01 6.422951e-01 0.000000e+00
    outer loop
      vertex   2.750128e+01 6.921896e+01 2.150000e+00
      vertex   2.734452e+01 6.903190e+01 2.150000e+00
      vertex   2.750128e+01 6.921896e+01 2.650000e+00
    endloop
  endfacet
  facet normal -7.664574e-01 6.422951e-01 -4.688889e-18
    outer loop
      vertex   2.750128e+01 6.921896e+01 2.650000e+00
      vertex   2.734452e+01 6.903190e+01 2.150000e+00
      vertex   2.734452e+01 6.903190e+01 2.650000e+00
    endloop
  endfacet
  facet normal -8.555772e-01 5.176752e-01 0.000000e+00
    outer loop
      vertex   2.734452e+01 6.903190e+01 2.650000e+00
      vertex   2.734452e+01 6.903190e+01 2.150000e+00
      vertex   2.722170e+01 6.882890e+01 2.150000e+00
    endloop
  endfacet
  facet normal -8.555772e-01 5.176752e-01 -3.326074e-18
    outer loop
      vertex   2.734452e+01 6.903190e+01 2.650000e+00
      vertex   2.722170e+01 6.882890e+01 2.150000e+00
      vertex   2.722170e+01 6.882890e+01 2.650000e+00
    endloop
  endfacet
  facet normal -9.556173e-01 2.946108e-01 0.000000e+00
    outer loop
      vertex   2.722170e+01 6.882890e+01 2.650000e+00
      vertex   2.722170e+01 6.882890e+01 2.150000e+00
      vertex   2.715149e+01 6.860119e+01 2.150000e+00
    endloop
  endfacet
  facet normal -9.556173e-01 2.946108e-01 -1.391815e-18
    outer loop
      vertex   2.722170e+01 6.882890e+01 2.650000e+00
      vertex   2.715149e+01 6.860119e+01 2.150000e+00
      vertex   2.715149e+01 6.860119e+01 2.650000e+00
    endloop
  endfacet
  facet normal -9.863239e-01 1.648188e-01 0.000000e+00
    outer loop
      vertex   2.715149e+01 6.860119e+01 2.650000e+00
      vertex   2.715149e+01 6.860119e+01 2.150000e+00
      vertex   2.711110e+01 6.835948e+01 2.150000e+00
    endloop
  endfacet
  facet normal -9.863239e-01 1.648188e-01 -2.128252e-18
    outer loop
      vertex   2.715149e+01 6.860119e+01 2.650000e+00
      vertex   2.711110e+01 6.835948e+01 2.150000e+00
      vertex   2.711110e+01 6.835948e+01 2.650000e+00
    endloop
  endfacet
  facet normal -1.021653e-01 -9.947674e-01 0.000000e+00
    outer loop
      vertex   2.761588e+01 6.830764e+01 2.150000e+00
      vertex   2.761588e+01 6.830764e+01 2.650000e+00
      vertex   2.711110e+01 6.835948e+01 2.150000e+00
    endloop
  endfacet
  facet normal -1.021653e-01 -9.947674e-01 0.000000e+00
    outer loop
      vertex   2.711110e+01 6.835948e+01 2.150000e+00
      vertex   2.761588e+01 6.830764e+01 2.650000e+00
      vertex   2.711110e+01 6.835948e+01 2.650000e+00
    endloop
  endfacet
  facet normal 9.964692e-01 -8.395935e-02 0.000000e+00
    outer loop
      vertex   2.761588e+01 6.830764e+01 2.150000e+00
      vertex   2.762958e+01 6.847026e+01 2.150000e+00
      vertex   2.761588e+01 6.830764e+01 2.650000e+00
    endloop
  endfacet
  facet normal 9.964692e-01 -8.395935e-02 -2.361965e-18
    outer loop
      vertex   2.761588e+01 6.830764e+01 2.650000e+00
      vertex   2.762958e+01 6.847026e+01 2.150000e+00
      vertex   2.762958e+01 6.847026e+01 2.650000e+00
    endloop
  endfacet
  facet normal 9.757381e-01 -2.189411e-01 0.000000e+00
    outer loop
      vertex   2.762958e+01 6.847026e+01 2.650000e+00
      vertex   2.762958e+01 6.847026e+01 2.150000e+00
      vertex   2.766428e+01 6.862489e+01 2.150000e+00
    endloop
  endfacet
  facet normal 9.757381e-01 -2.189411e-01 -3.998883e-19
    outer loop
      vertex   2.762958e+01 6.847026e+01 2.650000e+00
      vertex   2.766428e+01 6.862489e+01 2.150000e+00
      vertex   2.766428e+01 6.862489e+01 2.650000e+00
    endloop
  endfacet
  facet normal 8.908475e-01 -4.543024e-01 0.000000e+00
    outer loop
      vertex   2.766428e+01 6.862489e+01 2.650000e+00
      vertex   2.766428e+01 6.862489e+01 2.150000e+00
      vertex   2.773597e+01 6.876547e+01 2.150000e+00
    endloop
  endfacet
  facet normal 8.908475e-01 -4.543024e-01 9.089815e-19
    outer loop
      vertex   2.766428e+01 6.862489e+01 2.650000e+00
      vertex   2.773597e+01 6.876547e+01 2.150000e+00
      vertex   2.773597e+01 6.876547e+01 2.650000e+00
    endloop
  endfacet
  facet normal 8.093047e-01 -5.873891e-01 0.000000e+00
    outer loop
      vertex   2.773597e+01 6.876547e+01 2.650000e+00
      vertex   2.773597e+01 6.876547e+01 2.150000e+00
      vertex   2.783143e+01 6.889700e+01 2.150000e+00
    endloop
  endfacet
  facet normal 8.093047e-01 -5.873891e-01 -6.888886e-18
    outer loop
      vertex   2.773597e+01 6.876547e+01 2.650000e+00
      vertex   2.783143e+01 6.889700e+01 2.150000e+00
      vertex   2.783143e+01 6.889700e+01 2.650000e+00
    endloop
  endfacet
  facet normal 5.961019e-01 -8.029088e-01 0.000000e+00
    outer loop
      vertex   2.783143e+01 6.889700e+01 2.150000e+00
      vertex   2.795768e+01 6.899073e+01 2.150000e+00
      vertex   2.783143e+01 6.889700e+01 2.650000e+00
    endloop
  endfacet
  facet normal 5.961019e-01 -8.029088e-01 1.069085e-17
    outer loop
      vertex   2.783143e+01 6.889700e+01 2.650000e+00
      vertex   2.795768e+01 6.899073e+01 2.150000e+00
      vertex   2.795768e+01 6.899073e+01 2.650000e+00
    endloop
  endfacet
  facet normal 4.644916e-01 -8.855775e-01 0.000000e+00
    outer loop
      vertex   2.795768e+01 6.899073e+01 2.650000e+00
      vertex   2.795768e+01 6.899073e+01 2.150000e+00
      vertex   2.809275e+01 6.906158e+01 2.150000e+00
    endloop
  endfacet
  facet normal 4.644916e-01 -8.855775e-01 6.153843e-18
    outer loop
      vertex   2.795768e+01 6.899073e+01 2.650000e+00
      vertex   2.809275e+01 6.906158e+01 2.150000e+00
      vertex   2.809275e+01 6.906158e+01 2.650000e+00
    endloop
  endfacet
  facet normal 2.258392e-01 -9.741646e-01 0.000000e+00
    outer loop
      vertex   2.809275e+01 6.906158e+01 2.650000e+00
      vertex   2.809275e+01 6.906158e+01 2.150000e+00
      vertex   2.824183e+01 6.909614e+01 2.150000e+00
    endloop
  endfacet
  facet normal 2.258392e-01 -9.741646e-01 3.184335e-18
    outer loop
      vertex   2.809275e+01 6.906158e+01 2.650000e+00
      vertex   2.824183e+01 6.909614e+01 2.150000e+00
      vertex   2.824183e+01 6.909614e+01 2.650000e+00
    endloop
  endfacet
  facet normal 8.677359e-02 -9.962281e-01 0.000000e+00
    outer loop
      vertex   2.824183e+01 6.909614e+01 2.650000e+00
      vertex   2.824183e+01 6.909614e+01 2.150000e+00
      vertex   2.839896e+01 6.910982e+01 2.150000e+00
    endloop
  endfacet
  facet normal 8.677359e-02 -9.962281e-01 -6.770939e-19
    outer loop
      vertex   2.824183e+01 6.909614e+01 2.650000e+00
      vertex   2.839896e+01 6.910982e+01 2.150000e+00
      vertex   2.839896e+01 6.910982e+01 2.650000e+00
    endloop
  endfacet
  facet normal -8.817526e-02 -9.961050e-01 0.000000e+00
    outer loop
      vertex   2.839896e+01 6.910982e+01 2.150000e+00
      vertex   2.854890e+01 6.909655e+01 2.150000e+00
      vertex   2.839896e+01 6.910982e+01 2.650000e+00
    endloop
  endfacet
  facet normal -8.817526e-02 -9.961050e-01 -6.646656e-20
    outer loop
      vertex   2.839896e+01 6.910982e+01 2.650000e+00
      vertex   2.854890e+01 6.909655e+01 2.150000e+00
      vertex   2.854890e+01 6.909655e+01 2.650000e+00
    endloop
  endfacet
  facet normal -2.256450e-01 -9.742096e-01 -0.000000e+00
    outer loop
      vertex   2.854890e+01 6.909655e+01 2.650000e+00
      vertex   2.854890e+01 6.909655e+01 2.150000e+00
      vertex   2.869131e+01 6.906356e+01 2.150000e+00
    endloop
  endfacet
  facet normal -2.256450e-01 -9.742096e-01 -4.768134e-18
    outer loop
      vertex   2.854890e+01 6.909655e+01 2.650000e+00
      vertex   2.869131e+01 6.906356e+01 2.150000e+00
      vertex   2.869131e+01 6.906356e+01 2.650000e+00
    endloop
  endfacet
  facet normal -4.604670e-01 -8.876768e-01 -0.000000e+00
    outer loop
      vertex   2.869131e+01 6.906356e+01 2.650000e+00
      vertex   2.869131e+01 6.906356e+01 2.150000e+00
      vertex   2.882071e+01 6.899644e+01 2.150000e+00
    endloop
  endfacet
  facet normal -4.604670e-01 -8.876768e-01 -3.033346e-18
    outer loop
      vertex   2.869131e+01 6.906356e+01 2.650000e+00
      vertex   2.882071e+01 6.899644e+01 2.150000e+00
      vertex   2.882071e+01 6.899644e+01 2.650000e+00
    endloop
  endfacet
  facet normal -5.897542e-01 -8.075828e-01 -0.000000e+00
    outer loop
      vertex   2.882071e+01 6.899644e+01 2.650000e+00
      vertex   2.882071e+01 6.899644e+01 2.150000e+00
      vertex   2.894194e+01 6.890791e+01 2.150000e+00
    endloop
  endfacet
  facet normal -5.897542e-01 -8.075828e-01 1.147132e-17
    outer loop
      vertex   2.882071e+01 6.899644e+01 2.650000e+00
      vertex   2.894194e+01 6.890791e+01 2.150000e+00
      vertex   2.894194e+01 6.890791e+01 2.650000e+00
    endloop
  endfacet
  facet normal -7.700878e-01 -6.379379e-01 0.000000e+00
    outer loop
      vertex   2.894194e+01 6.890791e+01 2.150000e+00
      vertex   2.903077e+01 6.880068e+01 2.150000e+00
      vertex   2.894194e+01 6.890791e+01 2.650000e+00
    endloop
  endfacet
  facet normal -7.700878e-01 -6.379379e-01 9.548143e-18
    outer loop
      vertex   2.894194e+01 6.890791e+01 2.650000e+00
      vertex   2.903077e+01 6.880068e+01 2.150000e+00
      vertex   2.903077e+01 6.880068e+01 2.650000e+00
    endloop
  endfacet
  facet normal -8.589469e-01 -5.120646e-01 -0.000000e+00
    outer loop
      vertex   2.903077e+01 6.880068e+01 2.650000e+00
      vertex   2.903077e+01 6.880068e+01 2.150000e+00
      vertex   2.909976e+01 6.868495e+01 2.150000e+00
    endloop
  endfacet
  facet normal -8.589469e-01 -5.120646e-01 -5.082595e-18
    outer loop
      vertex   2.903077e+01 6.880068e+01 2.650000e+00
      vertex   2.909976e+01 6.868495e+01 2.150000e+00
      vertex   2.909976e+01 6.868495e+01 2.650000e+00
    endloop
  endfacet
  facet normal -9.636382e-01 -2.672106e-01 -0.000000e+00
    outer loop
      vertex   2.909976e+01 6.868495e+01 2.650000e+00
      vertex   2.909976e+01 6.868495e+01 2.150000e+00
      vertex   2.913577e+01 6.855510e+01 2.150000e+00
    endloop
  endfacet
  facet normal -9.636382e-01 -2.672106e-01 2.889696e-19
    outer loop
      vertex   2.909976e+01 6.868495e+01 2.650000e+00
      vertex   2.913577e+01 6.855510e+01 2.150000e+00
      vertex   2.913577e+01 6.855510e+01 2.650000e+00
    endloop
  endfacet
  facet normal -9.931562e-01 -1.167936e-01 -0.000000e+00
    outer loop
      vertex   2.913577e+01 6.855510e+01 2.650000e+00
      vertex   2.913577e+01 6.855510e+01 2.150000e+00
      vertex   2.915203e+01 6.841678e+01 2.150000e+00
    endloop
  endfacet
  facet normal -9.931562e-01 -1.167936e-01 -1.132036e-18
    outer loop
      vertex   2.913577e+01 6.855510e+01 2.650000e+00
      vertex   2.915203e+01 6.841678e+01 2.150000e+00
      vertex   2.915203e+01 6.841678e+01 2.650000e+00
    endloop
  endfacet
  facet normal -9.890914e-01 1.473032e-01 0.000000e+00
    outer loop
      vertex   2.915203e+01 6.841678e+01 2.150000e+00
      vertex   2.912814e+01 6.825637e+01 2.150000e+00
      vertex   2.915203e+01 6.841678e+01 2.650000e+00
    endloop
  endfacet
  facet normal -9.890914e-01 1.473032e-01 7.916676e-19
    outer loop
      vertex   2.915203e+01 6.841678e+01 2.650000e+00
      vertex   2.912814e+01 6.825637e+01 2.150000e+00
      vertex   2.912814e+01 6.825637e+01 2.650000e+00
    endloop
  endfacet
  facet normal -9.621270e-01 2.726015e-01 0.000000e+00
    outer loop
      vertex   2.912814e+01 6.825637e+01 2.650000e+00
      vertex   2.912814e+01 6.825637e+01 2.150000e+00
      vertex   2.908474e+01 6.810319e+01 2.150000e+00
    endloop
  endfacet
  facet normal -9.621270e-01 2.726015e-01 -4.467227e-18
    outer loop
      vertex   2.912814e+01 6.825637e+01 2.650000e+00
      vertex   2.908474e+01 6.810319e+01 2.150000e+00
      vertex   2.908474e+01 6.810319e+01 2.650000e+00
    endloop
  endfacet
  facet normal -8.902939e-01 4.553863e-01 0.000000e+00
    outer loop
      vertex   2.908474e+01 6.810319e+01 2.650000e+00
      vertex   2.908474e+01 6.810319e+01 2.150000e+00
      vertex   2.901196e+01 6.796091e+01 2.150000e+00
    endloop
  endfacet
  facet normal -8.902939e-01 4.553863e-01 -1.058068e-17
    outer loop
      vertex   2.908474e+01 6.810319e+01 2.650000e+00
      vertex   2.901196e+01 6.796091e+01 2.150000e+00
      vertex   2.901196e+01 6.796091e+01 2.650000e+00
    endloop
  endfacet
  facet normal -8.367946e-01 5.475169e-01 0.000000e+00
    outer loop
      vertex   2.901196e+01 6.796091e+01 2.650000e+00
      vertex   2.901196e+01 6.796091e+01 2.150000e+00
      vertex   2.892284e+01 6.782469e+01 2.150000e+00
    endloop
  endfacet
  facet normal -8.367946e-01 5.475169e-01 1.048876e-17
    outer loop
      vertex   2.901196e+01 6.796091e+01 2.650000e+00
      vertex   2.892284e+01 6.782469e+01 2.150000e+00
      vertex   2.892284e+01 6.782469e+01 2.650000e+00
    endloop
  endfacet
  facet normal -7.480055e-01 6.636926e-01 0.000000e+00
    outer loop
      vertex   2.892284e+01 6.782469e+01 2.150000e+00
      vertex   2.871967e+01 6.759572e+01 2.150000e+00
      vertex   2.892284e+01 6.782469e+01 2.650000e+00
    endloop
  endfacet
  facet normal -7.480055e-01 6.636926e-01 -1.616090e-17
    outer loop
      vertex   2.892284e+01 6.782469e+01 2.650000e+00
      vertex   2.871967e+01 6.759572e+01 2.150000e+00
      vertex   2.871967e+01 6.759572e+01 2.650000e+00
    endloop
  endfacet
  facet normal -7.134685e-01 7.006873e-01 0.000000e+00
    outer loop
      vertex   2.871967e+01 6.759572e+01 2.650000e+00
      vertex   2.871967e+01 6.759572e+01 2.150000e+00
      vertex   2.850567e+01 6.737781e+01 2.150000e+00
    endloop
  endfacet
  facet normal -7.134685e-01 7.006873e-01 7.049649e-18
    outer loop
      vertex   2.871967e+01 6.759572e+01 2.650000e+00
      vertex   2.850567e+01 6.737781e+01 2.150000e+00
      vertex   2.850567e+01 6.737781e+01 2.650000e+00
    endloop
  endfacet
  facet normal -6.650552e-01 7.467942e-01 0.000000e+00
    outer loop
      vertex   2.850567e+01 6.737781e+01 2.650000e+00
      vertex   2.850567e+01 6.737781e+01 2.150000e+00
      vertex   2.827736e+01 6.717449e+01 2.150000e+00
    endloop
  endfacet
  facet normal -6.650552e-01 7.467942e-01 -8.388234e-18
    outer loop
      vertex   2.850567e+01 6.737781e+01 2.650000e+00
      vertex   2.827736e+01 6.717449e+01 2.150000e+00
      vertex   2.827736e+01 6.717449e+01 2.650000e+00
    endloop
  endfacet
  facet normal -6.384695e-01 7.696471e-01 0.000000e+00
    outer loop
      vertex   2.827736e+01 6.717449e+01 2.650000e+00
      vertex   2.827736e+01 6.717449e+01 2.150000e+00
      vertex   2.804153e+01 6.697885e+01 2.150000e+00
    endloop
  endfacet
  facet normal -6.384695e-01 7.696471e-01 -3.822934e-18
    outer loop
      vertex   2.827736e+01 6.717449e+01 2.650000e+00
      vertex   2.804153e+01 6.697885e+01 2.150000e+00
      vertex   2.804153e+01 6.697885e+01 2.650000e+00
    endloop
  endfacet
  facet normal -6.424827e-01 7.663002e-01 0.000000e+00
    outer loop
      vertex   2.804153e+01 6.697885e+01 2.150000e+00
      vertex   2.787184e+01 6.683659e+01 2.150000e+00
      vertex   2.804153e+01 6.697885e+01 2.650000e+00
    endloop
  endfacet
  facet normal -6.424827e-01 7.663002e-01 1.469909e-17
    outer loop
      vertex   2.804153e+01 6.697885e+01 2.650000e+00
      vertex   2.787184e+01 6.683659e+01 2.150000e+00
      vertex   2.787184e+01 6.683659e+01 2.650000e+00
    endloop
  endfacet
  facet normal -6.643501e-01 7.474215e-01 0.000000e+00
    outer loop
      vertex   2.787184e+01 6.683659e+01 2.650000e+00
      vertex   2.787184e+01 6.683659e+01 2.150000e+00
      vertex   2.770656e+01 6.668968e+01 2.150000e+00
    endloop
  endfacet
  facet normal -6.643501e-01 7.474215e-01 2.613560e-18
    outer loop
      vertex   2.787184e+01 6.683659e+01 2.650000e+00
      vertex   2.770656e+01 6.668968e+01 2.150000e+00
      vertex   2.770656e+01 6.668968e+01 2.650000e+00
    endloop
  endfacet
  facet normal -7.028954e-01 7.112932e-01 0.000000e+00
    outer loop
      vertex   2.770656e+01 6.668968e+01 2.650000e+00
      vertex   2.770656e+01 6.668968e+01 2.150000e+00
      vertex   2.754933e+01 6.653430e+01 2.150000e+00
    endloop
  endfacet
  facet normal -7.028954e-01 7.112932e-01 -1.223692e-17
    outer loop
      vertex   2.770656e+01 6.668968e+01 2.650000e+00
      vertex   2.754933e+01 6.653430e+01 2.150000e+00
      vertex   2.754933e+01 6.653430e+01 2.650000e+00
    endloop
  endfacet
  facet normal -7.281202e-01 6.854495e-01 0.000000e+00
    outer loop
      vertex   2.754933e+01 6.653430e+01 2.650000e+00
      vertex   2.754933e+01 6.653430e+01 2.150000e+00
      vertex   2.739760e+01 6.637312e+01 2.150000e+00
    endloop
  endfacet
  facet normal -7.281202e-01 6.854495e-01 -1.543420e-17
    outer loop
      vertex   2.754933e+01 6.653430e+01 2.650000e+00
      vertex   2.739760e+01 6.637312e+01 2.150000e+00
      vertex   2.739760e+01 6.637312e+01 2.650000e+00
    endloop
  endfacet
  facet normal -7.896083e-01 6.136112e-01 0.000000e+00
    outer loop
      vertex   2.739760e+01 6.637312e+01 2.150000e+00
      vertex   2.730151e+01 6.624947e+01 2.150000e+00
      vertex   2.739760e+01 6.637312e+01 2.650000e+00
    endloop
  endfacet
  facet normal -7.896083e-01 6.136112e-01 -5.064532e-18
    outer loop
      vertex   2.739760e+01 6.637312e+01 2.650000e+00
      vertex   2.730151e+01 6.624947e+01 2.150000e+00
      vertex   2.730151e+01 6.624947e+01 2.650000e+00
    endloop
  endfacet
  facet normal -8.257611e-01 5.640201e-01 0.000000e+00
    outer loop
      vertex   2.730151e+01 6.624947e+01 2.650000e+00
      vertex   2.730151e+01 6.624947e+01 2.150000e+00
      vertex   2.721366e+01 6.612086e+01 2.150000e+00
    endloop
  endfacet
  facet normal -8.257611e-01 5.640201e-01 -4.382182e-19
    outer loop
      vertex   2.730151e+01 6.624947e+01 2.650000e+00
      vertex   2.721366e+01 6.612086e+01 2.150000e+00
      vertex   2.721366e+01 6.612086e+01 2.650000e+00
    endloop
  endfacet
  facet normal -8.814221e-01 4.723295e-01 0.000000e+00
    outer loop
      vertex   2.721366e+01 6.612086e+01 2.650000e+00
      vertex   2.721366e+01 6.612086e+01 2.150000e+00
      vertex   2.714014e+01 6.598367e+01 2.150000e+00
    endloop
  endfacet
  facet normal -8.814221e-01 4.723295e-01 1.102552e-17
    outer loop
      vertex   2.721366e+01 6.612086e+01 2.650000e+00
      vertex   2.714014e+01 6.598367e+01 2.150000e+00
      vertex   2.714014e+01 6.598367e+01 2.650000e+00
    endloop
  endfacet
  facet normal -9.111082e-01 4.121672e-01 0.000000e+00
    outer loop
      vertex   2.714014e+01 6.598367e+01 2.650000e+00
      vertex   2.714014e+01 6.598367e+01 2.150000e+00
      vertex   2.707563e+01 6.584106e+01 2.150000e+00
    endloop
  endfacet
  facet normal -9.111082e-01 4.121672e-01 6.431688e-18
    outer loop
      vertex   2.714014e+01 6.598367e+01 2.650000e+00
      vertex   2.707563e+01 6.584106e+01 2.150000e+00
      vertex   2.707563e+01 6.584106e+01 2.650000e+00
    endloop
  endfacet
  facet normal -9.541725e-01 2.992572e-01 0.000000e+00
    outer loop
      vertex   2.707563e+01 6.584106e+01 2.150000e+00
      vertex   2.704951e+01 6.575778e+01 2.150000e+00
      vertex   2.707563e+01 6.584106e+01 2.650000e+00
    endloop
  endfacet
  facet normal -9.541725e-01 2.992572e-01 -4.795526e-18
    outer loop
      vertex   2.707563e+01 6.584106e+01 2.650000e+00
      vertex   2.704951e+01 6.575778e+01 2.150000e+00
      vertex   2.704951e+01 6.575778e+01 2.650000e+00
    endloop
  endfacet
  facet normal -9.738768e-01 2.270771e-01 0.000000e+00
    outer loop
      vertex   2.704951e+01 6.575778e+01 2.650000e+00
      vertex   2.704951e+01 6.575778e+01 2.150000e+00
      vertex   2.702984e+01 6.567342e+01 2.150000e+00
    endloop
  endfacet
  facet normal -9.738768e-01 2.270771e-01 1.989258e-18
    outer loop
      vertex   2.704951e+01 6.575778e+01 2.650000e+00
      vertex   2.702984e+01 6.567342e+01 2.150000e+00
      vertex   2.702984e+01 6.567342e+01 2.650000e+00
    endloop
  endfacet
  facet normal -9.946394e-01 1.034041e-01 0.000000e+00
    outer loop
      vertex   2.702984e+01 6.567342e+01 2.650000e+00
      vertex   2.702984e+01 6.567342e+01 2.150000e+00
      vertex   2.702088e+01 6.558725e+01 2.150000e+00
    endloop
  endfacet
  facet normal -9.946394e-01 1.034041e-01 -9.494051e-19
    outer loop
      vertex   2.702984e+01 6.567342e+01 2.650000e+00
      vertex   2.702088e+01 6.558725e+01 2.150000e+00
      vertex   2.702088e+01 6.558725e+01 2.650000e+00
    endloop
  endfacet
  facet normal -9.995732e-01 2.921489e-02 0.000000e+00
    outer loop
      vertex   2.702088e+01 6.558725e+01 2.650000e+00
      vertex   2.702088e+01 6.558725e+01 2.150000e+00
      vertex   2.701833e+01 6.550000e+01 2.150000e+00
    endloop
  endfacet
  facet normal -9.995732e-01 2.921489e-02 -2.943088e-19
    outer loop
      vertex   2.702088e+01 6.558725e+01 2.650000e+00
      vertex   2.701833e+01 6.550000e+01 2.150000e+00
      vertex   2.701833e+01 6.550000e+01 2.650000e+00
    endloop
  endfacet
  facet normal 5.374899e-15 -1.000000e+00 0.000000e+00
    outer loop
      vertex   2.966226e+01 6.550000e+01 2.150000e+00
      vertex   2.966226e+01 6.550000e+01 2.650000e+00
      vertex   2.701833e+01 6.550000e+01 2.150000e+00
    endloop
  endfacet
  facet normal 5.374899e-15 -1.000000e+00 0.000000e+00
    outer loop
      vertex   2.701833e+01 6.550000e+01 2.150000e+00
      vertex   2.966226e+01 6.550000e+01 2.650000e+00
      vertex   2.701833e+01 6.550000e+01 2.650000e+00
    endloop
  endfacet
  facet normal 1.000000e+00 0.000000e+00 -0.000000e+00
    outer loop
      vertex   2.966226e+01 6.597203e+01 2.150000e+00
      vertex   2.966226e+01 6.597203e+01 2.650000e+00
      vertex   2.966226e+01 6.550000e+01 2.150000e+00
    endloop
  endfacet
  facet normal 1.000000e+00 0.000000e+00 0.000000e+00
    outer loop
      vertex   2.966226e+01 6.550000e+01 2.150000e+00
      vertex   2.966226e+01 6.597203e+01 2.650000e+00
      vertex   2.966226e+01 6.550000e+01 2.650000e+00
    endloop
  endfacet
  facet normal -9.914449e-01 2.569511e-16 -1.305262e-01
    outer loop
      vertex   5.111126e-02 7.175000e+01 1.111771e+00
      vertex   5.111126e-02 6.402778e+01 1.111771e+00
      vertex   1.110223e-15 7.175000e+01 1.500000e+00
    endloop
  endfacet
  facet normal -9.914449e-01 5.591057e-20 -1.305262e-01
    outer loop
      vertex   1.110223e-15 7.175000e+01 1.500000e+00
      vertex   5.111126e-02 6.402778e+01 1.111771e+00
      vertex   5.111126e-02 5.630556e+01 1.111771e+00
    endloop
  endfacet
  facet normal -9.914449e-01 5.591057e-20 -1.305262e-01
    outer loop
      vertex   1.110223e-15 7.175000e+01 1.500000e+00
      vertex   5.111126e-02 5.630556e+01 1.111771e+00
      vertex   5.111126e-02 4.858333e+01 1.111771e+00
    endloop
  endfacet
  facet normal -9.238795e-01 0.000000e+00 -3.826834e-01
    outer loop
      vertex   5.111126e-02 4.858333e+01 1.111771e+00
      vertex   5.111126e-02 5.630556e+01 1.111771e+00
      vertex   2.009619e-01 4.858333e+01 7.500000e-01
    endloop
  endfacet
  facet normal -9.238795e-01 9.051483e-20 -3.826834e-01
    outer loop
      vertex   5.111126e-02 4.858333e+01 1.111771e+00
      vertex   2.009619e-01 4.858333e+01 7.500000e-01
      vertex   2.009619e-01 4.086111e+01 7.500000e-01
    endloop
  endfacet
  facet normal -7.933533e-01 0.000000e+00 -6.087614e-01
    outer loop
      vertex   2.009619e-01 4.086111e+01 7.500000e-01
      vertex   2.009619e-01 4.858333e+01 7.500000e-01
      vertex   4.393398e-01 4.086111e+01 4.393398e-01
    endloop
  endfacet
  facet normal -7.933533e-01 -4.595544e-18 -6.087614e-01
    outer loop
      vertex   2.009619e-01 4.086111e+01 7.500000e-01
      vertex   4.393398e-01 4.086111e+01 4.393398e-01
      vertex   4.393398e-01 3.313889e+01 4.393398e-01
    endloop
  endfacet
  facet normal -6.087614e-01 2.653876e-18 -7.933533e-01
    outer loop
      vertex   4.393398e-01 3.313889e+01 4.393398e-01
      vertex   4.393398e-01 4.086111e+01 4.393398e-01
      vertex   7.500000e-01 3.313889e+01 2.009619e-01
    endloop
  endfacet
  facet normal -6.087614e-01 -6.957811e-18 -7.933533e-01
    outer loop
      vertex   4.393398e-01 3.313889e+01 4.393398e-01
      vertex   7.500000e-01 3.313889e+01 2.009619e-01
      vertex   7.500000e-01 2.541667e+01 2.009619e-01
    endloop
  endfacet
  facet normal -3.826834e-01 -5.501835e-18 -9.238795e-01
    outer loop
      vertex   7.500000e-01 2.541667e+01 2.009619e-01
      vertex   7.500000e-01 3.313889e+01 2.009619e-01
      vertex   1.111771e+00 2.541667e+01 5.111126e-02
    endloop
  endfacet
  facet normal -3.826834e-01 -3.793966e-19 -9.238795e-01
    outer loop
      vertex   7.500000e-01 2.541667e+01 2.009619e-01
      vertex   1.111771e+00 2.541667e+01 5.111126e-02
      vertex   1.111771e+00 1.769444e+01 5.111126e-02
    endloop
  endfacet
  facet normal -1.305262e-01 0.000000e+00 -9.914449e-01
    outer loop
      vertex   1.111771e+00 1.769444e+01 5.111126e-02
      vertex   1.111771e+00 2.541667e+01 5.111126e-02
      vertex   1.500000e+00 2.250000e+00 0.000000e+00
    endloop
  endfacet
  facet normal -1.305262e-01 -0.000000e+00 -9.914449e-01
    outer loop
      vertex   1.111771e+00 1.769444e+01 5.111126e-02
      vertex   1.500000e+00 2.250000e+00 0.000000e+00
      vertex   1.111771e+00 9.972222e+00 5.111126e-02
    endloop
  endfacet
  facet normal -1.305262e-01 3.563498e-17 -9.914449e-01
    outer loop
      vertex   1.111771e+00 9.972222e+00 5.111126e-02
      vertex   1.500000e+00 2.250000e+00 0.000000e+00
      vertex   1.111771e+00 2.250000e+00 5.111126e-02
    endloop
  endfacet
  facet normal -3.826834e-01 3.320651e-17 -9.238795e-01
    outer loop
      vertex   1.111771e+00 9.972222e+00 5.111126e-02
      vertex   1.111771e+00 2.250000e+00 5.111126e-02
      vertex   7.500000e-01 9.972222e+00 2.009619e-01
    endloop
  endfacet
  facet normal -3.826834e-01 -0.000000e+00 -9.238795e-01
    outer loop
      vertex   7.500000e-01 9.972222e+00 2.009619e-01
      vertex   1.111771e+00 2.250000e+00 5.111126e-02
      vertex   7.500000e-01 2.250000e+00 2.009619e-01
    endloop
  endfacet
  facet normal -6.087614e-01 -0.000000e+00 -7.933533e-01
    outer loop
      vertex   7.500000e-01 9.972222e+00 2.009619e-01
      vertex   7.500000e-01 2.250000e+00 2.009619e-01
      vertex   4.393398e-01 9.972222e+00 4.393398e-01
    endloop
  endfacet
  facet normal -6.087614e-01 2.015819e-17 -7.933533e-01
    outer loop
      vertex   4.393398e-01 9.972222e+00 4.393398e-01
      vertex   7.500000e-01 2.250000e+00 2.009619e-01
      vertex   4.393398e-01 2.250000e+00 4.393398e-01
    endloop
  endfacet
  facet normal -7.933533e-01 2.015819e-17 -6.087614e-01
    outer loop
      vertex   4.393398e-01 9.972222e+00 4.393398e-01
      vertex   4.393398e-01 2.250000e+00 4.393398e-01
      vertex   2.009619e-01 9.972222e+00 7.500000e-01
    endloop
  endfacet
  facet normal -7.933533e-01 8.752156e-18 -6.087614e-01
    outer loop
      vertex   2.009619e-01 9.972222e+00 7.500000e-01
      vertex   4.393398e-01 2.250000e+00 4.393398e-01
      vertex   2.009619e-01 2.250000e+00 7.500000e-01
    endloop
  endfacet
  facet normal -9.238795e-01 5.501835e-18 -3.826834e-01
    outer loop
      vertex   2.009619e-01 9.972222e+00 7.500000e-01
      vertex   2.009619e-01 2.250000e+00 7.500000e-01
      vertex   5.111126e-02 9.972222e+00 1.111771e+00
    endloop
  endfacet
  facet normal -9.238795e-01 1.100367e-17 -3.826834e-01
    outer loop
      vertex   5.111126e-02 9.972222e+00 1.111771e+00
      vertex   2.009619e-01 2.250000e+00 7.500000e-01
      vertex   5.111126e-02 2.250000e+00 1.111771e+00
    endloop
  endfacet
  facet normal -9.914449e-01 3.753147e-18 -1.305262e-01
    outer loop
      vertex   5.111126e-02 9.972222e+00 1.111771e+00
      vertex   5.111126e-02 2.250000e+00 1.111771e+00
      vertex   -2.498002e-15 2.250000e+00 1.500000e+00
    endloop
  endfacet
  facet normal -9.238795e-01 2.544529e-16 -3.826834e-01
    outer loop
      vertex   5.111126e-02 6.402778e+01 1.111771e+00
      vertex   5.111126e-02 7.175000e+01 1.111771e+00
      vertex   2.009619e-01 6.402778e+01 7.500000e-01
    endloop
  endfacet
  facet normal -9.238795e-01 2.542574e-16 -3.826834e-01
    outer loop
      vertex   2.009619e-01 6.402778e+01 7.500000e-01
      vertex   5.111126e-02 7.175000e+01 1.111771e+00
      vertex   2.009619e-01 7.175000e+01 7.500000e-01
    endloop
  endfacet
  facet normal -7.933533e-01 2.586120e-16 -6.087614e-01
    outer loop
      vertex   2.009619e-01 6.402778e+01 7.500000e-01
      vertex   2.009619e-01 7.175000e+01 7.500000e-01
      vertex   4.393398e-01 6.402778e+01 4.393398e-01
    endloop
  endfacet
  facet normal -7.933533e-01 2.822146e-16 -6.087614e-01
    outer loop
      vertex   4.393398e-01 6.402778e+01 4.393398e-01
      vertex   2.009619e-01 7.175000e+01 7.500000e-01
      vertex   4.393398e-01 7.175000e+01 4.393398e-01
    endloop
  endfacet
  facet normal -6.087614e-01 2.822146e-16 -7.933533e-01
    outer loop
      vertex   4.393398e-01 6.402778e+01 4.393398e-01
      vertex   4.393398e-01 7.175000e+01 4.393398e-01
      vertex   7.500000e-01 6.402778e+01 2.009619e-01
    endloop
  endfacet
  facet normal -6.087614e-01 2.498599e-16 -7.933533e-01
    outer loop
      vertex   7.500000e-01 6.402778e+01 2.009619e-01
      vertex   4.393398e-01 7.175000e+01 4.393398e-01
      vertex   7.500000e-01 7.175000e+01 2.009619e-01
    endloop
  endfacet
  facet normal -3.826834e-01 2.487556e-16 -9.238795e-01
    outer loop
      vertex   7.500000e-01 6.402778e+01 2.009619e-01
      vertex   7.500000e-01 7.175000e+01 2.009619e-01
      vertex   1.111771e+00 6.402778e+01 5.111126e-02
    endloop
  endfacet
  facet normal -3.826834e-01 2.876595e-16 -9.238795e-01
    outer loop
      vertex   1.111771e+00 6.402778e+01 5.111126e-02
      vertex   7.500000e-01 7.175000e+01 2.009619e-01
      vertex   1.111771e+00 7.175000e+01 5.111126e-02
    endloop
  endfacet
  facet normal -1.305262e-01 2.925861e-16 -9.914449e-01
    outer loop
      vertex   1.111771e+00 6.402778e+01 5.111126e-02
      vertex   1.111771e+00 7.175000e+01 5.111126e-02
      vertex   1.500000e+00 7.175000e+01 0.000000e+00
    endloop
  endfacet
  facet normal -1.305262e-01 0.000000e+00 -9.914449e-01
    outer loop
      vertex   1.500000e+00 2.250000e+00 0.000000e+00
      vertex   1.111771e+00 4.086111e+01 5.111126e-02
      vertex   1.500000e+00 7.175000e+01 0.000000e+00
    endloop
  endfacet
  facet normal -1.305262e-01 4.612974e-20 -9.914449e-01
    outer loop
      vertex   1.500000e+00 7.175000e+01 0.000000e+00
      vertex   1.111771e+00 4.086111e+01 5.111126e-02
      vertex   1.111771e+00 4.858333e+01 5.111126e-02
    endloop
  endfacet
  facet normal -1.305262e-01 4.612974e-20 -9.914449e-01
    outer loop
      vertex   1.500000e+00 7.175000e+01 0.000000e+00
      vertex   1.111771e+00 4.858333e+01 5.111126e-02
      vertex   1.111771e+00 5.630556e+01 5.111126e-02
    endloop
  endfacet
  facet normal -3.826834e-01 -0.000000e+00 -9.238795e-01
    outer loop
      vertex   1.111771e+00 5.630556e+01 5.111126e-02
      vertex   1.111771e+00 4.858333e+01 5.111126e-02
      vertex   7.500000e-01 5.630556e+01 2.009619e-01
    endloop
  endfacet
  facet normal -3.826834e-01 -5.474780e-19 -9.238795e-01
    outer loop
      vertex   1.111771e+00 5.630556e+01 5.111126e-02
      vertex   7.500000e-01 5.630556e+01 2.009619e-01
      vertex   7.500000e-01 6.402778e+01 2.009619e-01
    endloop
  endfacet
  facet normal -6.087614e-01 -0.000000e+00 -7.933533e-01
    outer loop
      vertex   7.500000e-01 6.402778e+01 2.009619e-01
      vertex   7.500000e-01 5.630556e+01 2.009619e-01
      vertex   4.393398e-01 6.402778e+01 4.393398e-01
    endloop
  endfacet
  facet normal -9.914449e-01 5.147275e-17 -1.305262e-01
    outer loop
      vertex   1.110223e-15 7.175000e+01 1.500000e+00
      vertex   5.111126e-02 3.313889e+01 1.111771e+00
      vertex   -2.498002e-15 2.250000e+00 1.500000e+00
    endloop
  endfacet
  facet normal -9.914449e-01 -2.882415e-19 -1.305262e-01
    outer loop
      vertex   -2.498002e-15 2.250000e+00 1.500000e+00
      vertex   5.111126e-02 3.313889e+01 1.111771e+00
      vertex   5.111126e-02 2.541667e+01 1.111771e+00
    endloop
  endfacet
  facet normal -9.914449e-01 -2.882415e-19 -1.305262e-01
    outer loop
      vertex   -2.498002e-15 2.250000e+00 1.500000e+00
      vertex   5.111126e-02 2.541667e+01 1.111771e+00
      vertex   5.111126e-02 1.769444e+01 1.111771e+00
    endloop
  endfacet
  facet normal -9.238795e-01 0.000000e+00 -3.826834e-01
    outer loop
      vertex   5.111126e-02 1.769444e+01 1.111771e+00
      vertex   5.111126e-02 2.541667e+01 1.111771e+00
      vertex   2.009619e-01 1.769444e+01 7.500000e-01
    endloop
  endfacet
  facet normal -9.238795e-01 5.330060e-19 -3.826834e-01
    outer loop
      vertex   5.111126e-02 1.769444e+01 1.111771e+00
      vertex   2.009619e-01 1.769444e+01 7.500000e-01
      vertex   2.009619e-01 9.972222e+00 7.500000e-01
    endloop
  endfacet
  facet normal -7.933533e-01 0.000000e+00 -6.087614e-01
    outer loop
      vertex   2.009619e-01 9.972222e+00 7.500000e-01
      vertex   2.009619e-01 1.769444e+01 7.500000e-01
      vertex   4.393398e-01 9.972222e+00 4.393398e-01
    endloop
  endfacet
  facet normal -9.238795e-01 0.000000e+00 -3.826834e-01
    outer loop
      vertex   5.111126e-02 5.630556e+01 1.111771e+00
      vertex   5.111126e-02 6.402778e+01 1.111771e+00
      vertex   2.009619e-01 5.630556e+01 7.500000e-01
    endloop
  endfacet
  facet normal -9.238795e-01 0.000000e+00 -3.826834e-01
    outer loop
      vertex   2.009619e-01 5.630556e+01 7.500000e-01
      vertex   5.111126e-02 6.402778e+01 1.111771e+00
      vertex   2.009619e-01 6.402778e+01 7.500000e-01
    endloop
  endfacet
  facet normal -7.933533e-01 0.000000e+00 -6.087614e-01
    outer loop
      vertex   2.009619e-01 5.630556e+01 7.500000e-01
      vertex   2.009619e-01 6.402778e+01 7.500000e-01
      vertex   4.393398e-01 5.630556e+01 4.393398e-01
    endloop
  endfacet
  facet normal -7.933533e-01 0.000000e+00 -6.087614e-01
    outer loop
      vertex   4.393398e-01 5.630556e+01 4.393398e-01
      vertex   2.009619e-01 6.402778e+01 7.500000e-01
      vertex   4.393398e-01 6.402778e+01 4.393398e-01
    endloop
  endfacet
  facet normal -6.087614e-01 0.000000e+00 -7.933533e-01
    outer loop
      vertex   4.393398e-01 5.630556e+01 4.393398e-01
      vertex   4.393398e-01 6.402778e+01 4.393398e-01
      vertex   7.500000e-01 5.630556e+01 2.009619e-01
    endloop
  endfacet
  facet normal -9.914449e-01 7.506294e-18 -1.305262e-01
    outer loop
      vertex   5.111126e-02 3.313889e+01 1.111771e+00
      vertex   1.110223e-15 7.175000e+01 1.500000e+00
      vertex   5.111126e-02 4.086111e+01 1.111771e+00
    endloop
  endfacet
  facet normal -9.914449e-01 0.000000e+00 -1.305262e-01
    outer loop
      vertex   5.111126e-02 4.086111e+01 1.111771e+00
      vertex   1.110223e-15 7.175000e+01 1.500000e+00
      vertex   5.111126e-02 4.858333e+01 1.111771e+00
    endloop
  endfacet
  facet normal -9.238795e-01 0.000000e+00 -3.826834e-01
    outer loop
      vertex   5.111126e-02 4.086111e+01 1.111771e+00
      vertex   5.111126e-02 4.858333e+01 1.111771e+00
      vertex   2.009619e-01 4.086111e+01 7.500000e-01
    endloop
  endfacet
  facet normal -9.238795e-01 2.200734e-17 -3.826834e-01
    outer loop
      vertex   5.111126e-02 3.313889e+01 1.111771e+00
      vertex   5.111126e-02 4.086111e+01 1.111771e+00
      vertex   2.009619e-01 3.313889e+01 7.500000e-01
    endloop
  endfacet
  facet normal -9.238795e-01 5.501835e-18 -3.826834e-01
    outer loop
      vertex   2.009619e-01 3.313889e+01 7.500000e-01
      vertex   5.111126e-02 4.086111e+01 1.111771e+00
      vertex   2.009619e-01 4.086111e+01 7.500000e-01
    endloop
  endfacet
  facet normal -7.933533e-01 8.752156e-18 -6.087614e-01
    outer loop
      vertex   2.009619e-01 3.313889e+01 7.500000e-01
      vertex   2.009619e-01 4.086111e+01 7.500000e-01
      vertex   4.393398e-01 3.313889e+01 4.393398e-01
    endloop
  endfacet
  facet normal -9.914449e-01 0.000000e+00 -1.305262e-01
    outer loop
      vertex   5.111126e-02 9.972222e+00 1.111771e+00
      vertex   -2.498002e-15 2.250000e+00 1.500000e+00
      vertex   5.111126e-02 1.769444e+01 1.111771e+00
    endloop
  endfacet
  facet normal -9.238795e-01 0.000000e+00 -3.826834e-01
    outer loop
      vertex   5.111126e-02 2.541667e+01 1.111771e+00
      vertex   5.111126e-02 3.313889e+01 1.111771e+00
      vertex   2.009619e-01 2.541667e+01 7.500000e-01
    endloop
  endfacet
  facet normal -9.238795e-01 0.000000e+00 -3.826834e-01
    outer loop
      vertex   2.009619e-01 2.541667e+01 7.500000e-01
      vertex   5.111126e-02 3.313889e+01 1.111771e+00
      vertex   2.009619e-01 3.313889e+01 7.500000e-01
    endloop
  endfacet
  facet normal -7.933533e-01 0.000000e+00 -6.087614e-01
    outer loop
      vertex   2.009619e-01 2.541667e+01 7.500000e-01
      vertex   2.009619e-01 3.313889e+01 7.500000e-01
      vertex   4.393398e-01 2.541667e+01 4.393398e-01
    endloop
  endfacet
  facet normal -7.933533e-01 0.000000e+00 -6.087614e-01
    outer loop
      vertex   4.393398e-01 2.541667e+01 4.393398e-01
      vertex   2.009619e-01 3.313889e+01 7.500000e-01
      vertex   4.393398e-01 3.313889e+01 4.393398e-01
    endloop
  endfacet
  facet normal -6.087614e-01 0.000000e+00 -7.933533e-01
    outer loop
      vertex   4.393398e-01 2.541667e+01 4.393398e-01
      vertex   4.393398e-01 3.313889e+01 4.393398e-01
      vertex   7.500000e-01 2.541667e+01 2.009619e-01
    endloop
  endfacet
  facet normal -9.238795e-01 5.330060e-19 -3.826834e-01
    outer loop
      vertex   2.009619e-01 9.972222e+00 7.500000e-01
      vertex   5.111126e-02 9.972222e+00 1.111771e+00
      vertex   5.111126e-02 1.769444e+01 1.111771e+00
    endloop
  endfacet
  facet normal -9.238795e-01 9.051483e-20 -3.826834e-01
    outer loop
      vertex   5.111126e-02 5.630556e+01 1.111771e+00
      vertex   2.009619e-01 5.630556e+01 7.500000e-01
      vertex   2.009619e-01 4.858333e+01 7.500000e-01
    endloop
  endfacet
  facet normal -7.933533e-01 0.000000e+00 -6.087614e-01
    outer loop
      vertex   2.009619e-01 4.858333e+01 7.500000e-01
      vertex   2.009619e-01 5.630556e+01 7.500000e-01
      vertex   4.393398e-01 4.858333e+01 4.393398e-01
    endloop
  endfacet
  facet normal -7.933533e-01 2.221055e-18 -6.087614e-01
    outer loop
      vertex   2.009619e-01 4.858333e+01 7.500000e-01
      vertex   4.393398e-01 4.858333e+01 4.393398e-01
      vertex   4.393398e-01 4.086111e+01 4.393398e-01
    endloop
  endfacet
  facet normal -6.087614e-01 0.000000e+00 -7.933533e-01
    outer loop
      vertex   4.393398e-01 4.086111e+01 4.393398e-01
      vertex   4.393398e-01 4.858333e+01 4.393398e-01
      vertex   7.500000e-01 4.086111e+01 2.009619e-01
    endloop
  endfacet
  facet normal -6.087614e-01 2.850897e-17 -7.933533e-01
    outer loop
      vertex   4.393398e-01 4.086111e+01 4.393398e-01
      vertex   7.500000e-01 4.086111e+01 2.009619e-01
      vertex   7.500000e-01 3.313889e+01 2.009619e-01
    endloop
  endfacet
  facet normal -3.826834e-01 3.320651e-17 -9.238795e-01
    outer loop
      vertex   7.500000e-01 3.313889e+01 2.009619e-01
      vertex   7.500000e-01 4.086111e+01 2.009619e-01
      vertex   1.111771e+00 3.313889e+01 5.111126e-02
    endloop
  endfacet
  facet normal -3.826834e-01 -1.047066e-17 -9.238795e-01
    outer loop
      vertex   7.500000e-01 3.313889e+01 2.009619e-01
      vertex   1.111771e+00 3.313889e+01 5.111126e-02
      vertex   1.111771e+00 2.541667e+01 5.111126e-02
    endloop
  endfacet
  facet normal -1.305262e-01 -3.753147e-18 -9.914449e-01
    outer loop
      vertex   1.111771e+00 2.541667e+01 5.111126e-02
      vertex   1.111771e+00 3.313889e+01 5.111126e-02
      vertex   1.500000e+00 2.250000e+00 0.000000e+00
    endloop
  endfacet
  facet normal -7.933533e-01 0.000000e+00 -6.087614e-01
    outer loop
      vertex   4.393398e-01 4.858333e+01 4.393398e-01
      vertex   2.009619e-01 5.630556e+01 7.500000e-01
      vertex   4.393398e-01 5.630556e+01 4.393398e-01
    endloop
  endfacet
  facet normal -9.238795e-01 5.330060e-19 -3.826834e-01
    outer loop
      vertex   5.111126e-02 2.541667e+01 1.111771e+00
      vertex   2.009619e-01 2.541667e+01 7.500000e-01
      vertex   2.009619e-01 1.769444e+01 7.500000e-01
    endloop
  endfacet
  facet normal -7.933533e-01 0.000000e+00 -6.087614e-01
    outer loop
      vertex   2.009619e-01 1.769444e+01 7.500000e-01
      vertex   2.009619e-01 2.541667e+01 7.500000e-01
      vertex   4.393398e-01 1.769444e+01 4.393398e-01
    endloop
  endfacet
  facet normal -7.933533e-01 -6.111483e-21 -6.087614e-01
    outer loop
      vertex   2.009619e-01 1.769444e+01 7.500000e-01
      vertex   4.393398e-01 1.769444e+01 4.393398e-01
      vertex   4.393398e-01 9.972222e+00 4.393398e-01
    endloop
  endfacet
  facet normal -6.087614e-01 0.000000e+00 -7.933533e-01
    outer loop
      vertex   4.393398e-01 9.972222e+00 4.393398e-01
      vertex   4.393398e-01 1.769444e+01 4.393398e-01
      vertex   7.500000e-01 9.972222e+00 2.009619e-01
    endloop
  endfacet
  facet normal -7.933533e-01 0.000000e+00 -6.087614e-01
    outer loop
      vertex   4.393398e-01 1.769444e+01 4.393398e-01
      vertex   2.009619e-01 2.541667e+01 7.500000e-01
      vertex   4.393398e-01 2.541667e+01 4.393398e-01
    endloop
  endfacet
  facet normal -6.087614e-01 0.000000e+00 -7.933533e-01
    outer loop
      vertex   4.393398e-01 4.858333e+01 4.393398e-01
      vertex   4.393398e-01 5.630556e+01 4.393398e-01
      vertex   7.500000e-01 4.858333e+01 2.009619e-01
    endloop
  endfacet
  facet normal -6.087614e-01 0.000000e+00 -7.933533e-01
    outer loop
      vertex   7.500000e-01 4.858333e+01 2.009619e-01
      vertex   4.393398e-01 5.630556e+01 4.393398e-01
      vertex   7.500000e-01 5.630556e+01 2.009619e-01
    endloop
  endfacet
  facet normal -3.826834e-01 0.000000e+00 -9.238795e-01
    outer loop
      vertex   7.500000e-01 4.858333e+01 2.009619e-01
      vertex   7.500000e-01 5.630556e+01 2.009619e-01
      vertex   1.111771e+00 4.858333e+01 5.111126e-02
    endloop
  endfacet
  facet normal -6.087614e-01 0.000000e+00 -7.933533e-01
    outer loop
      vertex   4.393398e-01 1.769444e+01 4.393398e-01
      vertex   4.393398e-01 2.541667e+01 4.393398e-01
      vertex   7.500000e-01 1.769444e+01 2.009619e-01
    endloop
  endfacet
  facet normal -6.087614e-01 0.000000e+00 -7.933533e-01
    outer loop
      vertex   7.500000e-01 1.769444e+01 2.009619e-01
      vertex   4.393398e-01 2.541667e+01 4.393398e-01
      vertex   7.500000e-01 2.541667e+01 2.009619e-01
    endloop
  endfacet
  facet normal -3.826834e-01 0.000000e+00 -9.238795e-01
    outer loop
      vertex   7.500000e-01 1.769444e+01 2.009619e-01
      vertex   7.500000e-01 2.541667e+01 2.009619e-01
      vertex   1.111771e+00 1.769444e+01 5.111126e-02
    endloop
  endfacet
  facet normal -3.826834e-01 0.000000e+00 -9.238795e-01
    outer loop
      vertex   1.111771e+00 5.630556e+01 5.111126e-02
      vertex   7.500000e-01 6.402778e+01 2.009619e-01
      vertex   1.111771e+00 6.402778e+01 5.111126e-02
    endloop
  endfacet
  facet normal -6.087614e-01 9.723714e-19 -7.933533e-01
    outer loop
      vertex   4.393398e-01 4.858333e+01 4.393398e-01
      vertex   7.500000e-01 4.858333e+01 2.009619e-01
      vertex   7.500000e-01 4.086111e+01 2.009619e-01
    endloop
  endfacet
  facet normal -3.826834e-01 0.000000e+00 -9.238795e-01
    outer loop
      vertex   7.500000e-01 4.086111e+01 2.009619e-01
      vertex   7.500000e-01 4.858333e+01 2.009619e-01
      vertex   1.111771e+00 4.086111e+01 5.111126e-02
    endloop
  endfacet
  facet normal -3.826834e-01 -5.474780e-19 -9.238795e-01
    outer loop
      vertex   7.500000e-01 4.086111e+01 2.009619e-01
      vertex   1.111771e+00 4.086111e+01 5.111126e-02
      vertex   1.111771e+00 3.313889e+01 5.111126e-02
    endloop
  endfacet
  facet normal -1.305262e-01 0.000000e+00 -9.914449e-01
    outer loop
      vertex   1.111771e+00 3.313889e+01 5.111126e-02
      vertex   1.111771e+00 4.086111e+01 5.111126e-02
      vertex   1.500000e+00 2.250000e+00 0.000000e+00
    endloop
  endfacet
  facet normal -3.826834e-01 0.000000e+00 -9.238795e-01
    outer loop
      vertex   1.111771e+00 4.086111e+01 5.111126e-02
      vertex   7.500000e-01 4.858333e+01 2.009619e-01
      vertex   1.111771e+00 4.858333e+01 5.111126e-02
    endloop
  endfacet
  facet normal -3.826834e-01 -3.793966e-19 -9.238795e-01
    outer loop
      vertex   1.111771e+00 9.972222e+00 5.111126e-02
      vertex   7.500000e-01 9.972222e+00 2.009619e-01
      vertex   7.500000e-01 1.769444e+01 2.009619e-01
    endloop
  endfacet
  facet normal -6.087614e-01 -0.000000e+00 -7.933533e-01
    outer loop
      vertex   7.500000e-01 1.769444e+01 2.009619e-01
      vertex   7.500000e-01 9.972222e+00 2.009619e-01
      vertex   4.393398e-01 1.769444e+01 4.393398e-01
    endloop
  endfacet
  facet normal -3.826834e-01 0.000000e+00 -9.238795e-01
    outer loop
      vertex   1.111771e+00 9.972222e+00 5.111126e-02
      vertex   7.500000e-01 1.769444e+01 2.009619e-01
      vertex   1.111771e+00 1.769444e+01 5.111126e-02
    endloop
  endfacet
  facet normal -1.305262e-01 4.612974e-20 -9.914449e-01
    outer loop
      vertex   1.500000e+00 7.175000e+01 0.000000e+00
      vertex   1.111771e+00 5.630556e+01 5.111126e-02
      vertex   1.111771e+00 6.402778e+01 5.111126e-02
    endloop
  endfacet
  facet normal -1.697499e-02 -1.289379e-01 -9.915074e-01
    outer loop
      vertex   2.055886e+00 1.525556e+00 0.000000e+00
      vertex   2.250000e+00 1.500000e+00 0.000000e+00
      vertex   1.996720e+00 1.140309e+00 5.111126e-02
    endloop
  endfacet
  facet normal -1.470518e-02 -1.305121e-01 -9.913377e-01
    outer loop
      vertex   1.996720e+00 1.140309e+00 5.111126e-02
      vertex   2.250000e+00 1.500000e+00 0.000000e+00
      vertex   2.250000e+00 1.111771e+00 5.111126e-02
    endloop
  endfacet
  facet normal -4.307804e-02 -3.823282e-01 -9.230219e-01
    outer loop
      vertex   1.996720e+00 1.140309e+00 5.111126e-02
      vertex   2.250000e+00 1.111771e+00 5.111126e-02
      vertex   2.250000e+00 7.500000e-01 2.009619e-01
    endloop
  endfacet
  facet normal -4.307804e-02 -3.823282e-01 -9.230219e-01
    outer loop
      vertex   1.996720e+00 1.140309e+00 5.111126e-02
      vertex   2.250000e+00 7.500000e-01 2.009619e-01
      vertex   1.916219e+00 7.876081e-01 2.009619e-01
    endloop
  endfacet
  facet normal -6.843016e-02 -6.073344e-01 -7.914936e-01
    outer loop
      vertex   1.916219e+00 7.876081e-01 2.009619e-01
      vertex   2.250000e+00 7.500000e-01 2.009619e-01
      vertex   2.250000e+00 4.393398e-01 4.393398e-01
    endloop
  endfacet
  facet normal -6.843016e-02 -6.073344e-01 -7.914936e-01
    outer loop
      vertex   1.916219e+00 7.876081e-01 2.009619e-01
      vertex   2.250000e+00 4.393398e-01 4.393398e-01
      vertex   1.847090e+00 4.847369e-01 4.393398e-01
    endloop
  endfacet
  facet normal -8.903445e-02 -7.902026e-01 -6.063438e-01
    outer loop
      vertex   1.847090e+00 4.847369e-01 4.393398e-01
      vertex   2.250000e+00 4.393398e-01 4.393398e-01
      vertex   2.250000e+00 2.009619e-01 7.500000e-01
    endloop
  endfacet
  facet normal -8.903445e-02 -7.902026e-01 -6.063438e-01
    outer loop
      vertex   1.847090e+00 4.847369e-01 4.393398e-01
      vertex   2.250000e+00 2.009619e-01 7.500000e-01
      vertex   1.794046e+00 2.523356e-01 7.500000e-01
    endloop
  endfacet
  facet normal -1.035368e-01 -9.189143e-01 -3.806267e-01
    outer loop
      vertex   1.794046e+00 2.523356e-01 7.500000e-01
      vertex   2.250000e+00 2.009619e-01 7.500000e-01
      vertex   2.250000e+00 5.111126e-02 1.111771e+00
    endloop
  endfacet
  facet normal -1.035368e-01 -9.189143e-01 -3.806267e-01
    outer loop
      vertex   1.794046e+00 2.523356e-01 7.500000e-01
      vertex   2.250000e+00 5.111126e-02 1.111771e+00
      vertex   1.760701e+00 1.062420e-01 1.111771e+00
    endloop
  endfacet
  facet normal -1.107779e-01 -9.831807e-01 -1.452030e-01
    outer loop
      vertex   1.760701e+00 1.062420e-01 1.111771e+00
      vertex   2.250000e+00 5.111126e-02 1.111771e+00
      vertex   1.811047e+00 4.323312e-02 1.500000e+00
    endloop
  endfacet
  facet normal -2.882958e-01 -9.503838e-01 -1.168595e-01
    outer loop
      vertex   1.760701e+00 1.062420e-01 1.111771e+00
      vertex   1.811047e+00 4.323312e-02 1.500000e+00
      vertex   1.388962e+00 1.712711e-01 1.500000e+00
    endloop
  endfacet
  facet normal -9.718654e-02 -9.867515e-01 -1.299083e-01
    outer loop
      vertex   2.250000e+00 5.111126e-02 1.111771e+00
      vertex   2.250000e+00 2.775558e-16 1.500000e+00
      vertex   1.811047e+00 4.323312e-02 1.500000e+00
    endloop
  endfacet
  facet normal -3.262247e-01 -9.322965e-01 -1.562071e-01
    outer loop
      vertex   1.760701e+00 1.062420e-01 1.111771e+00
      vertex   1.388962e+00 1.712711e-01 1.500000e+00
      vertex   1.295938e+00 2.688697e-01 1.111771e+00
    endloop
  endfacet
  facet normal -4.686333e-01 -8.767513e-01 -1.081204e-01
    outer loop
      vertex   1.295938e+00 2.688697e-01 1.111771e+00
      vertex   1.388962e+00 1.712711e-01 1.500000e+00
      vertex   9.999670e-01 3.791934e-01 1.500000e+00
    endloop
  endfacet
  facet normal -5.249356e-01 -8.354302e-01 -1.627854e-01
    outer loop
      vertex   1.295938e+00 2.688697e-01 1.111771e+00
      vertex   9.999670e-01 3.791934e-01 1.500000e+00
      vertex   8.790153e-01 5.308396e-01 1.111771e+00
    endloop
  endfacet
  facet normal -6.309704e-01 -7.688397e-01 -1.037396e-01
    outer loop
      vertex   8.790153e-01 5.308396e-01 1.111771e+00
      vertex   9.999670e-01 3.791934e-01 1.500000e+00
      vertex   6.590097e-01 6.590097e-01 1.500000e+00
    endloop
  endfacet
  facet normal -6.974179e-01 -6.974179e-01 -1.649740e-01
    outer loop
      vertex   8.790153e-01 5.308396e-01 1.111771e+00
      vertex   6.590097e-01 6.590097e-01 1.500000e+00
      vertex   5.308396e-01 8.790153e-01 1.111771e+00
    endloop
  endfacet
  facet normal -7.688397e-01 -6.309704e-01 -1.037396e-01
    outer loop
      vertex   5.308396e-01 8.790153e-01 1.111771e+00
      vertex   6.590097e-01 6.590097e-01 1.500000e+00
      vertex   3.791934e-01 9.999670e-01 1.500000e+00
    endloop
  endfacet
  facet normal -8.354302e-01 -5.249356e-01 -1.627854e-01
    outer loop
      vertex   5.308396e-01 8.790153e-01 1.111771e+00
      vertex   3.791934e-01 9.999670e-01 1.500000e+00
      vertex   2.688697e-01 1.295938e+00 1.111771e+00
    endloop
  endfacet
  facet normal -8.767513e-01 -4.686333e-01 -1.081204e-01
    outer loop
      vertex   2.688697e-01 1.295938e+00 1.111771e+00
      vertex   3.791934e-01 9.999670e-01 1.500000e+00
      vertex   1.712711e-01 1.388962e+00 1.500000e+00
    endloop
  endfacet
  facet normal -9.322965e-01 -3.262247e-01 -1.562071e-01
    outer loop
      vertex   2.688697e-01 1.295938e+00 1.111771e+00
      vertex   1.712711e-01 1.388962e+00 1.500000e+00
      vertex   1.062420e-01 1.760701e+00 1.111771e+00
    endloop
  endfacet
  facet normal -9.503838e-01 -2.882958e-01 -1.168595e-01
    outer loop
      vertex   1.062420e-01 1.760701e+00 1.111771e+00
      vertex   1.712711e-01 1.388962e+00 1.500000e+00
      vertex   4.323312e-02 1.811047e+00 1.500000e+00
    endloop
  endfacet
  facet normal -9.831807e-01 -1.107779e-01 -1.452030e-01
    outer loop
      vertex   1.062420e-01 1.760701e+00 1.111771e+00
      vertex   4.323312e-02 1.811047e+00 1.500000e+00
      vertex   5.111126e-02 2.250000e+00 1.111771e+00
    endloop
  endfacet
  facet normal -9.867515e-01 -9.718654e-02 -1.299083e-01
    outer loop
      vertex   5.111126e-02 2.250000e+00 1.111771e+00
      vertex   4.323312e-02 1.811047e+00 1.500000e+00
      vertex   -2.498002e-15 2.250000e+00 1.500000e+00
    endloop
  endfacet
  facet normal -9.189143e-01 -1.035368e-01 -3.806267e-01
    outer loop
      vertex   5.111126e-02 2.250000e+00 1.111771e+00
      vertex   2.009619e-01 2.250000e+00 7.500000e-01
      vertex   1.062420e-01 1.760701e+00 1.111771e+00
    endloop
  endfacet
  facet normal -9.189143e-01 -1.035368e-01 -3.806267e-01
    outer loop
      vertex   1.062420e-01 1.760701e+00 1.111771e+00
      vertex   2.009619e-01 2.250000e+00 7.500000e-01
      vertex   2.523356e-01 1.794046e+00 7.500000e-01
    endloop
  endfacet
  facet normal -8.728361e-01 -3.054185e-01 -3.806267e-01
    outer loop
      vertex   1.062420e-01 1.760701e+00 1.111771e+00
      vertex   2.523356e-01 1.794046e+00 7.500000e-01
      vertex   2.688697e-01 1.295938e+00 1.111771e+00
    endloop
  endfacet
  facet normal -8.728361e-01 -3.054185e-01 -3.806267e-01
    outer loop
      vertex   2.688697e-01 1.295938e+00 1.111771e+00
      vertex   2.523356e-01 1.794046e+00 7.500000e-01
      vertex   4.038805e-01 1.360956e+00 7.500000e-01
    endloop
  endfacet
  facet normal -7.829902e-01 -4.919854e-01 -3.806267e-01
    outer loop
      vertex   2.688697e-01 1.295938e+00 1.111771e+00
      vertex   4.038805e-01 1.360956e+00 7.500000e-01
      vertex   5.308396e-01 8.790153e-01 1.111771e+00
    endloop
  endfacet
  facet normal -7.829902e-01 -4.919854e-01 -3.806267e-01
    outer loop
      vertex   5.308396e-01 8.790153e-01 1.111771e+00
      vertex   4.038805e-01 1.360956e+00 7.500000e-01
      vertex   6.479975e-01 9.724456e-01 7.500000e-01
    endloop
  endfacet
  facet normal -6.538820e-01 -6.538820e-01 -3.806267e-01
    outer loop
      vertex   5.308396e-01 8.790153e-01 1.111771e+00
      vertex   6.479975e-01 9.724456e-01 7.500000e-01
      vertex   8.790153e-01 5.308396e-01 1.111771e+00
    endloop
  endfacet
  facet normal -6.538820e-01 -6.538820e-01 -3.806267e-01
    outer loop
      vertex   8.790153e-01 5.308396e-01 1.111771e+00
      vertex   6.479975e-01 9.724456e-01 7.500000e-01
      vertex   9.724456e-01 6.479975e-01 7.500000e-01
    endloop
  endfacet
  facet normal -4.919854e-01 -7.829902e-01 -3.806267e-01
    outer loop
      vertex   8.790153e-01 5.308396e-01 1.111771e+00
      vertex   9.724456e-01 6.479975e-01 7.500000e-01
      vertex   1.295938e+00 2.688697e-01 1.111771e+00
    endloop
  endfacet
  facet normal -4.919854e-01 -7.829902e-01 -3.806267e-01
    outer loop
      vertex   1.295938e+00 2.688697e-01 1.111771e+00
      vertex   9.724456e-01 6.479975e-01 7.500000e-01
      vertex   1.360956e+00 4.038805e-01 7.500000e-01
    endloop
  endfacet
  facet normal -3.054185e-01 -8.728361e-01 -3.806267e-01
    outer loop
      vertex   1.295938e+00 2.688697e-01 1.111771e+00
      vertex   1.360956e+00 4.038805e-01 7.500000e-01
      vertex   1.760701e+00 1.062420e-01 1.111771e+00
    endloop
  endfacet
  facet normal -3.054185e-01 -8.728361e-01 -3.806267e-01
    outer loop
      vertex   1.760701e+00 1.062420e-01 1.111771e+00
      vertex   1.360956e+00 4.038805e-01 7.500000e-01
      vertex   1.794046e+00 2.523356e-01 7.500000e-01
    endloop
  endfacet
  facet normal -7.902026e-01 -8.903445e-02 -6.063438e-01
    outer loop
      vertex   2.009619e-01 2.250000e+00 7.500000e-01
      vertex   4.393398e-01 2.250000e+00 4.393398e-01
      vertex   2.523356e-01 1.794046e+00 7.500000e-01
    endloop
  endfacet
  facet normal -7.902026e-01 -8.903445e-02 -6.063438e-01
    outer loop
      vertex   2.523356e-01 1.794046e+00 7.500000e-01
      vertex   4.393398e-01 2.250000e+00 4.393398e-01
      vertex   4.847369e-01 1.847090e+00 4.393398e-01
    endloop
  endfacet
  facet normal -7.505785e-01 -2.626388e-01 -6.063438e-01
    outer loop
      vertex   2.523356e-01 1.794046e+00 7.500000e-01
      vertex   4.847369e-01 1.847090e+00 4.393398e-01
      vertex   4.038805e-01 1.360956e+00 7.500000e-01
    endloop
  endfacet
  facet normal -7.505785e-01 -2.626388e-01 -6.063438e-01
    outer loop
      vertex   4.038805e-01 1.360956e+00 7.500000e-01
      vertex   4.847369e-01 1.847090e+00 4.393398e-01
      vertex   6.186516e-01 1.464384e+00 4.393398e-01
    endloop
  endfacet
  facet normal -6.733173e-01 -4.230733e-01 -6.063438e-01
    outer loop
      vertex   4.038805e-01 1.360956e+00 7.500000e-01
      vertex   6.186516e-01 1.464384e+00 4.393398e-01
      vertex   6.479975e-01 9.724456e-01 7.500000e-01
    endloop
  endfacet
  facet normal -6.733173e-01 -4.230733e-01 -6.063438e-01
    outer loop
      vertex   6.479975e-01 9.724456e-01 7.500000e-01
      vertex   6.186516e-01 1.464384e+00 4.393398e-01
      vertex   8.343689e-01 1.121072e+00 4.393398e-01
    endloop
  endfacet
  facet normal -5.622932e-01 -5.622932e-01 -6.063438e-01
    outer loop
      vertex   6.479975e-01 9.724456e-01 7.500000e-01
      vertex   8.343689e-01 1.121072e+00 4.393398e-01
      vertex   9.724456e-01 6.479975e-01 7.500000e-01
    endloop
  endfacet
  facet normal -5.622932e-01 -5.622932e-01 -6.063438e-01
    outer loop
      vertex   9.724456e-01 6.479975e-01 7.500000e-01
      vertex   8.343689e-01 1.121072e+00 4.393398e-01
      vertex   1.121072e+00 8.343689e-01 4.393398e-01
    endloop
  endfacet
  facet normal -4.230733e-01 -6.733173e-01 -6.063438e-01
    outer loop
      vertex   9.724456e-01 6.479975e-01 7.500000e-01
      vertex   1.121072e+00 8.343689e-01 4.393398e-01
      vertex   1.360956e+00 4.038805e-01 7.500000e-01
    endloop
  endfacet
  facet normal -4.230733e-01 -6.733173e-01 -6.063438e-01
    outer loop
      vertex   1.360956e+00 4.038805e-01 7.500000e-01
      vertex   1.121072e+00 8.343689e-01 4.393398e-01
      vertex   1.464384e+00 6.186516e-01 4.393398e-01
    endloop
  endfacet
  facet normal -2.626388e-01 -7.505785e-01 -6.063438e-01
    outer loop
      vertex   1.360956e+00 4.038805e-01 7.500000e-01
      vertex   1.464384e+00 6.186516e-01 4.393398e-01
      vertex   1.794046e+00 2.523356e-01 7.500000e-01
    endloop
  endfacet
  facet normal -2.626388e-01 -7.505785e-01 -6.063438e-01
    outer loop
      vertex   1.794046e+00 2.523356e-01 7.500000e-01
      vertex   1.464384e+00 6.186516e-01 4.393398e-01
      vertex   1.847090e+00 4.847369e-01 4.393398e-01
    endloop
  endfacet
  facet normal -6.073344e-01 -6.843016e-02 -7.914936e-01
    outer loop
      vertex   4.393398e-01 2.250000e+00 4.393398e-01
      vertex   7.500000e-01 2.250000e+00 2.009619e-01
      vertex   4.847369e-01 1.847090e+00 4.393398e-01
    endloop
  endfacet
  facet normal -6.073344e-01 -6.843016e-02 -7.914936e-01
    outer loop
      vertex   4.847369e-01 1.847090e+00 4.393398e-01
      vertex   7.500000e-01 2.250000e+00 2.009619e-01
      vertex   7.876081e-01 1.916219e+00 2.009619e-01
    endloop
  endfacet
  facet normal -5.768802e-01 -2.018591e-01 -7.914936e-01
    outer loop
      vertex   4.847369e-01 1.847090e+00 4.393398e-01
      vertex   7.876081e-01 1.916219e+00 2.009619e-01
      vertex   6.186516e-01 1.464384e+00 4.393398e-01
    endloop
  endfacet
  facet normal -5.768802e-01 -2.018591e-01 -7.914936e-01
    outer loop
      vertex   6.186516e-01 1.464384e+00 4.393398e-01
      vertex   7.876081e-01 1.916219e+00 2.009619e-01
      vertex   8.985467e-01 1.599174e+00 2.009619e-01
    endloop
  endfacet
  facet normal -5.174987e-01 -3.251660e-01 -7.914936e-01
    outer loop
      vertex   6.186516e-01 1.464384e+00 4.393398e-01
      vertex   8.985467e-01 1.599174e+00 2.009619e-01
      vertex   8.343689e-01 1.121072e+00 4.393398e-01
    endloop
  endfacet
  facet normal -5.174987e-01 -3.251660e-01 -7.914936e-01
    outer loop
      vertex   8.343689e-01 1.121072e+00 4.393398e-01
      vertex   8.985467e-01 1.599174e+00 2.009619e-01
      vertex   1.077253e+00 1.314765e+00 2.009619e-01
    endloop
  endfacet
  facet normal -4.321677e-01 -4.321677e-01 -7.914936e-01
    outer loop
      vertex   8.343689e-01 1.121072e+00 4.393398e-01
      vertex   1.077253e+00 1.314765e+00 2.009619e-01
      vertex   1.121072e+00 8.343689e-01 4.393398e-01
    endloop
  endfacet
  facet normal -4.321677e-01 -4.321677e-01 -7.914936e-01
    outer loop
      vertex   1.121072e+00 8.343689e-01 4.393398e-01
      vertex   1.077253e+00 1.314765e+00 2.009619e-01
      vertex   1.314765e+00 1.077253e+00 2.009619e-01
    endloop
  endfacet
  facet normal -3.251660e-01 -5.174987e-01 -7.914936e-01
    outer loop
      vertex   1.121072e+00 8.343689e-01 4.393398e-01
      vertex   1.314765e+00 1.077253e+00 2.009619e-01
      vertex   1.464384e+00 6.186516e-01 4.393398e-01
    endloop
  endfacet
  facet normal -3.251660e-01 -5.174987e-01 -7.914936e-01
    outer loop
      vertex   1.464384e+00 6.186516e-01 4.393398e-01
      vertex   1.314765e+00 1.077253e+00 2.009619e-01
      vertex   1.599174e+00 8.985467e-01 2.009619e-01
    endloop
  endfacet
  facet normal -2.018591e-01 -5.768802e-01 -7.914936e-01
    outer loop
      vertex   1.464384e+00 6.186516e-01 4.393398e-01
      vertex   1.599174e+00 8.985467e-01 2.009619e-01
      vertex   1.847090e+00 4.847369e-01 4.393398e-01
    endloop
  endfacet
  facet normal -2.018591e-01 -5.768802e-01 -7.914936e-01
    outer loop
      vertex   1.847090e+00 4.847369e-01 4.393398e-01
      vertex   1.599174e+00 8.985467e-01 2.009619e-01
      vertex   1.916219e+00 7.876081e-01 2.009619e-01
    endloop
  endfacet
  facet normal -3.823282e-01 -4.307804e-02 -9.230219e-01
    outer loop
      vertex   7.500000e-01 2.250000e+00 2.009619e-01
      vertex   1.111771e+00 2.250000e+00 5.111126e-02
      vertex   7.876081e-01 1.916219e+00 2.009619e-01
    endloop
  endfacet
  facet normal -3.823282e-01 -4.307804e-02 -9.230219e-01
    outer loop
      vertex   7.876081e-01 1.916219e+00 2.009619e-01
      vertex   1.111771e+00 2.250000e+00 5.111126e-02
      vertex   1.140309e+00 1.996720e+00 5.111126e-02
    endloop
  endfacet
  facet normal -3.631567e-01 -1.270740e-01 -9.230219e-01
    outer loop
      vertex   7.876081e-01 1.916219e+00 2.009619e-01
      vertex   1.140309e+00 1.996720e+00 5.111126e-02
      vertex   8.985467e-01 1.599174e+00 2.009619e-01
    endloop
  endfacet
  facet normal -3.631567e-01 -1.270740e-01 -9.230219e-01
    outer loop
      vertex   8.985467e-01 1.599174e+00 2.009619e-01
      vertex   1.140309e+00 1.996720e+00 5.111126e-02
      vertex   1.224491e+00 1.756141e+00 5.111126e-02
    endloop
  endfacet
  facet normal -3.257749e-01 -2.046980e-01 -9.230219e-01
    outer loop
      vertex   8.985467e-01 1.599174e+00 2.009619e-01
      vertex   1.224491e+00 1.756141e+00 5.111126e-02
      vertex   1.077253e+00 1.314765e+00 2.009619e-01
    endloop
  endfacet
  facet normal -3.257749e-01 -2.046980e-01 -9.230219e-01
    outer loop
      vertex   1.077253e+00 1.314765e+00 2.009619e-01
      vertex   1.224491e+00 1.756141e+00 5.111126e-02
      vertex   1.360097e+00 1.540326e+00 5.111126e-02
    endloop
  endfacet
  facet normal -2.720575e-01 -2.720575e-01 -9.230219e-01
    outer loop
      vertex   1.077253e+00 1.314765e+00 2.009619e-01
      vertex   1.360097e+00 1.540326e+00 5.111126e-02
      vertex   1.314765e+00 1.077253e+00 2.009619e-01
    endloop
  endfacet
  facet normal -2.720575e-01 -2.720575e-01 -9.230219e-01
    outer loop
      vertex   1.314765e+00 1.077253e+00 2.009619e-01
      vertex   1.360097e+00 1.540326e+00 5.111126e-02
      vertex   1.540326e+00 1.360097e+00 5.111126e-02
    endloop
  endfacet
  facet normal -2.046980e-01 -3.257749e-01 -9.230219e-01
    outer loop
      vertex   1.314765e+00 1.077253e+00 2.009619e-01
      vertex   1.540326e+00 1.360097e+00 5.111126e-02
      vertex   1.599174e+00 8.985467e-01 2.009619e-01
    endloop
  endfacet
  facet normal -2.046980e-01 -3.257749e-01 -9.230219e-01
    outer loop
      vertex   1.599174e+00 8.985467e-01 2.009619e-01
      vertex   1.540326e+00 1.360097e+00 5.111126e-02
      vertex   1.756141e+00 1.224491e+00 5.111126e-02
    endloop
  endfacet
  facet normal -1.270740e-01 -3.631567e-01 -9.230219e-01
    outer loop
      vertex   1.599174e+00 8.985467e-01 2.009619e-01
      vertex   1.756141e+00 1.224491e+00 5.111126e-02
      vertex   1.916219e+00 7.876081e-01 2.009619e-01
    endloop
  endfacet
  facet normal -1.270740e-01 -3.631567e-01 -9.230219e-01
    outer loop
      vertex   1.916219e+00 7.876081e-01 2.009619e-01
      vertex   1.756141e+00 1.224491e+00 5.111126e-02
      vertex   1.996720e+00 1.140309e+00 5.111126e-02
    endloop
  endfacet
  facet normal -1.305121e-01 -1.470518e-02 -9.913377e-01
    outer loop
      vertex   1.111771e+00 2.250000e+00 5.111126e-02
      vertex   1.500000e+00 2.250000e+00 0.000000e+00
      vertex   1.140309e+00 1.996720e+00 5.111126e-02
    endloop
  endfacet
  facet normal -1.289379e-01 -1.697499e-02 -9.915074e-01
    outer loop
      vertex   1.140309e+00 1.996720e+00 5.111126e-02
      vertex   1.500000e+00 2.250000e+00 0.000000e+00
      vertex   1.525556e+00 2.055886e+00 0.000000e+00
    endloop
  endfacet
  facet normal -1.248001e-01 -4.366945e-02 -9.912204e-01
    outer loop
      vertex   1.140309e+00 1.996720e+00 5.111126e-02
      vertex   1.525556e+00 2.055886e+00 0.000000e+00
      vertex   1.224491e+00 1.756141e+00 5.111126e-02
    endloop
  endfacet
  facet normal -1.191943e-01 -4.937191e-02 -9.916426e-01
    outer loop
      vertex   1.224491e+00 1.756141e+00 5.111126e-02
      vertex   1.525556e+00 2.055886e+00 0.000000e+00
      vertex   1.600481e+00 1.875000e+00 0.000000e+00
    endloop
  endfacet
  facet normal -1.124070e-01 -7.063003e-02 -9.911489e-01
    outer loop
      vertex   1.224491e+00 1.756141e+00 5.111126e-02
      vertex   1.600481e+00 1.875000e+00 0.000000e+00
      vertex   1.360097e+00 1.540326e+00 5.111126e-02
    endloop
  endfacet
  facet normal -1.019483e-01 -7.822770e-02 -9.917091e-01
    outer loop
      vertex   1.360097e+00 1.540326e+00 5.111126e-02
      vertex   1.600481e+00 1.875000e+00 0.000000e+00
      vertex   1.719670e+00 1.719670e+00 0.000000e+00
    endloop
  endfacet
  facet normal -9.399902e-02 -9.399902e-02 -9.911248e-01
    outer loop
      vertex   1.360097e+00 1.540326e+00 5.111126e-02
      vertex   1.719670e+00 1.719670e+00 0.000000e+00
      vertex   1.540326e+00 1.360097e+00 5.111126e-02
    endloop
  endfacet
  facet normal -7.822770e-02 -1.019483e-01 -9.917091e-01
    outer loop
      vertex   1.540326e+00 1.360097e+00 5.111126e-02
      vertex   1.719670e+00 1.719670e+00 0.000000e+00
      vertex   1.875000e+00 1.600481e+00 0.000000e+00
    endloop
  endfacet
  facet normal -7.063003e-02 -1.124070e-01 -9.911489e-01
    outer loop
      vertex   1.540326e+00 1.360097e+00 5.111126e-02
      vertex   1.875000e+00 1.600481e+00 0.000000e+00
      vertex   1.756141e+00 1.224491e+00 5.111126e-02
    endloop
  endfacet
  facet normal -4.937191e-02 -1.191943e-01 -9.916426e-01
    outer loop
      vertex   1.756141e+00 1.224491e+00 5.111126e-02
      vertex   1.875000e+00 1.600481e+00 0.000000e+00
      vertex   2.055886e+00 1.525556e+00 0.000000e+00
    endloop
  endfacet
  facet normal -4.366945e-02 -1.248001e-01 -9.912204e-01
    outer loop
      vertex   1.756141e+00 1.224491e+00 5.111126e-02
      vertex   2.055886e+00 1.525556e+00 0.000000e+00
      vertex   1.996720e+00 1.140309e+00 5.111126e-02
    endloop
  endfacet
  facet normal -3.664625e-17 -1.305262e-01 -9.914449e-01
    outer loop
      vertex   4.375000e+01 1.111771e+00 5.111126e-02
      vertex   3.545000e+01 1.111771e+00 5.111126e-02
      vertex   4.375000e+01 1.500000e+00 0.000000e+00
    endloop
  endfacet
  facet normal 2.950617e-17 -1.305262e-01 -9.914449e-01
    outer loop
      vertex   4.375000e+01 1.500000e+00 0.000000e+00
      vertex   3.545000e+01 1.111771e+00 5.111126e-02
      vertex   2.715000e+01 1.111771e+00 5.111126e-02
    endloop
  endfacet
  facet normal -6.499028e-18 -1.305262e-01 -9.914449e-01
    outer loop
      vertex   4.375000e+01 1.500000e+00 0.000000e+00
      vertex   2.715000e+01 1.111771e+00 5.111126e-02
      vertex   1.885000e+01 1.111771e+00 5.111126e-02
    endloop
  endfacet
  facet normal -2.047537e-17 -3.826834e-01 -9.238795e-01
    outer loop
      vertex   1.885000e+01 1.111771e+00 5.111126e-02
      vertex   2.715000e+01 1.111771e+00 5.111126e-02
      vertex   1.885000e+01 7.500000e-01 2.009619e-01
    endloop
  endfacet
  facet normal 2.627201e-17 -3.826834e-01 -9.238795e-01
    outer loop
      vertex   1.885000e+01 1.111771e+00 5.111126e-02
      vertex   1.885000e+01 7.500000e-01 2.009619e-01
      vertex   1.055000e+01 7.500000e-01 2.009619e-01
    endloop
  endfacet
  facet normal 1.838719e-17 -6.087614e-01 -7.933533e-01
    outer loop
      vertex   1.055000e+01 7.500000e-01 2.009619e-01
      vertex   1.885000e+01 7.500000e-01 2.009619e-01
      vertex   1.055000e+01 4.393398e-01 4.393398e-01
    endloop
  endfacet
  facet normal -1.156529e-16 -6.087614e-01 -7.933533e-01
    outer loop
      vertex   1.055000e+01 7.500000e-01 2.009619e-01
      vertex   1.055000e+01 4.393398e-01 4.393398e-01
      vertex   2.250000e+00 4.393398e-01 4.393398e-01
    endloop
  endfacet
  facet normal -1.280800e-16 -7.933533e-01 -6.087614e-01
    outer loop
      vertex   2.250000e+00 4.393398e-01 4.393398e-01
      vertex   1.055000e+01 4.393398e-01 4.393398e-01
      vertex   2.250000e+00 2.009619e-01 7.500000e-01
    endloop
  endfacet
  facet normal -1.386920e-16 -7.933533e-01 -6.087614e-01
    outer loop
      vertex   2.250000e+00 2.009619e-01 7.500000e-01
      vertex   1.055000e+01 4.393398e-01 4.393398e-01
      vertex   1.055000e+01 2.009619e-01 7.500000e-01
    endloop
  endfacet
  facet normal -1.440552e-16 -9.238795e-01 -3.826834e-01
    outer loop
      vertex   2.250000e+00 2.009619e-01 7.500000e-01
      vertex   1.055000e+01 2.009619e-01 7.500000e-01
      vertex   2.250000e+00 5.111126e-02 1.111771e+00
    endloop
  endfacet
  facet normal -1.647124e-16 -9.238795e-01 -3.826834e-01
    outer loop
      vertex   2.250000e+00 5.111126e-02 1.111771e+00
      vertex   1.055000e+01 2.009619e-01 7.500000e-01
      vertex   1.055000e+01 5.111126e-02 1.111771e+00
    endloop
  endfacet
  facet normal -1.692637e-16 -9.914449e-01 -1.305262e-01
    outer loop
      vertex   2.250000e+00 5.111126e-02 1.111771e+00
      vertex   1.055000e+01 5.111126e-02 1.111771e+00
      vertex   2.250000e+00 2.775558e-16 1.500000e+00
    endloop
  endfacet
  facet normal -2.870418e-19 -9.914449e-01 -1.305262e-01
    outer loop
      vertex   2.250000e+00 2.775558e-16 1.500000e+00
      vertex   1.055000e+01 5.111126e-02 1.111771e+00
      vertex   1.885000e+01 5.111126e-02 1.111771e+00
    endloop
  endfacet
  facet normal -3.337919e-17 -9.914449e-01 -1.305262e-01
    outer loop
      vertex   2.250000e+00 2.775558e-16 1.500000e+00
      vertex   1.885000e+01 5.111126e-02 1.111771e+00
      vertex   2.715000e+01 5.111126e-02 1.111771e+00
    endloop
  endfacet
  facet normal -3.089495e-17 -9.238795e-01 -3.826834e-01
    outer loop
      vertex   2.715000e+01 5.111126e-02 1.111771e+00
      vertex   1.885000e+01 5.111126e-02 1.111771e+00
      vertex   2.715000e+01 2.009619e-01 7.500000e-01
    endloop
  endfacet
  facet normal 4.609476e-18 -9.238795e-01 -3.826834e-01
    outer loop
      vertex   2.715000e+01 5.111126e-02 1.111771e+00
      vertex   2.715000e+01 2.009619e-01 7.500000e-01
      vertex   3.545000e+01 2.009619e-01 7.500000e-01
    endloop
  endfacet
  facet normal 8.142903e-18 -7.933533e-01 -6.087614e-01
    outer loop
      vertex   3.545000e+01 2.009619e-01 7.500000e-01
      vertex   2.715000e+01 2.009619e-01 7.500000e-01
      vertex   3.545000e+01 4.393398e-01 4.393398e-01
    endloop
  endfacet
  facet normal -2.861725e-17 -7.933533e-01 -6.087614e-01
    outer loop
      vertex   3.545000e+01 2.009619e-01 7.500000e-01
      vertex   3.545000e+01 4.393398e-01 4.393398e-01
      vertex   4.375000e+01 4.393398e-01 4.393398e-01
    endloop
  endfacet
  facet normal -2.035726e-17 -6.087614e-01 -7.933533e-01
    outer loop
      vertex   4.375000e+01 4.393398e-01 4.393398e-01
      vertex   3.545000e+01 4.393398e-01 4.393398e-01
      vertex   4.375000e+01 7.500000e-01 2.009619e-01
    endloop
  endfacet
  facet normal -2.442871e-17 -6.087614e-01 -7.933533e-01
    outer loop
      vertex   4.375000e+01 7.500000e-01 2.009619e-01
      vertex   3.545000e+01 4.393398e-01 4.393398e-01
      vertex   3.545000e+01 7.500000e-01 2.009619e-01
    endloop
  endfacet
  facet normal -1.535653e-17 -3.826834e-01 -9.238795e-01
    outer loop
      vertex   4.375000e+01 7.500000e-01 2.009619e-01
      vertex   3.545000e+01 7.500000e-01 2.009619e-01
      vertex   4.375000e+01 1.111771e+00 5.111126e-02
    endloop
  endfacet
  facet normal -4.113264e-17 -3.826834e-01 -9.238795e-01
    outer loop
      vertex   4.375000e+01 1.111771e+00 5.111126e-02
      vertex   3.545000e+01 7.500000e-01 2.009619e-01
      vertex   3.545000e+01 1.111771e+00 5.111126e-02
    endloop
  endfacet
  facet normal -1.153743e-17 -7.933533e-01 -6.087614e-01
    outer loop
      vertex   4.375000e+01 4.393398e-01 4.393398e-01
      vertex   4.375000e+01 2.009619e-01 7.500000e-01
      vertex   3.545000e+01 2.009619e-01 7.500000e-01
    endloop
  endfacet
  facet normal -2.065726e-17 -9.238795e-01 -3.826834e-01
    outer loop
      vertex   3.545000e+01 2.009619e-01 7.500000e-01
      vertex   4.375000e+01 2.009619e-01 7.500000e-01
      vertex   3.545000e+01 5.111126e-02 1.111771e+00
    endloop
  endfacet
  facet normal 3.395215e-19 -9.238795e-01 -3.826834e-01
    outer loop
      vertex   3.545000e+01 2.009619e-01 7.500000e-01
      vertex   3.545000e+01 5.111126e-02 1.111771e+00
      vertex   2.715000e+01 5.111126e-02 1.111771e+00
    endloop
  endfacet
  facet normal 0.000000e+00 -9.914449e-01 -1.305262e-01
    outer loop
      vertex   2.715000e+01 5.111126e-02 1.111771e+00
      vertex   3.545000e+01 5.111126e-02 1.111771e+00
      vertex   4.375000e+01 0.000000e+00 1.500000e+00
    endloop
  endfacet
  facet normal -6.675838e-18 -9.914449e-01 -1.305262e-01
    outer loop
      vertex   2.715000e+01 5.111126e-02 1.111771e+00
      vertex   4.375000e+01 0.000000e+00 1.500000e+00
      vertex   2.250000e+00 2.775558e-16 1.500000e+00
    endloop
  endfacet
  facet normal 9.447500e-18 -9.238795e-01 -3.826834e-01
    outer loop
      vertex   4.375000e+01 2.009619e-01 7.500000e-01
      vertex   4.375000e+01 5.111126e-02 1.111771e+00
      vertex   3.545000e+01 5.111126e-02 1.111771e+00
    endloop
  endfacet
  facet normal 3.491884e-18 -9.914449e-01 -1.305262e-01
    outer loop
      vertex   3.545000e+01 5.111126e-02 1.111771e+00
      vertex   4.375000e+01 5.111126e-02 1.111771e+00
      vertex   4.375000e+01 0.000000e+00 1.500000e+00
    endloop
  endfacet
  facet normal -1.040340e-16 -6.087614e-01 -7.933533e-01
    outer loop
      vertex   2.250000e+00 4.393398e-01 4.393398e-01
      vertex   2.250000e+00 7.500000e-01 2.009619e-01
      vertex   1.055000e+01 7.500000e-01 2.009619e-01
    endloop
  endfacet
  facet normal -9.250296e-17 -3.826834e-01 -9.238795e-01
    outer loop
      vertex   1.055000e+01 7.500000e-01 2.009619e-01
      vertex   2.250000e+00 7.500000e-01 2.009619e-01
      vertex   1.055000e+01 1.111771e+00 5.111126e-02
    endloop
  endfacet
  facet normal -1.087149e-17 -3.826834e-01 -9.238795e-01
    outer loop
      vertex   1.055000e+01 7.500000e-01 2.009619e-01
      vertex   1.055000e+01 1.111771e+00 5.111126e-02
      vertex   1.885000e+01 1.111771e+00 5.111126e-02
    endloop
  endfacet
  facet normal -3.491884e-18 -1.305262e-01 -9.914449e-01
    outer loop
      vertex   1.885000e+01 1.111771e+00 5.111126e-02
      vertex   1.055000e+01 1.111771e+00 5.111126e-02
      vertex   2.250000e+00 1.500000e+00 0.000000e+00
    endloop
  endfacet
  facet normal -5.490066e-18 -1.305262e-01 -9.914449e-01
    outer loop
      vertex   1.885000e+01 1.111771e+00 5.111126e-02
      vertex   2.250000e+00 1.500000e+00 0.000000e+00
      vertex   4.375000e+01 1.500000e+00 0.000000e+00
    endloop
  endfacet
  facet normal -2.996185e-17 -3.826834e-01 -9.238795e-01
    outer loop
      vertex   2.250000e+00 7.500000e-01 2.009619e-01
      vertex   2.250000e+00 1.111771e+00 5.111126e-02
      vertex   1.055000e+01 1.111771e+00 5.111126e-02
    endloop
  endfacet
  facet normal -1.047565e-17 -1.305262e-01 -9.914449e-01
    outer loop
      vertex   1.055000e+01 1.111771e+00 5.111126e-02
      vertex   2.250000e+00 1.111771e+00 5.111126e-02
      vertex   2.250000e+00 1.500000e+00 0.000000e+00
    endloop
  endfacet
  facet normal 2.065726e-17 -3.826834e-01 -9.238795e-01
    outer loop
      vertex   2.715000e+01 1.111771e+00 5.111126e-02
      vertex   3.545000e+01 1.111771e+00 5.111126e-02
      vertex   2.715000e+01 7.500000e-01 2.009619e-01
    endloop
  endfacet
  facet normal 1.553842e-17 -3.826834e-01 -9.238795e-01
    outer loop
      vertex   2.715000e+01 7.500000e-01 2.009619e-01
      vertex   3.545000e+01 1.111771e+00 5.111126e-02
      vertex   3.545000e+01 7.500000e-01 2.009619e-01
    endloop
  endfacet
  facet normal 2.101386e-18 -6.087614e-01 -7.933533e-01
    outer loop
      vertex   2.715000e+01 7.500000e-01 2.009619e-01
      vertex   3.545000e+01 7.500000e-01 2.009619e-01
      vertex   2.715000e+01 4.393398e-01 4.393398e-01
    endloop
  endfacet
  facet normal 3.703702e-18 -6.087614e-01 -7.933533e-01
    outer loop
      vertex   2.715000e+01 4.393398e-01 4.393398e-01
      vertex   3.545000e+01 7.500000e-01 2.009619e-01
      vertex   3.545000e+01 4.393398e-01 4.393398e-01
    endloop
  endfacet
  facet normal -3.703702e-18 -7.933533e-01 -6.087614e-01
    outer loop
      vertex   2.715000e+01 4.393398e-01 4.393398e-01
      vertex   3.545000e+01 4.393398e-01 4.393398e-01
      vertex   2.715000e+01 2.009619e-01 7.500000e-01
    endloop
  endfacet
  facet normal -9.330095e-18 -3.826834e-01 -9.238795e-01
    outer loop
      vertex   2.715000e+01 1.111771e+00 5.111126e-02
      vertex   2.715000e+01 7.500000e-01 2.009619e-01
      vertex   1.885000e+01 7.500000e-01 2.009619e-01
    endloop
  endfacet
  facet normal -1.628581e-17 -6.087614e-01 -7.933533e-01
    outer loop
      vertex   1.885000e+01 7.500000e-01 2.009619e-01
      vertex   2.715000e+01 7.500000e-01 2.009619e-01
      vertex   1.885000e+01 4.393398e-01 4.393398e-01
    endloop
  endfacet
  facet normal 4.564834e-18 -6.087614e-01 -7.933533e-01
    outer loop
      vertex   1.885000e+01 7.500000e-01 2.009619e-01
      vertex   1.885000e+01 4.393398e-01 4.393398e-01
      vertex   1.055000e+01 4.393398e-01 4.393398e-01
    endloop
  endfacet
  facet normal -2.469135e-18 -7.933533e-01 -6.087614e-01
    outer loop
      vertex   1.055000e+01 4.393398e-01 4.393398e-01
      vertex   1.885000e+01 4.393398e-01 4.393398e-01
      vertex   1.055000e+01 2.009619e-01 7.500000e-01
    endloop
  endfacet
  facet normal 7.775154e-18 -6.087614e-01 -7.933533e-01
    outer loop
      vertex   1.885000e+01 4.393398e-01 4.393398e-01
      vertex   2.715000e+01 7.500000e-01 2.009619e-01
      vertex   2.715000e+01 4.393398e-01 4.393398e-01
    endloop
  endfacet
  facet normal 1.602317e-18 -7.933533e-01 -6.087614e-01
    outer loop
      vertex   1.885000e+01 4.393398e-01 4.393398e-01
      vertex   2.715000e+01 4.393398e-01 4.393398e-01
      vertex   1.885000e+01 2.009619e-01 7.500000e-01
    endloop
  endfacet
  facet normal -1.838719e-17 -7.933533e-01 -6.087614e-01
    outer loop
      vertex   1.885000e+01 2.009619e-01 7.500000e-01
      vertex   2.715000e+01 4.393398e-01 4.393398e-01
      vertex   2.715000e+01 2.009619e-01 7.500000e-01
    endloop
  endfacet
  facet normal -2.577611e-17 -9.238795e-01 -3.826834e-01
    outer loop
      vertex   1.885000e+01 2.009619e-01 7.500000e-01
      vertex   2.715000e+01 2.009619e-01 7.500000e-01
      vertex   1.885000e+01 5.111126e-02 1.111771e+00
    endloop
  endfacet
  facet normal 7.767215e-19 -9.238795e-01 -3.826834e-01
    outer loop
      vertex   1.055000e+01 5.111126e-02 1.111771e+00
      vertex   1.055000e+01 2.009619e-01 7.500000e-01
      vertex   1.885000e+01 2.009619e-01 7.500000e-01
    endloop
  endfacet
  facet normal -0.000000e+00 -7.933533e-01 -6.087614e-01
    outer loop
      vertex   1.885000e+01 2.009619e-01 7.500000e-01
      vertex   1.055000e+01 2.009619e-01 7.500000e-01
      vertex   1.885000e+01 4.393398e-01 4.393398e-01
    endloop
  endfacet
  facet normal 0.000000e+00 -9.238795e-01 -3.826834e-01
    outer loop
      vertex   1.055000e+01 5.111126e-02 1.111771e+00
      vertex   1.885000e+01 2.009619e-01 7.500000e-01
      vertex   1.885000e+01 5.111126e-02 1.111771e+00
    endloop
  endfacet
  facet normal 1.289379e-01 -1.697499e-02 -9.915074e-01
    outer loop
      vertex   4.447444e+01 2.055886e+00 0.000000e+00
      vertex   4.450000e+01 2.250000e+00 0.000000e+00
      vertex   4.485969e+01 1.996720e+00 5.111126e-02
    endloop
  endfacet
  facet normal 1.305121e-01 -1.470518e-02 -9.913377e-01
    outer loop
      vertex   4.485969e+01 1.996720e+00 5.111126e-02
      vertex   4.450000e+01 2.250000e+00 0.000000e+00
      vertex   4.488823e+01 2.250000e+00 5.111126e-02
    endloop
  endfacet
  facet normal 3.823282e-01 -4.307804e-02 -9.230219e-01
    outer loop
      vertex   4.485969e+01 1.996720e+00 5.111126e-02
      vertex   4.488823e+01 2.250000e+00 5.111126e-02
      vertex   4.525000e+01 2.250000e+00 2.009619e-01
    endloop
  endfacet
  facet normal 3.823282e-01 -4.307804e-02 -9.230219e-01
    outer loop
      vertex   4.485969e+01 1.996720e+00 5.111126e-02
      vertex   4.525000e+01 2.250000e+00 2.009619e-01
      vertex   4.521239e+01 1.916219e+00 2.009619e-01
    endloop
  endfacet
  facet normal 6.073344e-01 -6.843016e-02 -7.914936e-01
    outer loop
      vertex   4.521239e+01 1.916219e+00 2.009619e-01
      vertex   4.525000e+01 2.250000e+00 2.009619e-01
      vertex   4.556066e+01 2.250000e+00 4.393398e-01
    endloop
  endfacet
  facet normal 6.073344e-01 -6.843016e-02 -7.914936e-01
    outer loop
      vertex   4.521239e+01 1.916219e+00 2.009619e-01
      vertex   4.556066e+01 2.250000e+00 4.393398e-01
      vertex   4.551526e+01 1.847090e+00 4.393398e-01
    endloop
  endfacet
  facet normal 7.902026e-01 -8.903445e-02 -6.063438e-01
    outer loop
      vertex   4.551526e+01 1.847090e+00 4.393398e-01
      vertex   4.556066e+01 2.250000e+00 4.393398e-01
      vertex   4.579904e+01 2.250000e+00 7.500000e-01
    endloop
  endfacet
  facet normal 7.902026e-01 -8.903445e-02 -6.063438e-01
    outer loop
      vertex   4.551526e+01 1.847090e+00 4.393398e-01
      vertex   4.579904e+01 2.250000e+00 7.500000e-01
      vertex   4.574766e+01 1.794046e+00 7.500000e-01
    endloop
  endfacet
  facet normal 9.189143e-01 -1.035368e-01 -3.806267e-01
    outer loop
      vertex   4.574766e+01 1.794046e+00 7.500000e-01
      vertex   4.579904e+01 2.250000e+00 7.500000e-01
      vertex   4.594889e+01 2.250000e+00 1.111771e+00
    endloop
  endfacet
  facet normal 9.189143e-01 -1.035368e-01 -3.806267e-01
    outer loop
      vertex   4.574766e+01 1.794046e+00 7.500000e-01
      vertex   4.594889e+01 2.250000e+00 1.111771e+00
      vertex   4.589376e+01 1.760701e+00 1.111771e+00
    endloop
  endfacet
  facet normal 9.831807e-01 -1.107779e-01 -1.452030e-01
    outer loop
      vertex   4.589376e+01 1.760701e+00 1.111771e+00
      vertex   4.594889e+01 2.250000e+00 1.111771e+00
      vertex   4.595677e+01 1.811047e+00 1.500000e+00
    endloop
  endfacet
  facet normal 9.503838e-01 -2.882958e-01 -1.168595e-01
    outer loop
      vertex   4.589376e+01 1.760701e+00 1.111771e+00
      vertex   4.595677e+01 1.811047e+00 1.500000e+00
      vertex   4.582873e+01 1.388962e+00 1.500000e+00
    endloop
  endfacet
  facet normal 9.867515e-01 -9.718654e-02 -1.299083e-01
    outer loop
      vertex   4.594889e+01 2.250000e+00 1.111771e+00
      vertex   4.600000e+01 2.250000e+00 1.500000e+00
      vertex   4.595677e+01 1.811047e+00 1.500000e+00
    endloop
  endfacet
  facet normal 9.322965e-01 -3.262247e-01 -1.562071e-01
    outer loop
      vertex   4.589376e+01 1.760701e+00 1.111771e+00
      vertex   4.582873e+01 1.388962e+00 1.500000e+00
      vertex   4.573113e+01 1.295938e+00 1.111771e+00
    endloop
  endfacet
  facet normal 8.767513e-01 -4.686333e-01 -1.081204e-01
    outer loop
      vertex   4.573113e+01 1.295938e+00 1.111771e+00
      vertex   4.582873e+01 1.388962e+00 1.500000e+00
      vertex   4.562081e+01 9.999670e-01 1.500000e+00
    endloop
  endfacet
  facet normal 8.354302e-01 -5.249356e-01 -1.627854e-01
    outer loop
      vertex   4.573113e+01 1.295938e+00 1.111771e+00
      vertex   4.562081e+01 9.999670e-01 1.500000e+00
      vertex   4.546916e+01 8.790153e-01 1.111771e+00
    endloop
  endfacet
  facet normal 7.688397e-01 -6.309704e-01 -1.037396e-01
    outer loop
      vertex   4.546916e+01 8.790153e-01 1.111771e+00
      vertex   4.562081e+01 9.999670e-01 1.500000e+00
      vertex   4.534099e+01 6.590097e-01 1.500000e+00
    endloop
  endfacet
  facet normal 6.974179e-01 -6.974179e-01 -1.649740e-01
    outer loop
      vertex   4.546916e+01 8.790153e-01 1.111771e+00
      vertex   4.534099e+01 6.590097e-01 1.500000e+00
      vertex   4.512098e+01 5.308396e-01 1.111771e+00
    endloop
  endfacet
  facet normal 6.309704e-01 -7.688397e-01 -1.037396e-01
    outer loop
      vertex   4.512098e+01 5.308396e-01 1.111771e+00
      vertex   4.534099e+01 6.590097e-01 1.500000e+00
      vertex   4.500003e+01 3.791934e-01 1.500000e+00
    endloop
  endfacet
  facet normal 5.249356e-01 -8.354302e-01 -1.627854e-01
    outer loop
      vertex   4.512098e+01 5.308396e-01 1.111771e+00
      vertex   4.500003e+01 3.791934e-01 1.500000e+00
      vertex   4.470406e+01 2.688697e-01 1.111771e+00
    endloop
  endfacet
  facet normal 4.686333e-01 -8.767513e-01 -1.081204e-01
    outer loop
      vertex   4.470406e+01 2.688697e-01 1.111771e+00
      vertex   4.500003e+01 3.791934e-01 1.500000e+00
      vertex   4.461104e+01 1.712711e-01 1.500000e+00
    endloop
  endfacet
  facet normal 3.262247e-01 -9.322965e-01 -1.562071e-01
    outer loop
      vertex   4.470406e+01 2.688697e-01 1.111771e+00
      vertex   4.461104e+01 1.712711e-01 1.500000e+00
      vertex   4.423930e+01 1.062420e-01 1.111771e+00
    endloop
  endfacet
  facet normal 2.882958e-01 -9.503838e-01 -1.168595e-01
    outer loop
      vertex   4.423930e+01 1.062420e-01 1.111771e+00
      vertex   4.461104e+01 1.712711e-01 1.500000e+00
      vertex   4.418895e+01 4.323312e-02 1.500000e+00
    endloop
  endfacet
  facet normal 1.107779e-01 -9.831807e-01 -1.452030e-01
    outer loop
      vertex   4.423930e+01 1.062420e-01 1.111771e+00
      vertex   4.418895e+01 4.323312e-02 1.500000e+00
      vertex   4.375000e+01 5.111126e-02 1.111771e+00
    endloop
  endfacet
  facet normal 9.718654e-02 -9.867515e-01 -1.299083e-01
    outer loop
      vertex   4.375000e+01 5.111126e-02 1.111771e+00
      vertex   4.418895e+01 4.323312e-02 1.500000e+00
      vertex   4.375000e+01 0.000000e+00 1.500000e+00
    endloop
  endfacet
  facet normal 1.035368e-01 -9.189143e-01 -3.806267e-01
    outer loop
      vertex   4.375000e+01 5.111126e-02 1.111771e+00
      vertex   4.375000e+01 2.009619e-01 7.500000e-01
      vertex   4.423930e+01 1.062420e-01 1.111771e+00
    endloop
  endfacet
  facet normal 1.035368e-01 -9.189143e-01 -3.806267e-01
    outer loop
      vertex   4.423930e+01 1.062420e-01 1.111771e+00
      vertex   4.375000e+01 2.009619e-01 7.500000e-01
      vertex   4.420595e+01 2.523356e-01 7.500000e-01
    endloop
  endfacet
  facet normal 3.054185e-01 -8.728361e-01 -3.806267e-01
    outer loop
      vertex   4.423930e+01 1.062420e-01 1.111771e+00
      vertex   4.420595e+01 2.523356e-01 7.500000e-01
      vertex   4.470406e+01 2.688697e-01 1.111771e+00
    endloop
  endfacet
  facet normal 3.054185e-01 -8.728361e-01 -3.806267e-01
    outer loop
      vertex   4.470406e+01 2.688697e-01 1.111771e+00
      vertex   4.420595e+01 2.523356e-01 7.500000e-01
      vertex   4.463904e+01 4.038805e-01 7.500000e-01
    endloop
  endfacet
  facet normal 4.919854e-01 -7.829902e-01 -3.806267e-01
    outer loop
      vertex   4.470406e+01 2.688697e-01 1.111771e+00
      vertex   4.463904e+01 4.038805e-01 7.500000e-01
      vertex   4.512098e+01 5.308396e-01 1.111771e+00
    endloop
  endfacet
  facet normal 4.919854e-01 -7.829902e-01 -3.806267e-01
    outer loop
      vertex   4.512098e+01 5.308396e-01 1.111771e+00
      vertex   4.463904e+01 4.038805e-01 7.500000e-01
      vertex   4.502755e+01 6.479975e-01 7.500000e-01
    endloop
  endfacet
  facet normal 6.538820e-01 -6.538820e-01 -3.806267e-01
    outer loop
      vertex   4.512098e+01 5.308396e-01 1.111771e+00
      vertex   4.502755e+01 6.479975e-01 7.500000e-01
      vertex   4.546916e+01 8.790153e-01 1.111771e+00
    endloop
  endfacet
  facet normal 6.538820e-01 -6.538820e-01 -3.806267e-01
    outer loop
      vertex   4.546916e+01 8.790153e-01 1.111771e+00
      vertex   4.502755e+01 6.479975e-01 7.500000e-01
      vertex   4.535200e+01 9.724456e-01 7.500000e-01
    endloop
  endfacet
  facet normal 7.829902e-01 -4.919854e-01 -3.806267e-01
    outer loop
      vertex   4.546916e+01 8.790153e-01 1.111771e+00
      vertex   4.535200e+01 9.724456e-01 7.500000e-01
      vertex   4.573113e+01 1.295938e+00 1.111771e+00
    endloop
  endfacet
  facet normal 7.829902e-01 -4.919854e-01 -3.806267e-01
    outer loop
      vertex   4.573113e+01 1.295938e+00 1.111771e+00
      vertex   4.535200e+01 9.724456e-01 7.500000e-01
      vertex   4.559612e+01 1.360956e+00 7.500000e-01
    endloop
  endfacet
  facet normal 8.728361e-01 -3.054185e-01 -3.806267e-01
    outer loop
      vertex   4.573113e+01 1.295938e+00 1.111771e+00
      vertex   4.559612e+01 1.360956e+00 7.500000e-01
      vertex   4.589376e+01 1.760701e+00 1.111771e+00
    endloop
  endfacet
  facet normal 8.728361e-01 -3.054185e-01 -3.806267e-01
    outer loop
      vertex   4.589376e+01 1.760701e+00 1.111771e+00
      vertex   4.559612e+01 1.360956e+00 7.500000e-01
      vertex   4.574766e+01 1.794046e+00 7.500000e-01
    endloop
  endfacet
  facet normal 8.903445e-02 -7.902026e-01 -6.063438e-01
    outer loop
      vertex   4.375000e+01 2.009619e-01 7.500000e-01
      vertex   4.375000e+01 4.393398e-01 4.393398e-01
      vertex   4.420595e+01 2.523356e-01 7.500000e-01
    endloop
  endfacet
  facet normal 8.903445e-02 -7.902026e-01 -6.063438e-01
    outer loop
      vertex   4.420595e+01 2.523356e-01 7.500000e-01
      vertex   4.375000e+01 4.393398e-01 4.393398e-01
      vertex   4.415291e+01 4.847369e-01 4.393398e-01
    endloop
  endfacet
  facet normal 2.626388e-01 -7.505785e-01 -6.063438e-01
    outer loop
      vertex   4.420595e+01 2.523356e-01 7.500000e-01
      vertex   4.415291e+01 4.847369e-01 4.393398e-01
      vertex   4.463904e+01 4.038805e-01 7.500000e-01
    endloop
  endfacet
  facet normal 2.626388e-01 -7.505785e-01 -6.063438e-01
    outer loop
      vertex   4.463904e+01 4.038805e-01 7.500000e-01
      vertex   4.415291e+01 4.847369e-01 4.393398e-01
      vertex   4.453562e+01 6.186516e-01 4.393398e-01
    endloop
  endfacet
  facet normal 4.230733e-01 -6.733173e-01 -6.063438e-01
    outer loop
      vertex   4.463904e+01 4.038805e-01 7.500000e-01
      vertex   4.453562e+01 6.186516e-01 4.393398e-01
      vertex   4.502755e+01 6.479975e-01 7.500000e-01
    endloop
  endfacet
  facet normal 4.230733e-01 -6.733173e-01 -6.063438e-01
    outer loop
      vertex   4.502755e+01 6.479975e-01 7.500000e-01
      vertex   4.453562e+01 6.186516e-01 4.393398e-01
      vertex   4.487893e+01 8.343689e-01 4.393398e-01
    endloop
  endfacet
  facet normal 5.622932e-01 -5.622932e-01 -6.063438e-01
    outer loop
      vertex   4.502755e+01 6.479975e-01 7.500000e-01
      vertex   4.487893e+01 8.343689e-01 4.393398e-01
      vertex   4.535200e+01 9.724456e-01 7.500000e-01
    endloop
  endfacet
  facet normal 5.622932e-01 -5.622932e-01 -6.063438e-01
    outer loop
      vertex   4.535200e+01 9.724456e-01 7.500000e-01
      vertex   4.487893e+01 8.343689e-01 4.393398e-01
      vertex   4.516563e+01 1.121072e+00 4.393398e-01
    endloop
  endfacet
  facet normal 6.733173e-01 -4.230733e-01 -6.063438e-01
    outer loop
      vertex   4.535200e+01 9.724456e-01 7.500000e-01
      vertex   4.516563e+01 1.121072e+00 4.393398e-01
      vertex   4.559612e+01 1.360956e+00 7.500000e-01
    endloop
  endfacet
  facet normal 6.733173e-01 -4.230733e-01 -6.063438e-01
    outer loop
      vertex   4.559612e+01 1.360956e+00 7.500000e-01
      vertex   4.516563e+01 1.121072e+00 4.393398e-01
      vertex   4.538135e+01 1.464384e+00 4.393398e-01
    endloop
  endfacet
  facet normal 7.505785e-01 -2.626388e-01 -6.063438e-01
    outer loop
      vertex   4.559612e+01 1.360956e+00 7.500000e-01
      vertex   4.538135e+01 1.464384e+00 4.393398e-01
      vertex   4.574766e+01 1.794046e+00 7.500000e-01
    endloop
  endfacet
  facet normal 7.505785e-01 -2.626388e-01 -6.063438e-01
    outer loop
      vertex   4.574766e+01 1.794046e+00 7.500000e-01
      vertex   4.538135e+01 1.464384e+00 4.393398e-01
      vertex   4.551526e+01 1.847090e+00 4.393398e-01
    endloop
  endfacet
  facet normal 6.843016e-02 -6.073344e-01 -7.914936e-01
    outer loop
      vertex   4.375000e+01 4.393398e-01 4.393398e-01
      vertex   4.375000e+01 7.500000e-01 2.009619e-01
      vertex   4.415291e+01 4.847369e-01 4.393398e-01
    endloop
  endfacet
  facet normal 6.843016e-02 -6.073344e-01 -7.914936e-01
    outer loop
      vertex   4.415291e+01 4.847369e-01 4.393398e-01
      vertex   4.375000e+01 7.500000e-01 2.009619e-01
      vertex   4.408378e+01 7.876081e-01 2.009619e-01
    endloop
  endfacet
  facet normal 2.018591e-01 -5.768802e-01 -7.914936e-01
    outer loop
      vertex   4.415291e+01 4.847369e-01 4.393398e-01
      vertex   4.408378e+01 7.876081e-01 2.009619e-01
      vertex   4.453562e+01 6.186516e-01 4.393398e-01
    endloop
  endfacet
  facet normal 2.018591e-01 -5.768802e-01 -7.914936e-01
    outer loop
      vertex   4.453562e+01 6.186516e-01 4.393398e-01
      vertex   4.408378e+01 7.876081e-01 2.009619e-01
      vertex   4.440083e+01 8.985467e-01 2.009619e-01
    endloop
  endfacet
  facet normal 3.251660e-01 -5.174987e-01 -7.914936e-01
    outer loop
      vertex   4.453562e+01 6.186516e-01 4.393398e-01
      vertex   4.440083e+01 8.985467e-01 2.009619e-01
      vertex   4.487893e+01 8.343689e-01 4.393398e-01
    endloop
  endfacet
  facet normal 3.251660e-01 -5.174987e-01 -7.914936e-01
    outer loop
      vertex   4.487893e+01 8.343689e-01 4.393398e-01
      vertex   4.440083e+01 8.985467e-01 2.009619e-01
      vertex   4.468523e+01 1.077253e+00 2.009619e-01
    endloop
  endfacet
  facet normal 4.321677e-01 -4.321677e-01 -7.914936e-01
    outer loop
      vertex   4.487893e+01 8.343689e-01 4.393398e-01
      vertex   4.468523e+01 1.077253e+00 2.009619e-01
      vertex   4.516563e+01 1.121072e+00 4.393398e-01
    endloop
  endfacet
  facet normal 4.321677e-01 -4.321677e-01 -7.914936e-01
    outer loop
      vertex   4.516563e+01 1.121072e+00 4.393398e-01
      vertex   4.468523e+01 1.077253e+00 2.009619e-01
      vertex   4.492275e+01 1.314765e+00 2.009619e-01
    endloop
  endfacet
  facet normal 5.174987e-01 -3.251660e-01 -7.914936e-01
    outer loop
      vertex   4.516563e+01 1.121072e+00 4.393398e-01
      vertex   4.492275e+01 1.314765e+00 2.009619e-01
      vertex   4.538135e+01 1.464384e+00 4.393398e-01
    endloop
  endfacet
  facet normal 5.174987e-01 -3.251660e-01 -7.914936e-01
    outer loop
      vertex   4.538135e+01 1.464384e+00 4.393398e-01
      vertex   4.492275e+01 1.314765e+00 2.009619e-01
      vertex   4.510145e+01 1.599174e+00 2.009619e-01
    endloop
  endfacet
  facet normal 5.768802e-01 -2.018591e-01 -7.914936e-01
    outer loop
      vertex   4.538135e+01 1.464384e+00 4.393398e-01
      vertex   4.510145e+01 1.599174e+00 2.009619e-01
      vertex   4.551526e+01 1.847090e+00 4.393398e-01
    endloop
  endfacet
  facet normal 5.768802e-01 -2.018591e-01 -7.914936e-01
    outer loop
      vertex   4.551526e+01 1.847090e+00 4.393398e-01
      vertex   4.510145e+01 1.599174e+00 2.009619e-01
      vertex   4.521239e+01 1.916219e+00 2.009619e-01
    endloop
  endfacet
  facet normal 4.307804e-02 -3.823282e-01 -9.230219e-01
    outer loop
      vertex   4.375000e+01 7.500000e-01 2.009619e-01
      vertex   4.375000e+01 1.111771e+00 5.111126e-02
      vertex   4.408378e+01 7.876081e-01 2.009619e-01
    endloop
  endfacet
  facet normal 4.307804e-02 -3.823282e-01 -9.230219e-01
    outer loop
      vertex   4.408378e+01 7.876081e-01 2.009619e-01
      vertex   4.375000e+01 1.111771e+00 5.111126e-02
      vertex   4.400328e+01 1.140309e+00 5.111126e-02
    endloop
  endfacet
  facet normal 1.270740e-01 -3.631567e-01 -9.230219e-01
    outer loop
      vertex   4.408378e+01 7.876081e-01 2.009619e-01
      vertex   4.400328e+01 1.140309e+00 5.111126e-02
      vertex   4.440083e+01 8.985467e-01 2.009619e-01
    endloop
  endfacet
  facet normal 1.270740e-01 -3.631567e-01 -9.230219e-01
    outer loop
      vertex   4.440083e+01 8.985467e-01 2.009619e-01
      vertex   4.400328e+01 1.140309e+00 5.111126e-02
      vertex   4.424386e+01 1.224491e+00 5.111126e-02
    endloop
  endfacet
  facet normal 2.046980e-01 -3.257749e-01 -9.230219e-01
    outer loop
      vertex   4.440083e+01 8.985467e-01 2.009619e-01
      vertex   4.424386e+01 1.224491e+00 5.111126e-02
      vertex   4.468523e+01 1.077253e+00 2.009619e-01
    endloop
  endfacet
  facet normal 2.046980e-01 -3.257749e-01 -9.230219e-01
    outer loop
      vertex   4.468523e+01 1.077253e+00 2.009619e-01
      vertex   4.424386e+01 1.224491e+00 5.111126e-02
      vertex   4.445967e+01 1.360097e+00 5.111126e-02
    endloop
  endfacet
  facet normal 2.720575e-01 -2.720575e-01 -9.230219e-01
    outer loop
      vertex   4.468523e+01 1.077253e+00 2.009619e-01
      vertex   4.445967e+01 1.360097e+00 5.111126e-02
      vertex   4.492275e+01 1.314765e+00 2.009619e-01
    endloop
  endfacet
  facet normal 2.720575e-01 -2.720575e-01 -9.230219e-01
    outer loop
      vertex   4.492275e+01 1.314765e+00 2.009619e-01
      vertex   4.445967e+01 1.360097e+00 5.111126e-02
      vertex   4.463990e+01 1.540326e+00 5.111126e-02
    endloop
  endfacet
  facet normal 3.257749e-01 -2.046980e-01 -9.230219e-01
    outer loop
      vertex   4.492275e+01 1.314765e+00 2.009619e-01
      vertex   4.463990e+01 1.540326e+00 5.111126e-02
      vertex   4.510145e+01 1.599174e+00 2.009619e-01
    endloop
  endfacet
  facet normal 3.257749e-01 -2.046980e-01 -9.230219e-01
    outer loop
      vertex   4.510145e+01 1.599174e+00 2.009619e-01
      vertex   4.463990e+01 1.540326e+00 5.111126e-02
      vertex   4.477551e+01 1.756141e+00 5.111126e-02
    endloop
  endfacet
  facet normal 3.631567e-01 -1.270740e-01 -9.230219e-01
    outer loop
      vertex   4.510145e+01 1.599174e+00 2.009619e-01
      vertex   4.477551e+01 1.756141e+00 5.111126e-02
      vertex   4.521239e+01 1.916219e+00 2.009619e-01
    endloop
  endfacet
  facet normal 3.631567e-01 -1.270740e-01 -9.230219e-01
    outer loop
      vertex   4.521239e+01 1.916219e+00 2.009619e-01
      vertex   4.477551e+01 1.756141e+00 5.111126e-02
      vertex   4.485969e+01 1.996720e+00 5.111126e-02
    endloop
  endfacet
  facet normal 1.470518e-02 -1.305121e-01 -9.913377e-01
    outer loop
      vertex   4.375000e+01 1.111771e+00 5.111126e-02
      vertex   4.375000e+01 1.500000e+00 0.000000e+00
      vertex   4.400328e+01 1.140309e+00 5.111126e-02
    endloop
  endfacet
  facet normal 1.697499e-02 -1.289379e-01 -9.915074e-01
    outer loop
      vertex   4.400328e+01 1.140309e+00 5.111126e-02
      vertex   4.375000e+01 1.500000e+00 0.000000e+00
      vertex   4.394411e+01 1.525556e+00 0.000000e+00
    endloop
  endfacet
  facet normal 4.366945e-02 -1.248001e-01 -9.912204e-01
    outer loop
      vertex   4.400328e+01 1.140309e+00 5.111126e-02
      vertex   4.394411e+01 1.525556e+00 0.000000e+00
      vertex   4.424386e+01 1.224491e+00 5.111126e-02
    endloop
  endfacet
  facet normal 4.937191e-02 -1.191943e-01 -9.916426e-01
    outer loop
      vertex   4.424386e+01 1.224491e+00 5.111126e-02
      vertex   4.394411e+01 1.525556e+00 0.000000e+00
      vertex   4.412500e+01 1.600481e+00 0.000000e+00
    endloop
  endfacet
  facet normal 7.063003e-02 -1.124070e-01 -9.911489e-01
    outer loop
      vertex   4.424386e+01 1.224491e+00 5.111126e-02
      vertex   4.412500e+01 1.600481e+00 0.000000e+00
      vertex   4.445967e+01 1.360097e+00 5.111126e-02
    endloop
  endfacet
  facet normal 7.822770e-02 -1.019483e-01 -9.917091e-01
    outer loop
      vertex   4.445967e+01 1.360097e+00 5.111126e-02
      vertex   4.412500e+01 1.600481e+00 0.000000e+00
      vertex   4.428033e+01 1.719670e+00 0.000000e+00
    endloop
  endfacet
  facet normal 9.399902e-02 -9.399902e-02 -9.911248e-01
    outer loop
      vertex   4.445967e+01 1.360097e+00 5.111126e-02
      vertex   4.428033e+01 1.719670e+00 0.000000e+00
      vertex   4.463990e+01 1.540326e+00 5.111126e-02
    endloop
  endfacet
  facet normal 1.019483e-01 -7.822770e-02 -9.917091e-01
    outer loop
      vertex   4.463990e+01 1.540326e+00 5.111126e-02
      vertex   4.428033e+01 1.719670e+00 0.000000e+00
      vertex   4.439952e+01 1.875000e+00 0.000000e+00
    endloop
  endfacet
  facet normal 1.124070e-01 -7.063003e-02 -9.911489e-01
    outer loop
      vertex   4.463990e+01 1.540326e+00 5.111126e-02
      vertex   4.439952e+01 1.875000e+00 0.000000e+00
      vertex   4.477551e+01 1.756141e+00 5.111126e-02
    endloop
  endfacet
  facet normal 1.191943e-01 -4.937191e-02 -9.916426e-01
    outer loop
      vertex   4.477551e+01 1.756141e+00 5.111126e-02
      vertex   4.439952e+01 1.875000e+00 0.000000e+00
      vertex   4.447444e+01 2.055886e+00 0.000000e+00
    endloop
  endfacet
  facet normal 1.248001e-01 -4.366945e-02 -9.912204e-01
    outer loop
      vertex   4.477551e+01 1.756141e+00 5.111126e-02
      vertex   4.447444e+01 2.055886e+00 0.000000e+00
      vertex   4.485969e+01 1.996720e+00 5.111126e-02
    endloop
  endfacet
  facet normal 1.305262e-01 -1.069049e-16 -9.914449e-01
    outer loop
      vertex   4.488823e+01 7.175000e+01 5.111126e-02
      vertex   4.488823e+01 6.402778e+01 5.111126e-02
      vertex   4.450000e+01 7.175000e+01 0.000000e+00
    endloop
  endfacet
  facet normal 1.305262e-01 -5.548031e-19 -9.914449e-01
    outer loop
      vertex   4.450000e+01 7.175000e+01 0.000000e+00
      vertex   4.488823e+01 6.402778e+01 5.111126e-02
      vertex   4.488823e+01 5.630556e+01 5.111126e-02
    endloop
  endfacet
  facet normal 1.305262e-01 -5.548031e-19 -9.914449e-01
    outer loop
      vertex   4.450000e+01 7.175000e+01 0.000000e+00
      vertex   4.488823e+01 5.630556e+01 5.111126e-02
      vertex   4.488823e+01 4.858333e+01 5.111126e-02
    endloop
  endfacet
  facet normal 3.826834e-01 0.000000e+00 -9.238795e-01
    outer loop
      vertex   4.488823e+01 4.858333e+01 5.111126e-02
      vertex   4.488823e+01 5.630556e+01 5.111126e-02
      vertex   4.525000e+01 4.858333e+01 2.009619e-01
    endloop
  endfacet
  facet normal 3.826834e-01 4.890776e-19 -9.238795e-01
    outer loop
      vertex   4.488823e+01 4.858333e+01 5.111126e-02
      vertex   4.525000e+01 4.858333e+01 2.009619e-01
      vertex   4.525000e+01 4.086111e+01 2.009619e-01
    endloop
  endfacet
  facet normal 6.087614e-01 0.000000e+00 -7.933533e-01
    outer loop
      vertex   4.525000e+01 4.086111e+01 2.009619e-01
      vertex   4.525000e+01 4.858333e+01 2.009619e-01
      vertex   4.556066e+01 4.086111e+01 4.393398e-01
    endloop
  endfacet
  facet normal 6.087614e-01 -2.098044e-18 -7.933533e-01
    outer loop
      vertex   4.525000e+01 4.086111e+01 2.009619e-01
      vertex   4.556066e+01 4.086111e+01 4.393398e-01
      vertex   4.556066e+01 3.313889e+01 4.393398e-01
    endloop
  endfacet
  facet normal 7.933533e-01 0.000000e+00 -6.087614e-01
    outer loop
      vertex   4.556066e+01 3.313889e+01 4.393398e-01
      vertex   4.556066e+01 4.086111e+01 4.393398e-01
      vertex   4.579904e+01 3.313889e+01 7.500000e-01
    endloop
  endfacet
  facet normal 7.933533e-01 -1.286106e-18 -6.087614e-01
    outer loop
      vertex   4.556066e+01 3.313889e+01 4.393398e-01
      vertex   4.579904e+01 3.313889e+01 7.500000e-01
      vertex   4.579904e+01 2.541667e+01 7.500000e-01
    endloop
  endfacet
  facet normal 9.238795e-01 0.000000e+00 -3.826834e-01
    outer loop
      vertex   4.579904e+01 2.541667e+01 7.500000e-01
      vertex   4.579904e+01 3.313889e+01 7.500000e-01
      vertex   4.594889e+01 2.541667e+01 1.111771e+00
    endloop
  endfacet
  facet normal 9.238795e-01 -4.704392e-19 -3.826834e-01
    outer loop
      vertex   4.579904e+01 2.541667e+01 7.500000e-01
      vertex   4.594889e+01 2.541667e+01 1.111771e+00
      vertex   4.594889e+01 1.769444e+01 1.111771e+00
    endloop
  endfacet
  facet normal 9.914449e-01 0.000000e+00 -1.305262e-01
    outer loop
      vertex   4.594889e+01 1.769444e+01 1.111771e+00
      vertex   4.594889e+01 2.541667e+01 1.111771e+00
      vertex   4.600000e+01 2.250000e+00 1.500000e+00
    endloop
  endfacet
  facet normal 9.914449e-01 0.000000e+00 -1.305262e-01
    outer loop
      vertex   4.594889e+01 1.769444e+01 1.111771e+00
      vertex   4.600000e+01 2.250000e+00 1.500000e+00
      vertex   4.594889e+01 9.972222e+00 1.111771e+00
    endloop
  endfacet
  facet normal 9.914449e-01 3.753147e-18 -1.305262e-01
    outer loop
      vertex   4.594889e+01 9.972222e+00 1.111771e+00
      vertex   4.600000e+01 2.250000e+00 1.500000e+00
      vertex   4.594889e+01 2.250000e+00 1.111771e+00
    endloop
  endfacet
  facet normal 9.238795e-01 1.100367e-17 -3.826834e-01
    outer loop
      vertex   4.594889e+01 9.972222e+00 1.111771e+00
      vertex   4.594889e+01 2.250000e+00 1.111771e+00
      vertex   4.579904e+01 9.972222e+00 7.500000e-01
    endloop
  endfacet
  facet normal 9.238795e-01 3.301101e-17 -3.826834e-01
    outer loop
      vertex   4.579904e+01 9.972222e+00 7.500000e-01
      vertex   4.594889e+01 2.250000e+00 1.111771e+00
      vertex   4.579904e+01 2.250000e+00 7.500000e-01
    endloop
  endfacet
  facet normal 7.933533e-01 5.251294e-17 -6.087614e-01
    outer loop
      vertex   4.579904e+01 9.972222e+00 7.500000e-01
      vertex   4.579904e+01 2.250000e+00 7.500000e-01
      vertex   4.556066e+01 9.972222e+00 4.393398e-01
    endloop
  endfacet
  facet normal 7.933533e-01 -8.752156e-17 -6.087614e-01
    outer loop
      vertex   4.556066e+01 9.972222e+00 4.393398e-01
      vertex   4.579904e+01 2.250000e+00 7.500000e-01
      vertex   4.556066e+01 2.250000e+00 4.393398e-01
    endloop
  endfacet
  facet normal 6.087614e-01 -1.140603e-16 -7.933533e-01
    outer loop
      vertex   4.556066e+01 9.972222e+00 4.393398e-01
      vertex   4.556066e+01 2.250000e+00 4.393398e-01
      vertex   4.525000e+01 9.972222e+00 2.009619e-01
    endloop
  endfacet
  facet normal 6.087614e-01 5.703016e-17 -7.933533e-01
    outer loop
      vertex   4.525000e+01 9.972222e+00 2.009619e-01
      vertex   4.556066e+01 2.250000e+00 4.393398e-01
      vertex   4.525000e+01 2.250000e+00 2.009619e-01
    endloop
  endfacet
  facet normal 3.826834e-01 6.641303e-17 -9.238795e-01
    outer loop
      vertex   4.525000e+01 9.972222e+00 2.009619e-01
      vertex   4.525000e+01 2.250000e+00 2.009619e-01
      vertex   4.488823e+01 9.972222e+00 5.111126e-02
    endloop
  endfacet
  facet normal 3.826834e-01 9.961954e-17 -9.238795e-01
    outer loop
      vertex   4.488823e+01 9.972222e+00 5.111126e-02
      vertex   4.525000e+01 2.250000e+00 2.009619e-01
      vertex   4.488823e+01 2.250000e+00 5.111126e-02
    endloop
  endfacet
  facet normal 1.305262e-01 1.069049e-16 -9.914449e-01
    outer loop
      vertex   4.488823e+01 9.972222e+00 5.111126e-02
      vertex   4.488823e+01 2.250000e+00 5.111126e-02
      vertex   4.450000e+01 2.250000e+00 0.000000e+00
    endloop
  endfacet
  facet normal 3.826834e-01 -9.961954e-17 -9.238795e-01
    outer loop
      vertex   4.488823e+01 6.402778e+01 5.111126e-02
      vertex   4.488823e+01 7.175000e+01 5.111126e-02
      vertex   4.525000e+01 6.402778e+01 2.009619e-01
    endloop
  endfacet
  facet normal 3.826834e-01 -6.641303e-17 -9.238795e-01
    outer loop
      vertex   4.525000e+01 6.402778e+01 2.009619e-01
      vertex   4.488823e+01 7.175000e+01 5.111126e-02
      vertex   4.525000e+01 7.175000e+01 2.009619e-01
    endloop
  endfacet
  facet normal 6.087614e-01 -5.703016e-17 -7.933533e-01
    outer loop
      vertex   4.525000e+01 6.402778e+01 2.009619e-01
      vertex   4.525000e+01 7.175000e+01 2.009619e-01
      vertex   4.556066e+01 6.402778e+01 4.393398e-01
    endloop
  endfacet
  facet normal 6.087614e-01 1.140603e-16 -7.933533e-01
    outer loop
      vertex   4.556066e+01 6.402778e+01 4.393398e-01
      vertex   4.525000e+01 7.175000e+01 2.009619e-01
      vertex   4.556066e+01 7.175000e+01 4.393398e-01
    endloop
  endfacet
  facet normal 7.933533e-01 8.752156e-17 -6.087614e-01
    outer loop
      vertex   4.556066e+01 6.402778e+01 4.393398e-01
      vertex   4.556066e+01 7.175000e+01 4.393398e-01
      vertex   4.579904e+01 6.402778e+01 7.500000e-01
    endloop
  endfacet
  facet normal 7.933533e-01 -5.251294e-17 -6.087614e-01
    outer loop
      vertex   4.579904e+01 6.402778e+01 7.500000e-01
      vertex   4.556066e+01 7.175000e+01 4.393398e-01
      vertex   4.579904e+01 7.175000e+01 7.500000e-01
    endloop
  endfacet
  facet normal 9.238795e-01 -3.301101e-17 -3.826834e-01
    outer loop
      vertex   4.579904e+01 6.402778e+01 7.500000e-01
      vertex   4.579904e+01 7.175000e+01 7.500000e-01
      vertex   4.594889e+01 6.402778e+01 1.111771e+00
    endloop
  endfacet
  facet normal 9.238795e-01 -1.100367e-17 -3.826834e-01
    outer loop
      vertex   4.594889e+01 6.402778e+01 1.111771e+00
      vertex   4.579904e+01 7.175000e+01 7.500000e-01
      vertex   4.594889e+01 7.175000e+01 1.111771e+00
    endloop
  endfacet
  facet normal 9.914449e-01 -3.753147e-18 -1.305262e-01
    outer loop
      vertex   4.594889e+01 6.402778e+01 1.111771e+00
      vertex   4.594889e+01 7.175000e+01 1.111771e+00
      vertex   4.600000e+01 7.175000e+01 1.500000e+00
    endloop
  endfacet
  facet normal 9.914449e-01 0.000000e+00 -1.305262e-01
    outer loop
      vertex   4.600000e+01 2.250000e+00 1.500000e+00
      vertex   4.594889e+01 4.086111e+01 1.111771e+00
      vertex   4.600000e+01 7.175000e+01 1.500000e+00
    endloop
  endfacet
  facet normal 9.914449e-01 -3.909970e-19 -1.305262e-01
    outer loop
      vertex   4.600000e+01 7.175000e+01 1.500000e+00
      vertex   4.594889e+01 4.086111e+01 1.111771e+00
      vertex   4.594889e+01 4.858333e+01 1.111771e+00
    endloop
  endfacet
  facet normal 9.914449e-01 -3.909970e-19 -1.305262e-01
    outer loop
      vertex   4.600000e+01 7.175000e+01 1.500000e+00
      vertex   4.594889e+01 4.858333e+01 1.111771e+00
      vertex   4.594889e+01 5.630556e+01 1.111771e+00
    endloop
  endfacet
  facet normal 9.238795e-01 0.000000e+00 -3.826834e-01
    outer loop
      vertex   4.594889e+01 5.630556e+01 1.111771e+00
      vertex   4.594889e+01 4.858333e+01 1.111771e+00
      vertex   4.579904e+01 5.630556e+01 7.500000e-01
    endloop
  endfacet
  facet normal 9.238795e-01 -4.704392e-19 -3.826834e-01
    outer loop
      vertex   4.594889e+01 5.630556e+01 1.111771e+00
      vertex   4.579904e+01 5.630556e+01 7.500000e-01
      vertex   4.579904e+01 6.402778e+01 7.500000e-01
    endloop
  endfacet
  facet normal 7.933533e-01 0.000000e+00 -6.087614e-01
    outer loop
      vertex   4.579904e+01 6.402778e+01 7.500000e-01
      vertex   4.579904e+01 5.630556e+01 7.500000e-01
      vertex   4.556066e+01 6.402778e+01 4.393398e-01
    endloop
  endfacet
  facet normal 1.305262e-01 0.000000e+00 -9.914449e-01
    outer loop
      vertex   4.450000e+01 7.175000e+01 0.000000e+00
      vertex   4.488823e+01 3.313889e+01 5.111126e-02
      vertex   4.450000e+01 2.250000e+00 0.000000e+00
    endloop
  endfacet
  facet normal 1.305262e-01 -5.548031e-19 -9.914449e-01
    outer loop
      vertex   4.450000e+01 2.250000e+00 0.000000e+00
      vertex   4.488823e+01 3.313889e+01 5.111126e-02
      vertex   4.488823e+01 2.541667e+01 5.111126e-02
    endloop
  endfacet
  facet normal 1.305262e-01 -5.548031e-19 -9.914449e-01
    outer loop
      vertex   4.450000e+01 2.250000e+00 0.000000e+00
      vertex   4.488823e+01 2.541667e+01 5.111126e-02
      vertex   4.488823e+01 1.769444e+01 5.111126e-02
    endloop
  endfacet
  facet normal 3.826834e-01 0.000000e+00 -9.238795e-01
    outer loop
      vertex   4.488823e+01 1.769444e+01 5.111126e-02
      vertex   4.488823e+01 2.541667e+01 5.111126e-02
      vertex   4.525000e+01 1.769444e+01 2.009619e-01
    endloop
  endfacet
  facet normal 3.826834e-01 4.890776e-19 -9.238795e-01
    outer loop
      vertex   4.488823e+01 1.769444e+01 5.111126e-02
      vertex   4.525000e+01 1.769444e+01 2.009619e-01
      vertex   4.525000e+01 9.972222e+00 2.009619e-01
    endloop
  endfacet
  facet normal 6.087614e-01 0.000000e+00 -7.933533e-01
    outer loop
      vertex   4.525000e+01 9.972222e+00 2.009619e-01
      vertex   4.525000e+01 1.769444e+01 2.009619e-01
      vertex   4.556066e+01 9.972222e+00 4.393398e-01
    endloop
  endfacet
  facet normal 3.826834e-01 0.000000e+00 -9.238795e-01
    outer loop
      vertex   4.488823e+01 5.630556e+01 5.111126e-02
      vertex   4.488823e+01 6.402778e+01 5.111126e-02
      vertex   4.525000e+01 5.630556e+01 2.009619e-01
    endloop
  endfacet
  facet normal 3.826834e-01 0.000000e+00 -9.238795e-01
    outer loop
      vertex   4.525000e+01 5.630556e+01 2.009619e-01
      vertex   4.488823e+01 6.402778e+01 5.111126e-02
      vertex   4.525000e+01 6.402778e+01 2.009619e-01
    endloop
  endfacet
  facet normal 6.087614e-01 0.000000e+00 -7.933533e-01
    outer loop
      vertex   4.525000e+01 5.630556e+01 2.009619e-01
      vertex   4.525000e+01 6.402778e+01 2.009619e-01
      vertex   4.556066e+01 5.630556e+01 4.393398e-01
    endloop
  endfacet
  facet normal 6.087614e-01 0.000000e+00 -7.933533e-01
    outer loop
      vertex   4.556066e+01 5.630556e+01 4.393398e-01
      vertex   4.525000e+01 6.402778e+01 2.009619e-01
      vertex   4.556066e+01 6.402778e+01 4.393398e-01
    endloop
  endfacet
  facet normal 7.933533e-01 0.000000e+00 -6.087614e-01
    outer loop
      vertex   4.556066e+01 5.630556e+01 4.393398e-01
      vertex   4.556066e+01 6.402778e+01 4.393398e-01
      vertex   4.579904e+01 5.630556e+01 7.500000e-01
    endloop
  endfacet
  facet normal 1.305262e-01 0.000000e+00 -9.914449e-01
    outer loop
      vertex   4.488823e+01 3.313889e+01 5.111126e-02
      vertex   4.450000e+01 7.175000e+01 0.000000e+00
      vertex   4.488823e+01 4.086111e+01 5.111126e-02
    endloop
  endfacet
  facet normal 1.305262e-01 0.000000e+00 -9.914449e-01
    outer loop
      vertex   4.488823e+01 4.086111e+01 5.111126e-02
      vertex   4.450000e+01 7.175000e+01 0.000000e+00
      vertex   4.488823e+01 4.858333e+01 5.111126e-02
    endloop
  endfacet
  facet normal 3.826834e-01 0.000000e+00 -9.238795e-01
    outer loop
      vertex   4.488823e+01 4.086111e+01 5.111126e-02
      vertex   4.488823e+01 4.858333e+01 5.111126e-02
      vertex   4.525000e+01 4.086111e+01 2.009619e-01
    endloop
  endfacet
  facet normal 3.826834e-01 0.000000e+00 -9.238795e-01
    outer loop
      vertex   4.488823e+01 3.313889e+01 5.111126e-02
      vertex   4.488823e+01 4.086111e+01 5.111126e-02
      vertex   4.525000e+01 3.313889e+01 2.009619e-01
    endloop
  endfacet
  facet normal 3.826834e-01 0.000000e+00 -9.238795e-01
    outer loop
      vertex   4.525000e+01 3.313889e+01 2.009619e-01
      vertex   4.488823e+01 4.086111e+01 5.111126e-02
      vertex   4.525000e+01 4.086111e+01 2.009619e-01
    endloop
  endfacet
  facet normal 6.087614e-01 0.000000e+00 -7.933533e-01
    outer loop
      vertex   4.525000e+01 3.313889e+01 2.009619e-01
      vertex   4.525000e+01 4.086111e+01 2.009619e-01
      vertex   4.556066e+01 3.313889e+01 4.393398e-01
    endloop
  endfacet
  facet normal 1.305262e-01 0.000000e+00 -9.914449e-01
    outer loop
      vertex   4.488823e+01 9.972222e+00 5.111126e-02
      vertex   4.450000e+01 2.250000e+00 0.000000e+00
      vertex   4.488823e+01 1.769444e+01 5.111126e-02
    endloop
  endfacet
  facet normal 3.826834e-01 0.000000e+00 -9.238795e-01
    outer loop
      vertex   4.488823e+01 2.541667e+01 5.111126e-02
      vertex   4.488823e+01 3.313889e+01 5.111126e-02
      vertex   4.525000e+01 2.541667e+01 2.009619e-01
    endloop
  endfacet
  facet normal 3.826834e-01 0.000000e+00 -9.238795e-01
    outer loop
      vertex   4.525000e+01 2.541667e+01 2.009619e-01
      vertex   4.488823e+01 3.313889e+01 5.111126e-02
      vertex   4.525000e+01 3.313889e+01 2.009619e-01
    endloop
  endfacet
  facet normal 6.087614e-01 0.000000e+00 -7.933533e-01
    outer loop
      vertex   4.525000e+01 2.541667e+01 2.009619e-01
      vertex   4.525000e+01 3.313889e+01 2.009619e-01
      vertex   4.556066e+01 2.541667e+01 4.393398e-01
    endloop
  endfacet
  facet normal 6.087614e-01 0.000000e+00 -7.933533e-01
    outer loop
      vertex   4.556066e+01 2.541667e+01 4.393398e-01
      vertex   4.525000e+01 3.313889e+01 2.009619e-01
      vertex   4.556066e+01 3.313889e+01 4.393398e-01
    endloop
  endfacet
  facet normal 7.933533e-01 0.000000e+00 -6.087614e-01
    outer loop
      vertex   4.556066e+01 2.541667e+01 4.393398e-01
      vertex   4.556066e+01 3.313889e+01 4.393398e-01
      vertex   4.579904e+01 2.541667e+01 7.500000e-01
    endloop
  endfacet
  facet normal 3.826834e-01 4.890776e-19 -9.238795e-01
    outer loop
      vertex   4.525000e+01 9.972222e+00 2.009619e-01
      vertex   4.488823e+01 9.972222e+00 5.111126e-02
      vertex   4.488823e+01 1.769444e+01 5.111126e-02
    endloop
  endfacet
  facet normal 3.826834e-01 4.890776e-19 -9.238795e-01
    outer loop
      vertex   4.488823e+01 5.630556e+01 5.111126e-02
      vertex   4.525000e+01 5.630556e+01 2.009619e-01
      vertex   4.525000e+01 4.858333e+01 2.009619e-01
    endloop
  endfacet
  facet normal 6.087614e-01 0.000000e+00 -7.933533e-01
    outer loop
      vertex   4.525000e+01 4.858333e+01 2.009619e-01
      vertex   4.525000e+01 5.630556e+01 2.009619e-01
      vertex   4.556066e+01 4.858333e+01 4.393398e-01
    endloop
  endfacet
  facet normal 6.087614e-01 -2.098044e-18 -7.933533e-01
    outer loop
      vertex   4.525000e+01 4.858333e+01 2.009619e-01
      vertex   4.556066e+01 4.858333e+01 4.393398e-01
      vertex   4.556066e+01 4.086111e+01 4.393398e-01
    endloop
  endfacet
  facet normal 7.933533e-01 0.000000e+00 -6.087614e-01
    outer loop
      vertex   4.556066e+01 4.086111e+01 4.393398e-01
      vertex   4.556066e+01 4.858333e+01 4.393398e-01
      vertex   4.579904e+01 4.086111e+01 7.500000e-01
    endloop
  endfacet
  facet normal 7.933533e-01 -1.286106e-18 -6.087614e-01
    outer loop
      vertex   4.556066e+01 4.086111e+01 4.393398e-01
      vertex   4.579904e+01 4.086111e+01 7.500000e-01
      vertex   4.579904e+01 3.313889e+01 7.500000e-01
    endloop
  endfacet
  facet normal 9.238795e-01 0.000000e+00 -3.826834e-01
    outer loop
      vertex   4.579904e+01 3.313889e+01 7.500000e-01
      vertex   4.579904e+01 4.086111e+01 7.500000e-01
      vertex   4.594889e+01 3.313889e+01 1.111771e+00
    endloop
  endfacet
  facet normal 9.238795e-01 -4.704392e-19 -3.826834e-01
    outer loop
      vertex   4.579904e+01 3.313889e+01 7.500000e-01
      vertex   4.594889e+01 3.313889e+01 1.111771e+00
      vertex   4.594889e+01 2.541667e+01 1.111771e+00
    endloop
  endfacet
  facet normal 9.914449e-01 0.000000e+00 -1.305262e-01
    outer loop
      vertex   4.594889e+01 2.541667e+01 1.111771e+00
      vertex   4.594889e+01 3.313889e+01 1.111771e+00
      vertex   4.600000e+01 2.250000e+00 1.500000e+00
    endloop
  endfacet
  facet normal 6.087614e-01 0.000000e+00 -7.933533e-01
    outer loop
      vertex   4.556066e+01 4.858333e+01 4.393398e-01
      vertex   4.525000e+01 5.630556e+01 2.009619e-01
      vertex   4.556066e+01 5.630556e+01 4.393398e-01
    endloop
  endfacet
  facet normal 3.826834e-01 4.890776e-19 -9.238795e-01
    outer loop
      vertex   4.488823e+01 2.541667e+01 5.111126e-02
      vertex   4.525000e+01 2.541667e+01 2.009619e-01
      vertex   4.525000e+01 1.769444e+01 2.009619e-01
    endloop
  endfacet
  facet normal 6.087614e-01 0.000000e+00 -7.933533e-01
    outer loop
      vertex   4.525000e+01 1.769444e+01 2.009619e-01
      vertex   4.525000e+01 2.541667e+01 2.009619e-01
      vertex   4.556066e+01 1.769444e+01 4.393398e-01
    endloop
  endfacet
  facet normal 6.087614e-01 -2.098044e-18 -7.933533e-01
    outer loop
      vertex   4.525000e+01 1.769444e+01 2.009619e-01
      vertex   4.556066e+01 1.769444e+01 4.393398e-01
      vertex   4.556066e+01 9.972222e+00 4.393398e-01
    endloop
  endfacet
  facet normal 7.933533e-01 0.000000e+00 -6.087614e-01
    outer loop
      vertex   4.556066e+01 9.972222e+00 4.393398e-01
      vertex   4.556066e+01 1.769444e+01 4.393398e-01
      vertex   4.579904e+01 9.972222e+00 7.500000e-01
    endloop
  endfacet
  facet normal 6.087614e-01 0.000000e+00 -7.933533e-01
    outer loop
      vertex   4.556066e+01 1.769444e+01 4.393398e-01
      vertex   4.525000e+01 2.541667e+01 2.009619e-01
      vertex   4.556066e+01 2.541667e+01 4.393398e-01
    endloop
  endfacet
  facet normal 7.933533e-01 0.000000e+00 -6.087614e-01
    outer loop
      vertex   4.556066e+01 4.858333e+01 4.393398e-01
      vertex   4.556066e+01 5.630556e+01 4.393398e-01
      vertex   4.579904e+01 4.858333e+01 7.500000e-01
    endloop
  endfacet
  facet normal 7.933533e-01 0.000000e+00 -6.087614e-01
    outer loop
      vertex   4.579904e+01 4.858333e+01 7.500000e-01
      vertex   4.556066e+01 5.630556e+01 4.393398e-01
      vertex   4.579904e+01 5.630556e+01 7.500000e-01
    endloop
  endfacet
  facet normal 9.238795e-01 0.000000e+00 -3.826834e-01
    outer loop
      vertex   4.579904e+01 4.858333e+01 7.500000e-01
      vertex   4.579904e+01 5.630556e+01 7.500000e-01
      vertex   4.594889e+01 4.858333e+01 1.111771e+00
    endloop
  endfacet
  facet normal 7.933533e-01 0.000000e+00 -6.087614e-01
    outer loop
      vertex   4.556066e+01 1.769444e+01 4.393398e-01
      vertex   4.556066e+01 2.541667e+01 4.393398e-01
      vertex   4.579904e+01 1.769444e+01 7.500000e-01
    endloop
  endfacet
  facet normal 7.933533e-01 0.000000e+00 -6.087614e-01
    outer loop
      vertex   4.579904e+01 1.769444e+01 7.500000e-01
      vertex   4.556066e+01 2.541667e+01 4.393398e-01
      vertex   4.579904e+01 2.541667e+01 7.500000e-01
    endloop
  endfacet
  facet normal 9.238795e-01 0.000000e+00 -3.826834e-01
    outer loop
      vertex   4.579904e+01 1.769444e+01 7.500000e-01
      vertex   4.579904e+01 2.541667e+01 7.500000e-01
      vertex   4.594889e+01 1.769444e+01 1.111771e+00
    endloop
  endfacet
  facet normal 9.238795e-01 0.000000e+00 -3.826834e-01
    outer loop
      vertex   4.594889e+01 5.630556e+01 1.111771e+00
      vertex   4.579904e+01 6.402778e+01 7.500000e-01
      vertex   4.594889e+01 6.402778e+01 1.111771e+00
    endloop
  endfacet
  facet normal 7.933533e-01 -1.286106e-18 -6.087614e-01
    outer loop
      vertex   4.556066e+01 4.858333e+01 4.393398e-01
      vertex   4.579904e+01 4.858333e+01 7.500000e-01
      vertex   4.579904e+01 4.086111e+01 7.500000e-01
    endloop
  endfacet
  facet normal 9.238795e-01 0.000000e+00 -3.826834e-01
    outer loop
      vertex   4.579904e+01 4.086111e+01 7.500000e-01
      vertex   4.579904e+01 4.858333e+01 7.500000e-01
      vertex   4.594889e+01 4.086111e+01 1.111771e+00
    endloop
  endfacet
  facet normal 9.238795e-01 -4.704392e-19 -3.826834e-01
    outer loop
      vertex   4.579904e+01 4.086111e+01 7.500000e-01
      vertex   4.594889e+01 4.086111e+01 1.111771e+00
      vertex   4.594889e+01 3.313889e+01 1.111771e+00
    endloop
  endfacet
  facet normal 9.914449e-01 0.000000e+00 -1.305262e-01
    outer loop
      vertex   4.594889e+01 3.313889e+01 1.111771e+00
      vertex   4.594889e+01 4.086111e+01 1.111771e+00
      vertex   4.600000e+01 2.250000e+00 1.500000e+00
    endloop
  endfacet
  facet normal 9.238795e-01 0.000000e+00 -3.826834e-01
    outer loop
      vertex   4.594889e+01 4.086111e+01 1.111771e+00
      vertex   4.579904e+01 4.858333e+01 7.500000e-01
      vertex   4.594889e+01 4.858333e+01 1.111771e+00
    endloop
  endfacet
  facet normal 9.238795e-01 -4.704392e-19 -3.826834e-01
    outer loop
      vertex   4.594889e+01 9.972222e+00 1.111771e+00
      vertex   4.579904e+01 9.972222e+00 7.500000e-01
      vertex   4.579904e+01 1.769444e+01 7.500000e-01
    endloop
  endfacet
  facet normal 7.933533e-01 0.000000e+00 -6.087614e-01
    outer loop
      vertex   4.579904e+01 1.769444e+01 7.500000e-01
      vertex   4.579904e+01 9.972222e+00 7.500000e-01
      vertex   4.556066e+01 1.769444e+01 4.393398e-01
    endloop
  endfacet
  facet normal 9.238795e-01 0.000000e+00 -3.826834e-01
    outer loop
      vertex   4.594889e+01 9.972222e+00 1.111771e+00
      vertex   4.579904e+01 1.769444e+01 7.500000e-01
      vertex   4.594889e+01 1.769444e+01 1.111771e+00
    endloop
  endfacet
  facet normal 9.914449e-01 -3.909970e-19 -1.305262e-01
    outer loop
      vertex   4.600000e+01 7.175000e+01 1.500000e+00
      vertex   4.594889e+01 5.630556e+01 1.111771e+00
      vertex   4.594889e+01 6.402778e+01 1.111771e+00
    endloop
  endfacet
  facet normal 1.697499e-02 1.289379e-01 -9.915074e-01
    outer loop
      vertex   4.394411e+01 7.247444e+01 0.000000e+00
      vertex   4.375000e+01 7.250000e+01 0.000000e+00
      vertex   4.400328e+01 7.285969e+01 5.111126e-02
    endloop
  endfacet
  facet normal 1.470518e-02 1.305121e-01 -9.913377e-01
    outer loop
      vertex   4.400328e+01 7.285969e+01 5.111126e-02
      vertex   4.375000e+01 7.250000e+01 0.000000e+00
      vertex   4.375000e+01 7.288823e+01 5.111126e-02
    endloop
  endfacet
  facet normal 4.307804e-02 3.823282e-01 -9.230219e-01
    outer loop
      vertex   4.400328e+01 7.285969e+01 5.111126e-02
      vertex   4.375000e+01 7.288823e+01 5.111126e-02
      vertex   4.375000e+01 7.325000e+01 2.009619e-01
    endloop
  endfacet
  facet normal 4.307804e-02 3.823282e-01 -9.230219e-01
    outer loop
      vertex   4.400328e+01 7.285969e+01 5.111126e-02
      vertex   4.375000e+01 7.325000e+01 2.009619e-01
      vertex   4.408378e+01 7.321239e+01 2.009619e-01
    endloop
  endfacet
  facet normal 6.843016e-02 6.073344e-01 -7.914936e-01
    outer loop
      vertex   4.408378e+01 7.321239e+01 2.009619e-01
      vertex   4.375000e+01 7.325000e+01 2.009619e-01
      vertex   4.375000e+01 7.356066e+01 4.393398e-01
    endloop
  endfacet
  facet normal 6.843016e-02 6.073344e-01 -7.914936e-01
    outer loop
      vertex   4.408378e+01 7.321239e+01 2.009619e-01
      vertex   4.375000e+01 7.356066e+01 4.393398e-01
      vertex   4.415291e+01 7.351526e+01 4.393398e-01
    endloop
  endfacet
  facet normal 8.903445e-02 7.902026e-01 -6.063438e-01
    outer loop
      vertex   4.415291e+01 7.351526e+01 4.393398e-01
      vertex   4.375000e+01 7.356066e+01 4.393398e-01
      vertex   4.375000e+01 7.379904e+01 7.500000e-01
    endloop
  endfacet
  facet normal 8.903445e-02 7.902026e-01 -6.063438e-01
    outer loop
      vertex   4.415291e+01 7.351526e+01 4.393398e-01
      vertex   4.375000e+01 7.379904e+01 7.500000e-01
      vertex   4.420595e+01 7.374766e+01 7.500000e-01
    endloop
  endfacet
  facet normal 1.035368e-01 9.189143e-01 -3.806267e-01
    outer loop
      vertex   4.420595e+01 7.374766e+01 7.500000e-01
      vertex   4.375000e+01 7.379904e+01 7.500000e-01
      vertex   4.375000e+01 7.394889e+01 1.111771e+00
    endloop
  endfacet
  facet normal 1.035368e-01 9.189143e-01 -3.806267e-01
    outer loop
      vertex   4.420595e+01 7.374766e+01 7.500000e-01
      vertex   4.375000e+01 7.394889e+01 1.111771e+00
      vertex   4.423930e+01 7.389376e+01 1.111771e+00
    endloop
  endfacet
  facet normal 1.107779e-01 9.831807e-01 -1.452030e-01
    outer loop
      vertex   4.423930e+01 7.389376e+01 1.111771e+00
      vertex   4.375000e+01 7.394889e+01 1.111771e+00
      vertex   4.418895e+01 7.395677e+01 1.500000e+00
    endloop
  endfacet
  facet normal 2.882958e-01 9.503838e-01 -1.168595e-01
    outer loop
      vertex   4.423930e+01 7.389376e+01 1.111771e+00
      vertex   4.418895e+01 7.395677e+01 1.500000e+00
      vertex   4.461104e+01 7.382873e+01 1.500000e+00
    endloop
  endfacet
  facet normal 9.718654e-02 9.867515e-01 -1.299083e-01
    outer loop
      vertex   4.375000e+01 7.394889e+01 1.111771e+00
      vertex   4.375000e+01 7.400000e+01 1.500000e+00
      vertex   4.418895e+01 7.395677e+01 1.500000e+00
    endloop
  endfacet
  facet normal 3.262247e-01 9.322965e-01 -1.562071e-01
    outer loop
      vertex   4.423930e+01 7.389376e+01 1.111771e+00
      vertex   4.461104e+01 7.382873e+01 1.500000e+00
      vertex   4.470406e+01 7.373113e+01 1.111771e+00
    endloop
  endfacet
  facet normal 4.686333e-01 8.767513e-01 -1.081204e-01
    outer loop
      vertex   4.470406e+01 7.373113e+01 1.111771e+00
      vertex   4.461104e+01 7.382873e+01 1.500000e+00
      vertex   4.500003e+01 7.362081e+01 1.500000e+00
    endloop
  endfacet
  facet normal 5.249356e-01 8.354302e-01 -1.627854e-01
    outer loop
      vertex   4.470406e+01 7.373113e+01 1.111771e+00
      vertex   4.500003e+01 7.362081e+01 1.500000e+00
      vertex   4.512098e+01 7.346916e+01 1.111771e+00
    endloop
  endfacet
  facet normal 6.309704e-01 7.688397e-01 -1.037396e-01
    outer loop
      vertex   4.512098e+01 7.346916e+01 1.111771e+00
      vertex   4.500003e+01 7.362081e+01 1.500000e+00
      vertex   4.534099e+01 7.334099e+01 1.500000e+00
    endloop
  endfacet
  facet normal 6.974179e-01 6.974179e-01 -1.649740e-01
    outer loop
      vertex   4.512098e+01 7.346916e+01 1.111771e+00
      vertex   4.534099e+01 7.334099e+01 1.500000e+00
      vertex   4.546916e+01 7.312098e+01 1.111771e+00
    endloop
  endfacet
  facet normal 7.688397e-01 6.309704e-01 -1.037396e-01
    outer loop
      vertex   4.546916e+01 7.312098e+01 1.111771e+00
      vertex   4.534099e+01 7.334099e+01 1.500000e+00
      vertex   4.562081e+01 7.300003e+01 1.500000e+00
    endloop
  endfacet
  facet normal 8.354302e-01 5.249356e-01 -1.627854e-01
    outer loop
      vertex   4.546916e+01 7.312098e+01 1.111771e+00
      vertex   4.562081e+01 7.300003e+01 1.500000e+00
      vertex   4.573113e+01 7.270406e+01 1.111771e+00
    endloop
  endfacet
  facet normal 8.767513e-01 4.686333e-01 -1.081204e-01
    outer loop
      vertex   4.573113e+01 7.270406e+01 1.111771e+00
      vertex   4.562081e+01 7.300003e+01 1.500000e+00
      vertex   4.582873e+01 7.261104e+01 1.500000e+00
    endloop
  endfacet
  facet normal 9.322965e-01 3.262247e-01 -1.562071e-01
    outer loop
      vertex   4.573113e+01 7.270406e+01 1.111771e+00
      vertex   4.582873e+01 7.261104e+01 1.500000e+00
      vertex   4.589376e+01 7.223930e+01 1.111771e+00
    endloop
  endfacet
  facet normal 9.503838e-01 2.882958e-01 -1.168595e-01
    outer loop
      vertex   4.589376e+01 7.223930e+01 1.111771e+00
      vertex   4.582873e+01 7.261104e+01 1.500000e+00
      vertex   4.595677e+01 7.218895e+01 1.500000e+00
    endloop
  endfacet
  facet normal 9.831807e-01 1.107779e-01 -1.452030e-01
    outer loop
      vertex   4.589376e+01 7.223930e+01 1.111771e+00
      vertex   4.595677e+01 7.218895e+01 1.500000e+00
      vertex   4.594889e+01 7.175000e+01 1.111771e+00
    endloop
  endfacet
  facet normal 9.867515e-01 9.718654e-02 -1.299083e-01
    outer loop
      vertex   4.594889e+01 7.175000e+01 1.111771e+00
      vertex   4.595677e+01 7.218895e+01 1.500000e+00
      vertex   4.600000e+01 7.175000e+01 1.500000e+00
    endloop
  endfacet
  facet normal 9.189143e-01 1.035368e-01 -3.806267e-01
    outer loop
      vertex   4.594889e+01 7.175000e+01 1.111771e+00
      vertex   4.579904e+01 7.175000e+01 7.500000e-01
      vertex   4.589376e+01 7.223930e+01 1.111771e+00
    endloop
  endfacet
  facet normal 9.189143e-01 1.035368e-01 -3.806267e-01
    outer loop
      vertex   4.589376e+01 7.223930e+01 1.111771e+00
      vertex   4.579904e+01 7.175000e+01 7.500000e-01
      vertex   4.574766e+01 7.220595e+01 7.500000e-01
    endloop
  endfacet
  facet normal 8.728361e-01 3.054185e-01 -3.806267e-01
    outer loop
      vertex   4.589376e+01 7.223930e+01 1.111771e+00
      vertex   4.574766e+01 7.220595e+01 7.500000e-01
      vertex   4.573113e+01 7.270406e+01 1.111771e+00
    endloop
  endfacet
  facet normal 8.728361e-01 3.054185e-01 -3.806267e-01
    outer loop
      vertex   4.573113e+01 7.270406e+01 1.111771e+00
      vertex   4.574766e+01 7.220595e+01 7.500000e-01
      vertex   4.559612e+01 7.263904e+01 7.500000e-01
    endloop
  endfacet
  facet normal 7.829902e-01 4.919854e-01 -3.806267e-01
    outer loop
      vertex   4.573113e+01 7.270406e+01 1.111771e+00
      vertex   4.559612e+01 7.263904e+01 7.500000e-01
      vertex   4.546916e+01 7.312098e+01 1.111771e+00
    endloop
  endfacet
  facet normal 7.829902e-01 4.919854e-01 -3.806267e-01
    outer loop
      vertex   4.546916e+01 7.312098e+01 1.111771e+00
      vertex   4.559612e+01 7.263904e+01 7.500000e-01
      vertex   4.535200e+01 7.302755e+01 7.500000e-01
    endloop
  endfacet
  facet normal 6.538820e-01 6.538820e-01 -3.806267e-01
    outer loop
      vertex   4.546916e+01 7.312098e+01 1.111771e+00
      vertex   4.535200e+01 7.302755e+01 7.500000e-01
      vertex   4.512098e+01 7.346916e+01 1.111771e+00
    endloop
  endfacet
  facet normal 6.538820e-01 6.538820e-01 -3.806267e-01
    outer loop
      vertex   4.512098e+01 7.346916e+01 1.111771e+00
      vertex   4.535200e+01 7.302755e+01 7.500000e-01
      vertex   4.502755e+01 7.335200e+01 7.500000e-01
    endloop
  endfacet
  facet normal 4.919854e-01 7.829902e-01 -3.806267e-01
    outer loop
      vertex   4.512098e+01 7.346916e+01 1.111771e+00
      vertex   4.502755e+01 7.335200e+01 7.500000e-01
      vertex   4.470406e+01 7.373113e+01 1.111771e+00
    endloop
  endfacet
  facet normal 4.919854e-01 7.829902e-01 -3.806267e-01
    outer loop
      vertex   4.470406e+01 7.373113e+01 1.111771e+00
      vertex   4.502755e+01 7.335200e+01 7.500000e-01
      vertex   4.463904e+01 7.359612e+01 7.500000e-01
    endloop
  endfacet
  facet normal 3.054185e-01 8.728361e-01 -3.806267e-01
    outer loop
      vertex   4.470406e+01 7.373113e+01 1.111771e+00
      vertex   4.463904e+01 7.359612e+01 7.500000e-01
      vertex   4.423930e+01 7.389376e+01 1.111771e+00
    endloop
  endfacet
  facet normal 3.054185e-01 8.728361e-01 -3.806267e-01
    outer loop
      vertex   4.423930e+01 7.389376e+01 1.111771e+00
      vertex   4.463904e+01 7.359612e+01 7.500000e-01
      vertex   4.420595e+01 7.374766e+01 7.500000e-01
    endloop
  endfacet
  facet normal 7.902026e-01 8.903445e-02 -6.063438e-01
    outer loop
      vertex   4.579904e+01 7.175000e+01 7.500000e-01
      vertex   4.556066e+01 7.175000e+01 4.393398e-01
      vertex   4.574766e+01 7.220595e+01 7.500000e-01
    endloop
  endfacet
  facet normal 7.902026e-01 8.903445e-02 -6.063438e-01
    outer loop
      vertex   4.574766e+01 7.220595e+01 7.500000e-01
      vertex   4.556066e+01 7.175000e+01 4.393398e-01
      vertex   4.551526e+01 7.215291e+01 4.393398e-01
    endloop
  endfacet
  facet normal 7.505785e-01 2.626388e-01 -6.063438e-01
    outer loop
      vertex   4.574766e+01 7.220595e+01 7.500000e-01
      vertex   4.551526e+01 7.215291e+01 4.393398e-01
      vertex   4.559612e+01 7.263904e+01 7.500000e-01
    endloop
  endfacet
  facet normal 7.505785e-01 2.626388e-01 -6.063438e-01
    outer loop
      vertex   4.559612e+01 7.263904e+01 7.500000e-01
      vertex   4.551526e+01 7.215291e+01 4.393398e-01
      vertex   4.538135e+01 7.253562e+01 4.393398e-01
    endloop
  endfacet
  facet normal 6.733173e-01 4.230733e-01 -6.063438e-01
    outer loop
      vertex   4.559612e+01 7.263904e+01 7.500000e-01
      vertex   4.538135e+01 7.253562e+01 4.393398e-01
      vertex   4.535200e+01 7.302755e+01 7.500000e-01
    endloop
  endfacet
  facet normal 6.733173e-01 4.230733e-01 -6.063438e-01
    outer loop
      vertex   4.535200e+01 7.302755e+01 7.500000e-01
      vertex   4.538135e+01 7.253562e+01 4.393398e-01
      vertex   4.516563e+01 7.287893e+01 4.393398e-01
    endloop
  endfacet
  facet normal 5.622932e-01 5.622932e-01 -6.063438e-01
    outer loop
      vertex   4.535200e+01 7.302755e+01 7.500000e-01
      vertex   4.516563e+01 7.287893e+01 4.393398e-01
      vertex   4.502755e+01 7.335200e+01 7.500000e-01
    endloop
  endfacet
  facet normal 5.622932e-01 5.622932e-01 -6.063438e-01
    outer loop
      vertex   4.502755e+01 7.335200e+01 7.500000e-01
      vertex   4.516563e+01 7.287893e+01 4.393398e-01
      vertex   4.487893e+01 7.316563e+01 4.393398e-01
    endloop
  endfacet
  facet normal 4.230733e-01 6.733173e-01 -6.063438e-01
    outer loop
      vertex   4.502755e+01 7.335200e+01 7.500000e-01
      vertex   4.487893e+01 7.316563e+01 4.393398e-01
      vertex   4.463904e+01 7.359612e+01 7.500000e-01
    endloop
  endfacet
  facet normal 4.230733e-01 6.733173e-01 -6.063438e-01
    outer loop
      vertex   4.463904e+01 7.359612e+01 7.500000e-01
      vertex   4.487893e+01 7.316563e+01 4.393398e-01
      vertex   4.453562e+01 7.338135e+01 4.393398e-01
    endloop
  endfacet
  facet normal 2.626388e-01 7.505785e-01 -6.063438e-01
    outer loop
      vertex   4.463904e+01 7.359612e+01 7.500000e-01
      vertex   4.453562e+01 7.338135e+01 4.393398e-01
      vertex   4.420595e+01 7.374766e+01 7.500000e-01
    endloop
  endfacet
  facet normal 2.626388e-01 7.505785e-01 -6.063438e-01
    outer loop
      vertex   4.420595e+01 7.374766e+01 7.500000e-01
      vertex   4.453562e+01 7.338135e+01 4.393398e-01
      vertex   4.415291e+01 7.351526e+01 4.393398e-01
    endloop
  endfacet
  facet normal 6.073344e-01 6.843016e-02 -7.914936e-01
    outer loop
      vertex   4.556066e+01 7.175000e+01 4.393398e-01
      vertex   4.525000e+01 7.175000e+01 2.009619e-01
      vertex   4.551526e+01 7.215291e+01 4.393398e-01
    endloop
  endfacet
  facet normal 6.073344e-01 6.843016e-02 -7.914936e-01
    outer loop
      vertex   4.551526e+01 7.215291e+01 4.393398e-01
      vertex   4.525000e+01 7.175000e+01 2.009619e-01
      vertex   4.521239e+01 7.208378e+01 2.009619e-01
    endloop
  endfacet
  facet normal 5.768802e-01 2.018591e-01 -7.914936e-01
    outer loop
      vertex   4.551526e+01 7.215291e+01 4.393398e-01
      vertex   4.521239e+01 7.208378e+01 2.009619e-01
      vertex   4.538135e+01 7.253562e+01 4.393398e-01
    endloop
  endfacet
  facet normal 5.768802e-01 2.018591e-01 -7.914936e-01
    outer loop
      vertex   4.538135e+01 7.253562e+01 4.393398e-01
      vertex   4.521239e+01 7.208378e+01 2.009619e-01
      vertex   4.510145e+01 7.240083e+01 2.009619e-01
    endloop
  endfacet
  facet normal 5.174987e-01 3.251660e-01 -7.914936e-01
    outer loop
      vertex   4.538135e+01 7.253562e+01 4.393398e-01
      vertex   4.510145e+01 7.240083e+01 2.009619e-01
      vertex   4.516563e+01 7.287893e+01 4.393398e-01
    endloop
  endfacet
  facet normal 5.174987e-01 3.251660e-01 -7.914936e-01
    outer loop
      vertex   4.516563e+01 7.287893e+01 4.393398e-01
      vertex   4.510145e+01 7.240083e+01 2.009619e-01
      vertex   4.492275e+01 7.268523e+01 2.009619e-01
    endloop
  endfacet
  facet normal 4.321677e-01 4.321677e-01 -7.914936e-01
    outer loop
      vertex   4.516563e+01 7.287893e+01 4.393398e-01
      vertex   4.492275e+01 7.268523e+01 2.009619e-01
      vertex   4.487893e+01 7.316563e+01 4.393398e-01
    endloop
  endfacet
  facet normal 4.321677e-01 4.321677e-01 -7.914936e-01
    outer loop
      vertex   4.487893e+01 7.316563e+01 4.393398e-01
      vertex   4.492275e+01 7.268523e+01 2.009619e-01
      vertex   4.468523e+01 7.292275e+01 2.009619e-01
    endloop
  endfacet
  facet normal 3.251660e-01 5.174987e-01 -7.914936e-01
    outer loop
      vertex   4.487893e+01 7.316563e+01 4.393398e-01
      vertex   4.468523e+01 7.292275e+01 2.009619e-01
      vertex   4.453562e+01 7.338135e+01 4.393398e-01
    endloop
  endfacet
  facet normal 3.251660e-01 5.174987e-01 -7.914936e-01
    outer loop
      vertex   4.453562e+01 7.338135e+01 4.393398e-01
      vertex   4.468523e+01 7.292275e+01 2.009619e-01
      vertex   4.440083e+01 7.310145e+01 2.009619e-01
    endloop
  endfacet
  facet normal 2.018591e-01 5.768802e-01 -7.914936e-01
    outer loop
      vertex   4.453562e+01 7.338135e+01 4.393398e-01
      vertex   4.440083e+01 7.310145e+01 2.009619e-01
      vertex   4.415291e+01 7.351526e+01 4.393398e-01
    endloop
  endfacet
  facet normal 2.018591e-01 5.768802e-01 -7.914936e-01
    outer loop
      vertex   4.415291e+01 7.351526e+01 4.393398e-01
      vertex   4.440083e+01 7.310145e+01 2.009619e-01
      vertex   4.408378e+01 7.321239e+01 2.009619e-01
    endloop
  endfacet
  facet normal 3.823282e-01 4.307804e-02 -9.230219e-01
    outer loop
      vertex   4.525000e+01 7.175000e+01 2.009619e-01
      vertex   4.488823e+01 7.175000e+01 5.111126e-02
      vertex   4.521239e+01 7.208378e+01 2.009619e-01
    endloop
  endfacet
  facet normal 3.823282e-01 4.307804e-02 -9.230219e-01
    outer loop
      vertex   4.521239e+01 7.208378e+01 2.009619e-01
      vertex   4.488823e+01 7.175000e+01 5.111126e-02
      vertex   4.485969e+01 7.200328e+01 5.111126e-02
    endloop
  endfacet
  facet normal 3.631567e-01 1.270740e-01 -9.230219e-01
    outer loop
      vertex   4.521239e+01 7.208378e+01 2.009619e-01
      vertex   4.485969e+01 7.200328e+01 5.111126e-02
      vertex   4.510145e+01 7.240083e+01 2.009619e-01
    endloop
  endfacet
  facet normal 3.631567e-01 1.270740e-01 -9.230219e-01
    outer loop
      vertex   4.510145e+01 7.240083e+01 2.009619e-01
      vertex   4.485969e+01 7.200328e+01 5.111126e-02
      vertex   4.477551e+01 7.224386e+01 5.111126e-02
    endloop
  endfacet
  facet normal 3.257749e-01 2.046980e-01 -9.230219e-01
    outer loop
      vertex   4.510145e+01 7.240083e+01 2.009619e-01
      vertex   4.477551e+01 7.224386e+01 5.111126e-02
      vertex   4.492275e+01 7.268523e+01 2.009619e-01
    endloop
  endfacet
  facet normal 3.257749e-01 2.046980e-01 -9.230219e-01
    outer loop
      vertex   4.492275e+01 7.268523e+01 2.009619e-01
      vertex   4.477551e+01 7.224386e+01 5.111126e-02
      vertex   4.463990e+01 7.245967e+01 5.111126e-02
    endloop
  endfacet
  facet normal 2.720575e-01 2.720575e-01 -9.230219e-01
    outer loop
      vertex   4.492275e+01 7.268523e+01 2.009619e-01
      vertex   4.463990e+01 7.245967e+01 5.111126e-02
      vertex   4.468523e+01 7.292275e+01 2.009619e-01
    endloop
  endfacet
  facet normal 2.720575e-01 2.720575e-01 -9.230219e-01
    outer loop
      vertex   4.468523e+01 7.292275e+01 2.009619e-01
      vertex   4.463990e+01 7.245967e+01 5.111126e-02
      vertex   4.445967e+01 7.263990e+01 5.111126e-02
    endloop
  endfacet
  facet normal 2.046980e-01 3.257749e-01 -9.230219e-01
    outer loop
      vertex   4.468523e+01 7.292275e+01 2.009619e-01
      vertex   4.445967e+01 7.263990e+01 5.111126e-02
      vertex   4.440083e+01 7.310145e+01 2.009619e-01
    endloop
  endfacet
  facet normal 2.046980e-01 3.257749e-01 -9.230219e-01
    outer loop
      vertex   4.440083e+01 7.310145e+01 2.009619e-01
      vertex   4.445967e+01 7.263990e+01 5.111126e-02
      vertex   4.424386e+01 7.277551e+01 5.111126e-02
    endloop
  endfacet
  facet normal 1.270740e-01 3.631567e-01 -9.230219e-01
    outer loop
      vertex   4.440083e+01 7.310145e+01 2.009619e-01
      vertex   4.424386e+01 7.277551e+01 5.111126e-02
      vertex   4.408378e+01 7.321239e+01 2.009619e-01
    endloop
  endfacet
  facet normal 1.270740e-01 3.631567e-01 -9.230219e-01
    outer loop
      vertex   4.408378e+01 7.321239e+01 2.009619e-01
      vertex   4.424386e+01 7.277551e+01 5.111126e-02
      vertex   4.400328e+01 7.285969e+01 5.111126e-02
    endloop
  endfacet
  facet normal 1.305121e-01 1.470518e-02 -9.913377e-01
    outer loop
      vertex   4.488823e+01 7.175000e+01 5.111126e-02
      vertex   4.450000e+01 7.175000e+01 0.000000e+00
      vertex   4.485969e+01 7.200328e+01 5.111126e-02
    endloop
  endfacet
  facet normal 1.289379e-01 1.697499e-02 -9.915074e-01
    outer loop
      vertex   4.485969e+01 7.200328e+01 5.111126e-02
      vertex   4.450000e+01 7.175000e+01 0.000000e+00
      vertex   4.447444e+01 7.194411e+01 0.000000e+00
    endloop
  endfacet
  facet normal 1.248001e-01 4.366945e-02 -9.912204e-01
    outer loop
      vertex   4.485969e+01 7.200328e+01 5.111126e-02
      vertex   4.447444e+01 7.194411e+01 0.000000e+00
      vertex   4.477551e+01 7.224386e+01 5.111126e-02
    endloop
  endfacet
  facet normal 1.191943e-01 4.937191e-02 -9.916426e-01
    outer loop
      vertex   4.477551e+01 7.224386e+01 5.111126e-02
      vertex   4.447444e+01 7.194411e+01 0.000000e+00
      vertex   4.439952e+01 7.212500e+01 0.000000e+00
    endloop
  endfacet
  facet normal 1.124070e-01 7.063003e-02 -9.911489e-01
    outer loop
      vertex   4.477551e+01 7.224386e+01 5.111126e-02
      vertex   4.439952e+01 7.212500e+01 0.000000e+00
      vertex   4.463990e+01 7.245967e+01 5.111126e-02
    endloop
  endfacet
  facet normal 1.019483e-01 7.822770e-02 -9.917091e-01
    outer loop
      vertex   4.463990e+01 7.245967e+01 5.111126e-02
      vertex   4.439952e+01 7.212500e+01 0.000000e+00
      vertex   4.428033e+01 7.228033e+01 0.000000e+00
    endloop
  endfacet
  facet normal 9.399902e-02 9.399902e-02 -9.911248e-01
    outer loop
      vertex   4.463990e+01 7.245967e+01 5.111126e-02
      vertex   4.428033e+01 7.228033e+01 0.000000e+00
      vertex   4.445967e+01 7.263990e+01 5.111126e-02
    endloop
  endfacet
  facet normal 7.822770e-02 1.019483e-01 -9.917091e-01
    outer loop
      vertex   4.445967e+01 7.263990e+01 5.111126e-02
      vertex   4.428033e+01 7.228033e+01 0.000000e+00
      vertex   4.412500e+01 7.239952e+01 0.000000e+00
    endloop
  endfacet
  facet normal 7.063003e-02 1.124070e-01 -9.911489e-01
    outer loop
      vertex   4.445967e+01 7.263990e+01 5.111126e-02
      vertex   4.412500e+01 7.239952e+01 0.000000e+00
      vertex   4.424386e+01 7.277551e+01 5.111126e-02
    endloop
  endfacet
  facet normal 4.937191e-02 1.191943e-01 -9.916426e-01
    outer loop
      vertex   4.424386e+01 7.277551e+01 5.111126e-02
      vertex   4.412500e+01 7.239952e+01 0.000000e+00
      vertex   4.394411e+01 7.247444e+01 0.000000e+00
    endloop
  endfacet
  facet normal 4.366945e-02 1.248001e-01 -9.912204e-01
    outer loop
      vertex   4.424386e+01 7.277551e+01 5.111126e-02
      vertex   4.394411e+01 7.247444e+01 0.000000e+00
      vertex   4.400328e+01 7.285969e+01 5.111126e-02
    endloop
  endfacet
  facet normal 9.946309e-17 1.305262e-01 -9.914449e-01
    outer loop
      vertex   2.250000e+00 7.288823e+01 5.111126e-02
      vertex   1.055000e+01 7.288823e+01 5.111126e-02
      vertex   2.250000e+00 7.250000e+01 0.000000e+00
    endloop
  endfacet
  facet normal -5.161823e-19 1.305262e-01 -9.914449e-01
    outer loop
      vertex   2.250000e+00 7.250000e+01 0.000000e+00
      vertex   1.055000e+01 7.288823e+01 5.111126e-02
      vertex   1.885000e+01 7.288823e+01 5.111126e-02
    endloop
  endfacet
  facet normal -5.161823e-19 1.305262e-01 -9.914449e-01
    outer loop
      vertex   2.250000e+00 7.250000e+01 0.000000e+00
      vertex   1.885000e+01 7.288823e+01 5.111126e-02
      vertex   2.715000e+01 7.288823e+01 5.111126e-02
    endloop
  endfacet
  facet normal 0.000000e+00 3.826834e-01 -9.238795e-01
    outer loop
      vertex   2.715000e+01 7.288823e+01 5.111126e-02
      vertex   1.885000e+01 7.288823e+01 5.111126e-02
      vertex   2.715000e+01 7.325000e+01 2.009619e-01
    endloop
  endfacet
  facet normal 4.550320e-19 3.826834e-01 -9.238795e-01
    outer loop
      vertex   2.715000e+01 7.288823e+01 5.111126e-02
      vertex   2.715000e+01 7.325000e+01 2.009619e-01
      vertex   3.545000e+01 7.325000e+01 2.009619e-01
    endloop
  endfacet
  facet normal 0.000000e+00 6.087614e-01 -7.933533e-01
    outer loop
      vertex   3.545000e+01 7.325000e+01 2.009619e-01
      vertex   2.715000e+01 7.325000e+01 2.009619e-01
      vertex   3.545000e+01 7.356066e+01 4.393398e-01
    endloop
  endfacet
  facet normal 1.082270e-16 6.087614e-01 -7.933533e-01
    outer loop
      vertex   3.545000e+01 7.325000e+01 2.009619e-01
      vertex   3.545000e+01 7.356066e+01 4.393398e-01
      vertex   4.375000e+01 7.356066e+01 4.393398e-01
    endloop
  endfacet
  facet normal 8.142903e-17 7.933533e-01 -6.087614e-01
    outer loop
      vertex   4.375000e+01 7.356066e+01 4.393398e-01
      vertex   3.545000e+01 7.356066e+01 4.393398e-01
      vertex   4.375000e+01 7.379904e+01 7.500000e-01
    endloop
  endfacet
  facet normal -4.885742e-17 7.933533e-01 -6.087614e-01
    outer loop
      vertex   4.375000e+01 7.379904e+01 7.500000e-01
      vertex   3.545000e+01 7.356066e+01 4.393398e-01
      vertex   3.545000e+01 7.379904e+01 7.500000e-01
    endloop
  endfacet
  facet normal -3.071306e-17 9.238795e-01 -3.826834e-01
    outer loop
      vertex   4.375000e+01 7.379904e+01 7.500000e-01
      vertex   3.545000e+01 7.379904e+01 7.500000e-01
      vertex   4.375000e+01 7.394889e+01 1.111771e+00
    endloop
  endfacet
  facet normal -1.023769e-17 9.238795e-01 -3.826834e-01
    outer loop
      vertex   4.375000e+01 7.394889e+01 1.111771e+00
      vertex   3.545000e+01 7.379904e+01 7.500000e-01
      vertex   3.545000e+01 7.394889e+01 1.111771e+00
    endloop
  endfacet
  facet normal -3.491884e-18 9.914449e-01 -1.305262e-01
    outer loop
      vertex   4.375000e+01 7.394889e+01 1.111771e+00
      vertex   3.545000e+01 7.394889e+01 1.111771e+00
      vertex   4.375000e+01 7.400000e+01 1.500000e+00
    endloop
  endfacet
  facet normal -3.637790e-19 9.914449e-01 -1.305262e-01
    outer loop
      vertex   4.375000e+01 7.400000e+01 1.500000e+00
      vertex   3.545000e+01 7.394889e+01 1.111771e+00
      vertex   2.715000e+01 7.394889e+01 1.111771e+00
    endloop
  endfacet
  facet normal -3.637790e-19 9.914449e-01 -1.305262e-01
    outer loop
      vertex   4.375000e+01 7.400000e+01 1.500000e+00
      vertex   2.715000e+01 7.394889e+01 1.111771e+00
      vertex   1.885000e+01 7.394889e+01 1.111771e+00
    endloop
  endfacet
  facet normal 0.000000e+00 9.238795e-01 -3.826834e-01
    outer loop
      vertex   1.885000e+01 7.394889e+01 1.111771e+00
      vertex   2.715000e+01 7.394889e+01 1.111771e+00
      vertex   1.885000e+01 7.379904e+01 7.500000e-01
    endloop
  endfacet
  facet normal 7.281202e-19 9.238795e-01 -3.826834e-01
    outer loop
      vertex   1.885000e+01 7.394889e+01 1.111771e+00
      vertex   1.885000e+01 7.379904e+01 7.500000e-01
      vertex   1.055000e+01 7.379904e+01 7.500000e-01
    endloop
  endfacet
  facet normal 0.000000e+00 7.933533e-01 -6.087614e-01
    outer loop
      vertex   1.055000e+01 7.379904e+01 7.500000e-01
      vertex   1.885000e+01 7.379904e+01 7.500000e-01
      vertex   1.055000e+01 7.356066e+01 4.393398e-01
    endloop
  endfacet
  facet normal -8.237792e-17 7.933533e-01 -6.087614e-01
    outer loop
      vertex   1.055000e+01 7.379904e+01 7.500000e-01
      vertex   1.055000e+01 7.356066e+01 4.393398e-01
      vertex   2.250000e+00 7.356066e+01 4.393398e-01
    endloop
  endfacet
  facet normal -1.061204e-16 6.087614e-01 -7.933533e-01
    outer loop
      vertex   2.250000e+00 7.356066e+01 4.393398e-01
      vertex   1.055000e+01 7.356066e+01 4.393398e-01
      vertex   2.250000e+00 7.325000e+01 2.009619e-01
    endloop
  endfacet
  facet normal 5.306019e-17 6.087614e-01 -7.933533e-01
    outer loop
      vertex   2.250000e+00 7.325000e+01 2.009619e-01
      vertex   1.055000e+01 7.356066e+01 4.393398e-01
      vertex   1.055000e+01 7.325000e+01 2.009619e-01
    endloop
  endfacet
  facet normal 6.178990e-17 3.826834e-01 -9.238795e-01
    outer loop
      vertex   2.250000e+00 7.325000e+01 2.009619e-01
      vertex   1.055000e+01 7.325000e+01 2.009619e-01
      vertex   2.250000e+00 7.288823e+01 5.111126e-02
    endloop
  endfacet
  facet normal 9.268485e-17 3.826834e-01 -9.238795e-01
    outer loop
      vertex   2.250000e+00 7.288823e+01 5.111126e-02
      vertex   1.055000e+01 7.325000e+01 2.009619e-01
      vertex   1.055000e+01 7.288823e+01 5.111126e-02
    endloop
  endfacet
  facet normal 4.999067e-17 7.933533e-01 -6.087614e-01
    outer loop
      vertex   2.250000e+00 7.356066e+01 4.393398e-01
      vertex   2.250000e+00 7.379904e+01 7.500000e-01
      vertex   1.055000e+01 7.379904e+01 7.500000e-01
    endloop
  endfacet
  facet normal 3.071306e-17 9.238795e-01 -3.826834e-01
    outer loop
      vertex   1.055000e+01 7.379904e+01 7.500000e-01
      vertex   2.250000e+00 7.379904e+01 7.500000e-01
      vertex   1.055000e+01 7.394889e+01 1.111771e+00
    endloop
  endfacet
  facet normal 7.281202e-19 9.238795e-01 -3.826834e-01
    outer loop
      vertex   1.055000e+01 7.379904e+01 7.500000e-01
      vertex   1.055000e+01 7.394889e+01 1.111771e+00
      vertex   1.885000e+01 7.394889e+01 1.111771e+00
    endloop
  endfacet
  facet normal 0.000000e+00 9.914449e-01 -1.305262e-01
    outer loop
      vertex   1.885000e+01 7.394889e+01 1.111771e+00
      vertex   1.055000e+01 7.394889e+01 1.111771e+00
      vertex   2.250000e+00 7.400000e+01 1.500000e+00
    endloop
  endfacet
  facet normal -7.275580e-20 9.914449e-01 -1.305262e-01
    outer loop
      vertex   1.885000e+01 7.394889e+01 1.111771e+00
      vertex   2.250000e+00 7.400000e+01 1.500000e+00
      vertex   4.375000e+01 7.400000e+01 1.500000e+00
    endloop
  endfacet
  facet normal 1.009141e-17 9.238795e-01 -3.826834e-01
    outer loop
      vertex   2.250000e+00 7.379904e+01 7.500000e-01
      vertex   2.250000e+00 7.394889e+01 1.111771e+00
      vertex   1.055000e+01 7.394889e+01 1.111771e+00
    endloop
  endfacet
  facet normal 3.491884e-18 9.914449e-01 -1.305262e-01
    outer loop
      vertex   1.055000e+01 7.394889e+01 1.111771e+00
      vertex   2.250000e+00 7.394889e+01 1.111771e+00
      vertex   2.250000e+00 7.400000e+01 1.500000e+00
    endloop
  endfacet
  facet normal -5.403130e-17 6.087614e-01 -7.933533e-01
    outer loop
      vertex   4.375000e+01 7.356066e+01 4.393398e-01
      vertex   4.375000e+01 7.325000e+01 2.009619e-01
      vertex   3.545000e+01 7.325000e+01 2.009619e-01
    endloop
  endfacet
  facet normal -6.178990e-17 3.826834e-01 -9.238795e-01
    outer loop
      vertex   3.545000e+01 7.325000e+01 2.009619e-01
      vertex   4.375000e+01 7.325000e+01 2.009619e-01
      vertex   3.545000e+01 7.288823e+01 5.111126e-02
    endloop
  endfacet
  facet normal 4.550320e-19 3.826834e-01 -9.238795e-01
    outer loop
      vertex   3.545000e+01 7.325000e+01 2.009619e-01
      vertex   3.545000e+01 7.288823e+01 5.111126e-02
      vertex   2.715000e+01 7.288823e+01 5.111126e-02
    endloop
  endfacet
  facet normal 0.000000e+00 1.305262e-01 -9.914449e-01
    outer loop
      vertex   2.715000e+01 7.288823e+01 5.111126e-02
      vertex   3.545000e+01 7.288823e+01 5.111126e-02
      vertex   4.375000e+01 7.250000e+01 0.000000e+00
    endloop
  endfacet
  facet normal -1.032365e-19 1.305262e-01 -9.914449e-01
    outer loop
      vertex   2.715000e+01 7.288823e+01 5.111126e-02
      vertex   4.375000e+01 7.250000e+01 0.000000e+00
      vertex   2.250000e+00 7.250000e+01 0.000000e+00
    endloop
  endfacet
  facet normal -9.335952e-17 3.826834e-01 -9.238795e-01
    outer loop
      vertex   4.375000e+01 7.325000e+01 2.009619e-01
      vertex   4.375000e+01 7.288823e+01 5.111126e-02
      vertex   3.545000e+01 7.288823e+01 5.111126e-02
    endloop
  endfacet
  facet normal -9.946309e-17 1.305262e-01 -9.914449e-01
    outer loop
      vertex   3.545000e+01 7.288823e+01 5.111126e-02
      vertex   4.375000e+01 7.288823e+01 5.111126e-02
      vertex   4.375000e+01 7.250000e+01 0.000000e+00
    endloop
  endfacet
  facet normal 0.000000e+00 3.826834e-01 -9.238795e-01
    outer loop
      vertex   1.885000e+01 7.288823e+01 5.111126e-02
      vertex   1.055000e+01 7.288823e+01 5.111126e-02
      vertex   1.885000e+01 7.325000e+01 2.009619e-01
    endloop
  endfacet
  facet normal 0.000000e+00 3.826834e-01 -9.238795e-01
    outer loop
      vertex   1.885000e+01 7.325000e+01 2.009619e-01
      vertex   1.055000e+01 7.288823e+01 5.111126e-02
      vertex   1.055000e+01 7.325000e+01 2.009619e-01
    endloop
  endfacet
  facet normal 0.000000e+00 6.087614e-01 -7.933533e-01
    outer loop
      vertex   1.885000e+01 7.325000e+01 2.009619e-01
      vertex   1.055000e+01 7.325000e+01 2.009619e-01
      vertex   1.885000e+01 7.356066e+01 4.393398e-01
    endloop
  endfacet
  facet normal 0.000000e+00 6.087614e-01 -7.933533e-01
    outer loop
      vertex   1.885000e+01 7.356066e+01 4.393398e-01
      vertex   1.055000e+01 7.325000e+01 2.009619e-01
      vertex   1.055000e+01 7.356066e+01 4.393398e-01
    endloop
  endfacet
  facet normal 0.000000e+00 7.933533e-01 -6.087614e-01
    outer loop
      vertex   1.885000e+01 7.356066e+01 4.393398e-01
      vertex   1.055000e+01 7.356066e+01 4.393398e-01
      vertex   1.885000e+01 7.379904e+01 7.500000e-01
    endloop
  endfacet
  facet normal 4.550320e-19 3.826834e-01 -9.238795e-01
    outer loop
      vertex   1.885000e+01 7.288823e+01 5.111126e-02
      vertex   1.885000e+01 7.325000e+01 2.009619e-01
      vertex   2.715000e+01 7.325000e+01 2.009619e-01
    endloop
  endfacet
  facet normal 0.000000e+00 6.087614e-01 -7.933533e-01
    outer loop
      vertex   2.715000e+01 7.325000e+01 2.009619e-01
      vertex   1.885000e+01 7.325000e+01 2.009619e-01
      vertex   2.715000e+01 7.356066e+01 4.393398e-01
    endloop
  endfacet
  facet normal 2.106587e-18 6.087614e-01 -7.933533e-01
    outer loop
      vertex   2.715000e+01 7.325000e+01 2.009619e-01
      vertex   2.715000e+01 7.356066e+01 4.393398e-01
      vertex   3.545000e+01 7.356066e+01 4.393398e-01
    endloop
  endfacet
  facet normal 0.000000e+00 7.933533e-01 -6.087614e-01
    outer loop
      vertex   3.545000e+01 7.356066e+01 4.393398e-01
      vertex   2.715000e+01 7.356066e+01 4.393398e-01
      vertex   3.545000e+01 7.379904e+01 7.500000e-01
    endloop
  endfacet
  facet normal 0.000000e+00 6.087614e-01 -7.933533e-01
    outer loop
      vertex   2.715000e+01 7.356066e+01 4.393398e-01
      vertex   1.885000e+01 7.325000e+01 2.009619e-01
      vertex   1.885000e+01 7.356066e+01 4.393398e-01
    endloop
  endfacet
  facet normal 0.000000e+00 7.933533e-01 -6.087614e-01
    outer loop
      vertex   2.715000e+01 7.356066e+01 4.393398e-01
      vertex   1.885000e+01 7.356066e+01 4.393398e-01
      vertex   2.715000e+01 7.379904e+01 7.500000e-01
    endloop
  endfacet
  facet normal 0.000000e+00 7.933533e-01 -6.087614e-01
    outer loop
      vertex   2.715000e+01 7.379904e+01 7.500000e-01
      vertex   1.885000e+01 7.356066e+01 4.393398e-01
      vertex   1.885000e+01 7.379904e+01 7.500000e-01
    endloop
  endfacet
  facet normal 0.000000e+00 9.238795e-01 -3.826834e-01
    outer loop
      vertex   2.715000e+01 7.379904e+01 7.500000e-01
      vertex   1.885000e+01 7.379904e+01 7.500000e-01
      vertex   2.715000e+01 7.394889e+01 1.111771e+00
    endloop
  endfacet
  facet normal 7.281202e-19 9.238795e-01 -3.826834e-01
    outer loop
      vertex   3.545000e+01 7.394889e+01 1.111771e+00
      vertex   3.545000e+01 7.379904e+01 7.500000e-01
      vertex   2.715000e+01 7.379904e+01 7.500000e-01
    endloop
  endfacet
  facet normal 0.000000e+00 7.933533e-01 -6.087614e-01
    outer loop
      vertex   2.715000e+01 7.379904e+01 7.500000e-01
      vertex   3.545000e+01 7.379904e+01 7.500000e-01
      vertex   2.715000e+01 7.356066e+01 4.393398e-01
    endloop
  endfacet
  facet normal 0.000000e+00 9.238795e-01 -3.826834e-01
    outer loop
      vertex   3.545000e+01 7.394889e+01 1.111771e+00
      vertex   2.715000e+01 7.379904e+01 7.500000e-01
      vertex   2.715000e+01 7.394889e+01 1.111771e+00
    endloop
  endfacet
  facet normal -1.289379e-01 1.697499e-02 -9.915074e-01
    outer loop
      vertex   1.525556e+00 7.194411e+01 0.000000e+00
      vertex   1.500000e+00 7.175000e+01 0.000000e+00
      vertex   1.140309e+00 7.200328e+01 5.111126e-02
    endloop
  endfacet
  facet normal -1.305121e-01 1.470518e-02 -9.913377e-01
    outer loop
      vertex   1.140309e+00 7.200328e+01 5.111126e-02
      vertex   1.500000e+00 7.175000e+01 0.000000e+00
      vertex   1.111771e+00 7.175000e+01 5.111126e-02
    endloop
  endfacet
  facet normal -3.823282e-01 4.307804e-02 -9.230219e-01
    outer loop
      vertex   1.140309e+00 7.200328e+01 5.111126e-02
      vertex   1.111771e+00 7.175000e+01 5.111126e-02
      vertex   7.500000e-01 7.175000e+01 2.009619e-01
    endloop
  endfacet
  facet normal -3.823282e-01 4.307804e-02 -9.230219e-01
    outer loop
      vertex   1.140309e+00 7.200328e+01 5.111126e-02
      vertex   7.500000e-01 7.175000e+01 2.009619e-01
      vertex   7.876081e-01 7.208378e+01 2.009619e-01
    endloop
  endfacet
  facet normal -6.073344e-01 6.843016e-02 -7.914936e-01
    outer loop
      vertex   7.876081e-01 7.208378e+01 2.009619e-01
      vertex   7.500000e-01 7.175000e+01 2.009619e-01
      vertex   4.393398e-01 7.175000e+01 4.393398e-01
    endloop
  endfacet
  facet normal -6.073344e-01 6.843016e-02 -7.914936e-01
    outer loop
      vertex   7.876081e-01 7.208378e+01 2.009619e-01
      vertex   4.393398e-01 7.175000e+01 4.393398e-01
      vertex   4.847369e-01 7.215291e+01 4.393398e-01
    endloop
  endfacet
  facet normal -7.902026e-01 8.903445e-02 -6.063438e-01
    outer loop
      vertex   4.847369e-01 7.215291e+01 4.393398e-01
      vertex   4.393398e-01 7.175000e+01 4.393398e-01
      vertex   2.009619e-01 7.175000e+01 7.500000e-01
    endloop
  endfacet
  facet normal -7.902026e-01 8.903445e-02 -6.063438e-01
    outer loop
      vertex   4.847369e-01 7.215291e+01 4.393398e-01
      vertex   2.009619e-01 7.175000e+01 7.500000e-01
      vertex   2.523356e-01 7.220595e+01 7.500000e-01
    endloop
  endfacet
  facet normal -9.189143e-01 1.035368e-01 -3.806267e-01
    outer loop
      vertex   2.523356e-01 7.220595e+01 7.500000e-01
      vertex   2.009619e-01 7.175000e+01 7.500000e-01
      vertex   5.111126e-02 7.175000e+01 1.111771e+00
    endloop
  endfacet
  facet normal -9.189143e-01 1.035368e-01 -3.806267e-01
    outer loop
      vertex   2.523356e-01 7.220595e+01 7.500000e-01
      vertex   5.111126e-02 7.175000e+01 1.111771e+00
      vertex   1.062420e-01 7.223930e+01 1.111771e+00
    endloop
  endfacet
  facet normal -9.831807e-01 1.107779e-01 -1.452030e-01
    outer loop
      vertex   1.062420e-01 7.223930e+01 1.111771e+00
      vertex   5.111126e-02 7.175000e+01 1.111771e+00
      vertex   4.323312e-02 7.218895e+01 1.500000e+00
    endloop
  endfacet
  facet normal -9.503838e-01 2.882958e-01 -1.168595e-01
    outer loop
      vertex   1.062420e-01 7.223930e+01 1.111771e+00
      vertex   4.323312e-02 7.218895e+01 1.500000e+00
      vertex   1.712711e-01 7.261104e+01 1.500000e+00
    endloop
  endfacet
  facet normal -9.867515e-01 9.718654e-02 -1.299083e-01
    outer loop
      vertex   5.111126e-02 7.175000e+01 1.111771e+00
      vertex   1.110223e-15 7.175000e+01 1.500000e+00
      vertex   4.323312e-02 7.218895e+01 1.500000e+00
    endloop
  endfacet
  facet normal -9.322965e-01 3.262247e-01 -1.562071e-01
    outer loop
      vertex   1.062420e-01 7.223930e+01 1.111771e+00
      vertex   1.712711e-01 7.261104e+01 1.500000e+00
      vertex   2.688697e-01 7.270406e+01 1.111771e+00
    endloop
  endfacet
  facet normal -8.767513e-01 4.686333e-01 -1.081204e-01
    outer loop
      vertex   2.688697e-01 7.270406e+01 1.111771e+00
      vertex   1.712711e-01 7.261104e+01 1.500000e+00
      vertex   3.791934e-01 7.300003e+01 1.500000e+00
    endloop
  endfacet
  facet normal -8.354302e-01 5.249356e-01 -1.627854e-01
    outer loop
      vertex   2.688697e-01 7.270406e+01 1.111771e+00
      vertex   3.791934e-01 7.300003e+01 1.500000e+00
      vertex   5.308396e-01 7.312098e+01 1.111771e+00
    endloop
  endfacet
  facet normal -7.688397e-01 6.309704e-01 -1.037396e-01
    outer loop
      vertex   5.308396e-01 7.312098e+01 1.111771e+00
      vertex   3.791934e-01 7.300003e+01 1.500000e+00
      vertex   6.590097e-01 7.334099e+01 1.500000e+00
    endloop
  endfacet
  facet normal -6.974179e-01 6.974179e-01 -1.649740e-01
    outer loop
      vertex   5.308396e-01 7.312098e+01 1.111771e+00
      vertex   6.590097e-01 7.334099e+01 1.500000e+00
      vertex   8.790153e-01 7.346916e+01 1.111771e+00
    endloop
  endfacet
  facet normal -6.309704e-01 7.688397e-01 -1.037396e-01
    outer loop
      vertex   8.790153e-01 7.346916e+01 1.111771e+00
      vertex   6.590097e-01 7.334099e+01 1.500000e+00
      vertex   9.999670e-01 7.362081e+01 1.500000e+00
    endloop
  endfacet
  facet normal -5.249356e-01 8.354302e-01 -1.627854e-01
    outer loop
      vertex   8.790153e-01 7.346916e+01 1.111771e+00
      vertex   9.999670e-01 7.362081e+01 1.500000e+00
      vertex   1.295938e+00 7.373113e+01 1.111771e+00
    endloop
  endfacet
  facet normal -4.686333e-01 8.767513e-01 -1.081204e-01
    outer loop
      vertex   1.295938e+00 7.373113e+01 1.111771e+00
      vertex   9.999670e-01 7.362081e+01 1.500000e+00
      vertex   1.388962e+00 7.382873e+01 1.500000e+00
    endloop
  endfacet
  facet normal -3.262247e-01 9.322965e-01 -1.562071e-01
    outer loop
      vertex   1.295938e+00 7.373113e+01 1.111771e+00
      vertex   1.388962e+00 7.382873e+01 1.500000e+00
      vertex   1.760701e+00 7.389376e+01 1.111771e+00
    endloop
  endfacet
  facet normal -2.882958e-01 9.503838e-01 -1.168595e-01
    outer loop
      vertex   1.760701e+00 7.389376e+01 1.111771e+00
      vertex   1.388962e+00 7.382873e+01 1.500000e+00
      vertex   1.811047e+00 7.395677e+01 1.500000e+00
    endloop
  endfacet
  facet normal -1.107779e-01 9.831807e-01 -1.452030e-01
    outer loop
      vertex   1.760701e+00 7.389376e+01 1.111771e+00
      vertex   1.811047e+00 7.395677e+01 1.500000e+00
      vertex   2.250000e+00 7.394889e+01 1.111771e+00
    endloop
  endfacet
  facet normal -9.718654e-02 9.867515e-01 -1.299083e-01
    outer loop
      vertex   2.250000e+00 7.394889e+01 1.111771e+00
      vertex   1.811047e+00 7.395677e+01 1.500000e+00
      vertex   2.250000e+00 7.400000e+01 1.500000e+00
    endloop
  endfacet
  facet normal -1.035368e-01 9.189143e-01 -3.806267e-01
    outer loop
      vertex   2.250000e+00 7.394889e+01 1.111771e+00
      vertex   2.250000e+00 7.379904e+01 7.500000e-01
      vertex   1.760701e+00 7.389376e+01 1.111771e+00
    endloop
  endfacet
  facet normal -1.035368e-01 9.189143e-01 -3.806267e-01
    outer loop
      vertex   1.760701e+00 7.389376e+01 1.111771e+00
      vertex   2.250000e+00 7.379904e+01 7.500000e-01
      vertex   1.794046e+00 7.374766e+01 7.500000e-01
    endloop
  endfacet
  facet normal -3.054185e-01 8.728361e-01 -3.806267e-01
    outer loop
      vertex   1.760701e+00 7.389376e+01 1.111771e+00
      vertex   1.794046e+00 7.374766e+01 7.500000e-01
      vertex   1.295938e+00 7.373113e+01 1.111771e+00
    endloop
  endfacet
  facet normal -3.054185e-01 8.728361e-01 -3.806267e-01
    outer loop
      vertex   1.295938e+00 7.373113e+01 1.111771e+00
      vertex   1.794046e+00 7.374766e+01 7.500000e-01
      vertex   1.360956e+00 7.359612e+01 7.500000e-01
    endloop
  endfacet
  facet normal -4.919854e-01 7.829902e-01 -3.806267e-01
    outer loop
      vertex   1.295938e+00 7.373113e+01 1.111771e+00
      vertex   1.360956e+00 7.359612e+01 7.500000e-01
      vertex   8.790153e-01 7.346916e+01 1.111771e+00
    endloop
  endfacet
  facet normal -4.919854e-01 7.829902e-01 -3.806267e-01
    outer loop
      vertex   8.790153e-01 7.346916e+01 1.111771e+00
      vertex   1.360956e+00 7.359612e+01 7.500000e-01
      vertex   9.724456e-01 7.335200e+01 7.500000e-01
    endloop
  endfacet
  facet normal -6.538820e-01 6.538820e-01 -3.806267e-01
    outer loop
      vertex   8.790153e-01 7.346916e+01 1.111771e+00
      vertex   9.724456e-01 7.335200e+01 7.500000e-01
      vertex   5.308396e-01 7.312098e+01 1.111771e+00
    endloop
  endfacet
  facet normal -6.538820e-01 6.538820e-01 -3.806267e-01
    outer loop
      vertex   5.308396e-01 7.312098e+01 1.111771e+00
      vertex   9.724456e-01 7.335200e+01 7.500000e-01
      vertex   6.479975e-01 7.302755e+01 7.500000e-01
    endloop
  endfacet
  facet normal -7.829902e-01 4.919854e-01 -3.806267e-01
    outer loop
      vertex   5.308396e-01 7.312098e+01 1.111771e+00
      vertex   6.479975e-01 7.302755e+01 7.500000e-01
      vertex   2.688697e-01 7.270406e+01 1.111771e+00
    endloop
  endfacet
  facet normal -7.829902e-01 4.919854e-01 -3.806267e-01
    outer loop
      vertex   2.688697e-01 7.270406e+01 1.111771e+00
      vertex   6.479975e-01 7.302755e+01 7.500000e-01
      vertex   4.038805e-01 7.263904e+01 7.500000e-01
    endloop
  endfacet
  facet normal -8.728361e-01 3.054185e-01 -3.806267e-01
    outer loop
      vertex   2.688697e-01 7.270406e+01 1.111771e+00
      vertex   4.038805e-01 7.263904e+01 7.500000e-01
      vertex   1.062420e-01 7.223930e+01 1.111771e+00
    endloop
  endfacet
  facet normal -8.728361e-01 3.054185e-01 -3.806267e-01
    outer loop
      vertex   1.062420e-01 7.223930e+01 1.111771e+00
      vertex   4.038805e-01 7.263904e+01 7.500000e-01
      vertex   2.523356e-01 7.220595e+01 7.500000e-01
    endloop
  endfacet
  facet normal -8.903445e-02 7.902026e-01 -6.063438e-01
    outer loop
      vertex   2.250000e+00 7.379904e+01 7.500000e-01
      vertex   2.250000e+00 7.356066e+01 4.393398e-01
      vertex   1.794046e+00 7.374766e+01 7.500000e-01
    endloop
  endfacet
  facet normal -8.903445e-02 7.902026e-01 -6.063438e-01
    outer loop
      vertex   1.794046e+00 7.374766e+01 7.500000e-01
      vertex   2.250000e+00 7.356066e+01 4.393398e-01
      vertex   1.847090e+00 7.351526e+01 4.393398e-01
    endloop
  endfacet
  facet normal -2.626388e-01 7.505785e-01 -6.063438e-01
    outer loop
      vertex   1.794046e+00 7.374766e+01 7.500000e-01
      vertex   1.847090e+00 7.351526e+01 4.393398e-01
      vertex   1.360956e+00 7.359612e+01 7.500000e-01
    endloop
  endfacet
  facet normal -2.626388e-01 7.505785e-01 -6.063438e-01
    outer loop
      vertex   1.360956e+00 7.359612e+01 7.500000e-01
      vertex   1.847090e+00 7.351526e+01 4.393398e-01
      vertex   1.464384e+00 7.338135e+01 4.393398e-01
    endloop
  endfacet
  facet normal -4.230733e-01 6.733173e-01 -6.063438e-01
    outer loop
      vertex   1.360956e+00 7.359612e+01 7.500000e-01
      vertex   1.464384e+00 7.338135e+01 4.393398e-01
      vertex   9.724456e-01 7.335200e+01 7.500000e-01
    endloop
  endfacet
  facet normal -4.230733e-01 6.733173e-01 -6.063438e-01
    outer loop
      vertex   9.724456e-01 7.335200e+01 7.500000e-01
      vertex   1.464384e+00 7.338135e+01 4.393398e-01
      vertex   1.121072e+00 7.316563e+01 4.393398e-01
    endloop
  endfacet
  facet normal -5.622932e-01 5.622932e-01 -6.063438e-01
    outer loop
      vertex   9.724456e-01 7.335200e+01 7.500000e-01
      vertex   1.121072e+00 7.316563e+01 4.393398e-01
      vertex   6.479975e-01 7.302755e+01 7.500000e-01
    endloop
  endfacet
  facet normal -5.622932e-01 5.622932e-01 -6.063438e-01
    outer loop
      vertex   6.479975e-01 7.302755e+01 7.500000e-01
      vertex   1.121072e+00 7.316563e+01 4.393398e-01
      vertex   8.343689e-01 7.287893e+01 4.393398e-01
    endloop
  endfacet
  facet normal -6.733173e-01 4.230733e-01 -6.063438e-01
    outer loop
      vertex   6.479975e-01 7.302755e+01 7.500000e-01
      vertex   8.343689e-01 7.287893e+01 4.393398e-01
      vertex   4.038805e-01 7.263904e+01 7.500000e-01
    endloop
  endfacet
  facet normal -6.733173e-01 4.230733e-01 -6.063438e-01
    outer loop
      vertex   4.038805e-01 7.263904e+01 7.500000e-01
      vertex   8.343689e-01 7.287893e+01 4.393398e-01
      vertex   6.186516e-01 7.253562e+01 4.393398e-01
    endloop
  endfacet
  facet normal -7.505785e-01 2.626388e-01 -6.063438e-01
    outer loop
      vertex   4.038805e-01 7.263904e+01 7.500000e-01
      vertex   6.186516e-01 7.253562e+01 4.393398e-01
      vertex   2.523356e-01 7.220595e+01 7.500000e-01
    endloop
  endfacet
  facet normal -7.505785e-01 2.626388e-01 -6.063438e-01
    outer loop
      vertex   2.523356e-01 7.220595e+01 7.500000e-01
      vertex   6.186516e-01 7.253562e+01 4.393398e-01
      vertex   4.847369e-01 7.215291e+01 4.393398e-01
    endloop
  endfacet
  facet normal -6.843016e-02 6.073344e-01 -7.914936e-01
    outer loop
      vertex   2.250000e+00 7.356066e+01 4.393398e-01
      vertex   2.250000e+00 7.325000e+01 2.009619e-01
      vertex   1.847090e+00 7.351526e+01 4.393398e-01
    endloop
  endfacet
  facet normal -6.843016e-02 6.073344e-01 -7.914936e-01
    outer loop
      vertex   1.847090e+00 7.351526e+01 4.393398e-01
      vertex   2.250000e+00 7.325000e+01 2.009619e-01
      vertex   1.916219e+00 7.321239e+01 2.009619e-01
    endloop
  endfacet
  facet normal -2.018591e-01 5.768802e-01 -7.914936e-01
    outer loop
      vertex   1.847090e+00 7.351526e+01 4.393398e-01
      vertex   1.916219e+00 7.321239e+01 2.009619e-01
      vertex   1.464384e+00 7.338135e+01 4.393398e-01
    endloop
  endfacet
  facet normal -2.018591e-01 5.768802e-01 -7.914936e-01
    outer loop
      vertex   1.464384e+00 7.338135e+01 4.393398e-01
      vertex   1.916219e+00 7.321239e+01 2.009619e-01
      vertex   1.599174e+00 7.310145e+01 2.009619e-01
    endloop
  endfacet
  facet normal -3.251660e-01 5.174987e-01 -7.914936e-01
    outer loop
      vertex   1.464384e+00 7.338135e+01 4.393398e-01
      vertex   1.599174e+00 7.310145e+01 2.009619e-01
      vertex   1.121072e+00 7.316563e+01 4.393398e-01
    endloop
  endfacet
  facet normal -3.251660e-01 5.174987e-01 -7.914936e-01
    outer loop
      vertex   1.121072e+00 7.316563e+01 4.393398e-01
      vertex   1.599174e+00 7.310145e+01 2.009619e-01
      vertex   1.314765e+00 7.292275e+01 2.009619e-01
    endloop
  endfacet
  facet normal -4.321677e-01 4.321677e-01 -7.914936e-01
    outer loop
      vertex   1.121072e+00 7.316563e+01 4.393398e-01
      vertex   1.314765e+00 7.292275e+01 2.009619e-01
      vertex   8.343689e-01 7.287893e+01 4.393398e-01
    endloop
  endfacet
  facet normal -4.321677e-01 4.321677e-01 -7.914936e-01
    outer loop
      vertex   8.343689e-01 7.287893e+01 4.393398e-01
      vertex   1.314765e+00 7.292275e+01 2.009619e-01
      vertex   1.077253e+00 7.268523e+01 2.009619e-01
    endloop
  endfacet
  facet normal -5.174987e-01 3.251660e-01 -7.914936e-01
    outer loop
      vertex   8.343689e-01 7.287893e+01 4.393398e-01
      vertex   1.077253e+00 7.268523e+01 2.009619e-01
      vertex   6.186516e-01 7.253562e+01 4.393398e-01
    endloop
  endfacet
  facet normal -5.174987e-01 3.251660e-01 -7.914936e-01
    outer loop
      vertex   6.186516e-01 7.253562e+01 4.393398e-01
      vertex   1.077253e+00 7.268523e+01 2.009619e-01
      vertex   8.985467e-01 7.240083e+01 2.009619e-01
    endloop
  endfacet
  facet normal -5.768802e-01 2.018591e-01 -7.914936e-01
    outer loop
      vertex   6.186516e-01 7.253562e+01 4.393398e-01
      vertex   8.985467e-01 7.240083e+01 2.009619e-01
      vertex   4.847369e-01 7.215291e+01 4.393398e-01
    endloop
  endfacet
  facet normal -5.768802e-01 2.018591e-01 -7.914936e-01
    outer loop
      vertex   4.847369e-01 7.215291e+01 4.393398e-01
      vertex   8.985467e-01 7.240083e+01 2.009619e-01
      vertex   7.876081e-01 7.208378e+01 2.009619e-01
    endloop
  endfacet
  facet normal -4.307804e-02 3.823282e-01 -9.230219e-01
    outer loop
      vertex   2.250000e+00 7.325000e+01 2.009619e-01
      vertex   2.250000e+00 7.288823e+01 5.111126e-02
      vertex   1.916219e+00 7.321239e+01 2.009619e-01
    endloop
  endfacet
  facet normal -4.307804e-02 3.823282e-01 -9.230219e-01
    outer loop
      vertex   1.916219e+00 7.321239e+01 2.009619e-01
      vertex   2.250000e+00 7.288823e+01 5.111126e-02
      vertex   1.996720e+00 7.285969e+01 5.111126e-02
    endloop
  endfacet
  facet normal -1.270740e-01 3.631567e-01 -9.230219e-01
    outer loop
      vertex   1.916219e+00 7.321239e+01 2.009619e-01
      vertex   1.996720e+00 7.285969e+01 5.111126e-02
      vertex   1.599174e+00 7.310145e+01 2.009619e-01
    endloop
  endfacet
  facet normal -1.270740e-01 3.631567e-01 -9.230219e-01
    outer loop
      vertex   1.599174e+00 7.310145e+01 2.009619e-01
      vertex   1.996720e+00 7.285969e+01 5.111126e-02
      vertex   1.756141e+00 7.277551e+01 5.111126e-02
    endloop
  endfacet
  facet normal -2.046980e-01 3.257749e-01 -9.230219e-01
    outer loop
      vertex   1.599174e+00 7.310145e+01 2.009619e-01
      vertex   1.756141e+00 7.277551e+01 5.111126e-02
      vertex   1.314765e+00 7.292275e+01 2.009619e-01
    endloop
  endfacet
  facet normal -2.046980e-01 3.257749e-01 -9.230219e-01
    outer loop
      vertex   1.314765e+00 7.292275e+01 2.009619e-01
      vertex   1.756141e+00 7.277551e+01 5.111126e-02
      vertex   1.540326e+00 7.263990e+01 5.111126e-02
    endloop
  endfacet
  facet normal -2.720575e-01 2.720575e-01 -9.230219e-01
    outer loop
      vertex   1.314765e+00 7.292275e+01 2.009619e-01
      vertex   1.540326e+00 7.263990e+01 5.111126e-02
      vertex   1.077253e+00 7.268523e+01 2.009619e-01
    endloop
  endfacet
  facet normal -2.720575e-01 2.720575e-01 -9.230219e-01
    outer loop
      vertex   1.077253e+00 7.268523e+01 2.009619e-01
      vertex   1.540326e+00 7.263990e+01 5.111126e-02
      vertex   1.360097e+00 7.245967e+01 5.111126e-02
    endloop
  endfacet
  facet normal -3.257749e-01 2.046980e-01 -9.230219e-01
    outer loop
      vertex   1.077253e+00 7.268523e+01 2.009619e-01
      vertex   1.360097e+00 7.245967e+01 5.111126e-02
      vertex   8.985467e-01 7.240083e+01 2.009619e-01
    endloop
  endfacet
  facet normal -3.257749e-01 2.046980e-01 -9.230219e-01
    outer loop
      vertex   8.985467e-01 7.240083e+01 2.009619e-01
      vertex   1.360097e+00 7.245967e+01 5.111126e-02
      vertex   1.224491e+00 7.224386e+01 5.111126e-02
    endloop
  endfacet
  facet normal -3.631567e-01 1.270740e-01 -9.230219e-01
    outer loop
      vertex   8.985467e-01 7.240083e+01 2.009619e-01
      vertex   1.224491e+00 7.224386e+01 5.111126e-02
      vertex   7.876081e-01 7.208378e+01 2.009619e-01
    endloop
  endfacet
  facet normal -3.631567e-01 1.270740e-01 -9.230219e-01
    outer loop
      vertex   7.876081e-01 7.208378e+01 2.009619e-01
      vertex   1.224491e+00 7.224386e+01 5.111126e-02
      vertex   1.140309e+00 7.200328e+01 5.111126e-02
    endloop
  endfacet
  facet normal -1.470518e-02 1.305121e-01 -9.913377e-01
    outer loop
      vertex   2.250000e+00 7.288823e+01 5.111126e-02
      vertex   2.250000e+00 7.250000e+01 0.000000e+00
      vertex   1.996720e+00 7.285969e+01 5.111126e-02
    endloop
  endfacet
  facet normal -1.697499e-02 1.289379e-01 -9.915074e-01
    outer loop
      vertex   1.996720e+00 7.285969e+01 5.111126e-02
      vertex   2.250000e+00 7.250000e+01 0.000000e+00
      vertex   2.055886e+00 7.247444e+01 0.000000e+00
    endloop
  endfacet
  facet normal -4.366945e-02 1.248001e-01 -9.912204e-01
    outer loop
      vertex   1.996720e+00 7.285969e+01 5.111126e-02
      vertex   2.055886e+00 7.247444e+01 0.000000e+00
      vertex   1.756141e+00 7.277551e+01 5.111126e-02
    endloop
  endfacet
  facet normal -4.937191e-02 1.191943e-01 -9.916426e-01
    outer loop
      vertex   1.756141e+00 7.277551e+01 5.111126e-02
      vertex   2.055886e+00 7.247444e+01 0.000000e+00
      vertex   1.875000e+00 7.239952e+01 0.000000e+00
    endloop
  endfacet
  facet normal -7.063003e-02 1.124070e-01 -9.911489e-01
    outer loop
      vertex   1.756141e+00 7.277551e+01 5.111126e-02
      vertex   1.875000e+00 7.239952e+01 0.000000e+00
      vertex   1.540326e+00 7.263990e+01 5.111126e-02
    endloop
  endfacet
  facet normal -7.822770e-02 1.019483e-01 -9.917091e-01
    outer loop
      vertex   1.540326e+00 7.263990e+01 5.111126e-02
      vertex   1.875000e+00 7.239952e+01 0.000000e+00
      vertex   1.719670e+00 7.228033e+01 0.000000e+00
    endloop
  endfacet
  facet normal -9.399902e-02 9.399902e-02 -9.911248e-01
    outer loop
      vertex   1.540326e+00 7.263990e+01 5.111126e-02
      vertex   1.719670e+00 7.228033e+01 0.000000e+00
      vertex   1.360097e+00 7.245967e+01 5.111126e-02
    endloop
  endfacet
  facet normal -1.019483e-01 7.822770e-02 -9.917091e-01
    outer loop
      vertex   1.360097e+00 7.245967e+01 5.111126e-02
      vertex   1.719670e+00 7.228033e+01 0.000000e+00
      vertex   1.600481e+00 7.212500e+01 0.000000e+00
    endloop
  endfacet
  facet normal -1.124070e-01 7.063003e-02 -9.911489e-01
    outer loop
      vertex   1.360097e+00 7.245967e+01 5.111126e-02
      vertex   1.600481e+00 7.212500e+01 0.000000e+00
      vertex   1.224491e+00 7.224386e+01 5.111126e-02
    endloop
  endfacet
  facet normal -1.191943e-01 4.937191e-02 -9.916426e-01
    outer loop
      vertex   1.224491e+00 7.224386e+01 5.111126e-02
      vertex   1.600481e+00 7.212500e+01 0.000000e+00
      vertex   1.525556e+00 7.194411e+01 0.000000e+00
    endloop
  endfacet
  facet normal -1.248001e-01 4.366945e-02 -9.912204e-01
    outer loop
      vertex   1.224491e+00 7.224386e+01 5.111126e-02
      vertex   1.525556e+00 7.194411e+01 0.000000e+00
      vertex   1.140309e+00 7.200328e+01 5.111126e-02
    endloop
  endfacet
  facet normal 9.951847e-01 9.801714e-02 0.000000e+00
    outer loop
      vertex   4.600000e+01 7.175000e+01 8.650000e+00
      vertex   4.600000e+01 7.175000e+01 1.500000e+00
      vertex   4.595677e+01 7.218895e+01 8.650000e+00
    endloop
  endfacet
  facet normal 9.951847e-01 9.801714e-02 0.000000e+00
    outer loop
      vertex   4.595677e+01 7.218895e+01 8.650000e+00
      vertex   4.600000e+01 7.175000e+01 1.500000e+00
      vertex   4.595677e+01 7.218895e+01 1.500000e+00
    endloop
  endfacet
  facet normal 9.569403e-01 2.902847e-01 0.000000e+00
    outer loop
      vertex   4.595677e+01 7.218895e+01 8.650000e+00
      vertex   4.595677e+01 7.218895e+01 1.500000e+00
      vertex   4.582873e+01 7.261104e+01 1.500000e+00
    endloop
  endfacet
  facet normal 9.569403e-01 2.902847e-01 -5.768518e-16
    outer loop
      vertex   4.595677e+01 7.218895e+01 8.650000e+00
      vertex   4.582873e+01 7.261104e+01 1.500000e+00
      vertex   4.582873e+01 7.261104e+01 8.650000e+00
    endloop
  endfacet
  facet normal 8.819213e-01 4.713967e-01 -9.369162e-16
    outer loop
      vertex   4.582873e+01 7.261104e+01 8.650000e+00
      vertex   4.582873e+01 7.261104e+01 1.500000e+00
      vertex   4.562081e+01 7.300003e+01 1.500000e+00
    endloop
  endfacet
  facet normal 8.819213e-01 4.713967e-01 -9.600070e-19
    outer loop
      vertex   4.582873e+01 7.261104e+01 8.650000e+00
      vertex   4.562081e+01 7.300003e+01 1.500000e+00
      vertex   4.562081e+01 7.300003e+01 8.650000e+00
    endloop
  endfacet
  facet normal 7.730105e-01 6.343933e-01 0.000000e+00
    outer loop
      vertex   4.562081e+01 7.300003e+01 8.650000e+00
      vertex   4.562081e+01 7.300003e+01 1.500000e+00
      vertex   4.534099e+01 7.334099e+01 1.500000e+00
    endloop
  endfacet
  facet normal 7.730105e-01 6.343933e-01 -1.632773e-18
    outer loop
      vertex   4.562081e+01 7.300003e+01 8.650000e+00
      vertex   4.534099e+01 7.334099e+01 1.500000e+00
      vertex   4.534099e+01 7.334099e+01 8.650000e+00
    endloop
  endfacet
  facet normal 6.343933e-01 7.730105e-01 0.000000e+00
    outer loop
      vertex   4.534099e+01 7.334099e+01 8.650000e+00
      vertex   4.534099e+01 7.334099e+01 1.500000e+00
      vertex   4.500003e+01 7.362081e+01 1.500000e+00
    endloop
  endfacet
  facet normal 6.343933e-01 7.730105e-01 -9.114687e-19
    outer loop
      vertex   4.534099e+01 7.334099e+01 8.650000e+00
      vertex   4.500003e+01 7.362081e+01 1.500000e+00
      vertex   4.500003e+01 7.362081e+01 8.650000e+00
    endloop
  endfacet
  facet normal 4.713967e-01 8.819213e-01 0.000000e+00
    outer loop
      vertex   4.500003e+01 7.362081e+01 8.650000e+00
      vertex   4.500003e+01 7.362081e+01 1.500000e+00
      vertex   4.461104e+01 7.382873e+01 1.500000e+00
    endloop
  endfacet
  facet normal 4.713967e-01 8.819213e-01 -9.378762e-16
    outer loop
      vertex   4.500003e+01 7.362081e+01 8.650000e+00
      vertex   4.461104e+01 7.382873e+01 1.500000e+00
      vertex   4.461104e+01 7.382873e+01 8.650000e+00
    endloop
  endfacet
  facet normal 2.902847e-01 9.569403e-01 -5.769501e-16
    outer loop
      vertex   4.461104e+01 7.382873e+01 8.650000e+00
      vertex   4.461104e+01 7.382873e+01 1.500000e+00
      vertex   4.418895e+01 7.395677e+01 1.500000e+00
    endloop
  endfacet
  facet normal 2.902847e-01 9.569403e-01 1.094953e-18
    outer loop
      vertex   4.461104e+01 7.382873e+01 8.650000e+00
      vertex   4.418895e+01 7.395677e+01 1.500000e+00
      vertex   4.418895e+01 7.395677e+01 8.650000e+00
    endloop
  endfacet
  facet normal 9.801714e-02 9.951847e-01 0.000000e+00
    outer loop
      vertex   4.418895e+01 7.395677e+01 8.650000e+00
      vertex   4.418895e+01 7.395677e+01 1.500000e+00
      vertex   4.375000e+01 7.400000e+01 8.650000e+00
    endloop
  endfacet
  facet normal 9.801714e-02 9.951847e-01 0.000000e+00
    outer loop
      vertex   4.375000e+01 7.400000e+01 8.650000e+00
      vertex   4.418895e+01 7.395677e+01 1.500000e+00
      vertex   4.375000e+01 7.400000e+01 1.500000e+00
    endloop
  endfacet
  facet normal 0.000000e+00 1.000000e+00 -0.000000e+00
    outer loop
      vertex   4.375000e+01 7.400000e+01 1.500000e+00
      vertex   2.250000e+00 7.400000e+01 1.500000e+00
      vertex   4.375000e+01 7.400000e+01 8.650000e+00
    endloop
  endfacet
  facet normal 0.000000e+00 1.000000e+00 0.000000e+00
    outer loop
      vertex   4.375000e+01 7.400000e+01 8.650000e+00
      vertex   2.250000e+00 7.400000e+01 1.500000e+00
      vertex   2.250000e+00 7.400000e+01 8.650000e+00
    endloop
  endfacet
  facet normal -9.801714e-02 9.951847e-01 -1.217576e-17
    outer loop
      vertex   2.250000e+00 7.400000e+01 8.650000e+00
      vertex   2.250000e+00 7.400000e+01 1.500000e+00
      vertex   1.811047e+00 7.395677e+01 8.650000e+00
    endloop
  endfacet
  facet normal -9.801714e-02 9.951847e-01 3.043941e-17
    outer loop
      vertex   1.811047e+00 7.395677e+01 8.650000e+00
      vertex   2.250000e+00 7.400000e+01 1.500000e+00
      vertex   1.811047e+00 7.395677e+01 1.500000e+00
    endloop
  endfacet
  facet normal -2.902847e-01 9.569403e-01 9.014846e-17
    outer loop
      vertex   1.811047e+00 7.395677e+01 8.650000e+00
      vertex   1.811047e+00 7.395677e+01 1.500000e+00
      vertex   1.388962e+00 7.382873e+01 1.500000e+00
    endloop
  endfacet
  facet normal -2.902847e-01 9.569403e-01 6.362883e-17
    outer loop
      vertex   1.811047e+00 7.395677e+01 8.650000e+00
      vertex   1.388962e+00 7.382873e+01 1.500000e+00
      vertex   1.388962e+00 7.382873e+01 8.650000e+00
    endloop
  endfacet
  facet normal -4.713967e-01 8.819213e-01 1.024752e-16
    outer loop
      vertex   1.388962e+00 7.382873e+01 8.650000e+00
      vertex   1.388962e+00 7.382873e+01 1.500000e+00
      vertex   9.999670e-01 7.362081e+01 1.500000e+00
    endloop
  endfacet
  facet normal -4.713967e-01 8.819213e-01 8.818819e-17
    outer loop
      vertex   1.388962e+00 7.382873e+01 8.650000e+00
      vertex   9.999670e-01 7.362081e+01 1.500000e+00
      vertex   9.999670e-01 7.362081e+01 8.650000e+00
    endloop
  endfacet
  facet normal -6.343933e-01 7.730105e-01 1.182072e-16
    outer loop
      vertex   9.999670e-01 7.362081e+01 8.650000e+00
      vertex   9.999670e-01 7.362081e+01 1.500000e+00
      vertex   6.590097e-01 7.334099e+01 1.500000e+00
    endloop
  endfacet
  facet normal -6.343933e-01 7.730105e-01 7.951441e-17
    outer loop
      vertex   9.999670e-01 7.362081e+01 8.650000e+00
      vertex   6.590097e-01 7.334099e+01 1.500000e+00
      vertex   6.590097e-01 7.334099e+01 8.650000e+00
    endloop
  endfacet
  facet normal -7.730105e-01 6.343933e-01 9.602394e-17
    outer loop
      vertex   6.590097e-01 7.334099e+01 8.650000e+00
      vertex   6.590097e-01 7.334099e+01 1.500000e+00
      vertex   3.791934e-01 7.300003e+01 1.500000e+00
    endloop
  endfacet
  facet normal -7.730105e-01 6.343933e-01 1.917875e-17
    outer loop
      vertex   6.590097e-01 7.334099e+01 8.650000e+00
      vertex   3.791934e-01 7.300003e+01 1.500000e+00
      vertex   3.791934e-01 7.300003e+01 8.650000e+00
    endloop
  endfacet
  facet normal -8.819213e-01 4.713967e-01 2.054117e-17
    outer loop
      vertex   3.791934e-01 7.300003e+01 8.650000e+00
      vertex   3.791934e-01 7.300003e+01 1.500000e+00
      vertex   1.712711e-01 7.261104e+01 1.500000e+00
    endloop
  endfacet
  facet normal -8.819213e-01 4.713967e-01 -9.024471e-16
    outer loop
      vertex   3.791934e-01 7.300003e+01 8.650000e+00
      vertex   1.712711e-01 7.261104e+01 1.500000e+00
      vertex   1.712711e-01 7.261104e+01 8.650000e+00
    endloop
  endfacet
  facet normal -9.569403e-01 2.902847e-01 -5.398027e-16
    outer loop
      vertex   1.712711e-01 7.261104e+01 8.650000e+00
      vertex   1.712711e-01 7.261104e+01 1.500000e+00
      vertex   4.323312e-02 7.218895e+01 1.500000e+00
    endloop
  endfacet
  facet normal -9.569403e-01 2.902847e-01 1.827294e-17
    outer loop
      vertex   1.712711e-01 7.261104e+01 8.650000e+00
      vertex   4.323312e-02 7.218895e+01 1.500000e+00
      vertex   4.323312e-02 7.218895e+01 8.650000e+00
    endloop
  endfacet
  facet normal -9.951847e-01 9.801714e-02 1.931603e-17
    outer loop
      vertex   4.323312e-02 7.218895e+01 8.650000e+00
      vertex   4.323312e-02 7.218895e+01 1.500000e+00
      vertex   1.110223e-15 7.175000e+01 8.650000e+00
    endloop
  endfacet
  facet normal -9.951847e-01 9.801714e-02 0.000000e+00
    outer loop
      vertex   1.110223e-15 7.175000e+01 8.650000e+00
      vertex   4.323312e-02 7.218895e+01 1.500000e+00
      vertex   1.110223e-15 7.175000e+01 1.500000e+00
    endloop
  endfacet
  facet normal -1.000000e+00 5.191690e-17 0.000000e+00
    outer loop
      vertex   1.110223e-15 7.175000e+01 1.500000e+00
      vertex   -2.498002e-15 2.250000e+00 1.500000e+00
      vertex   1.110223e-15 7.175000e+01 8.650000e+00
    endloop
  endfacet
  facet normal -1.000000e+00 5.191690e-17 0.000000e+00
    outer loop
      vertex   1.110223e-15 7.175000e+01 8.650000e+00
      vertex   -2.498002e-15 2.250000e+00 1.500000e+00
      vertex   -2.498002e-15 2.250000e+00 8.650000e+00
    endloop
  endfacet
  facet normal 0.000000e+00 0.000000e+00 -1.000000e+00
    outer loop
      vertex   1.500000e+00 7.175000e+01 0.000000e+00
      vertex   2.250000e+00 7.250000e+01 0.000000e+00
      vertex   1.500000e+00 2.250000e+00 0.000000e+00
    endloop
  endfacet
  facet normal 0.000000e+00 0.000000e+00 -1.000000e+00
    outer loop
      vertex   1.500000e+00 2.250000e+00 0.000000e+00
      vertex   2.250000e+00 7.250000e+01 0.000000e+00
      vertex   2.250000e+00 1.500000e+00 0.000000e+00
    endloop
  endfacet
  facet normal 0.000000e+00 0.000000e+00 -1.000000e+00
    outer loop
      vertex   1.500000e+00 2.250000e+00 0.000000e+00
      vertex   2.250000e+00 1.500000e+00 0.000000e+00
      vertex   2.055886e+00 1.525556e+00 0.000000e+00
    endloop
  endfacet
  facet normal 0.000000e+00 -0.000000e+00 -1.000000e+00
    outer loop
      vertex   1.525556e+00 7.194411e+01 0.000000e+00
      vertex   1.600481e+00 7.212500e+01 0.000000e+00
      vertex   1.500000e+00 7.175000e+01 0.000000e+00
    endloop
  endfacet
  facet normal 0.000000e+00 0.000000e+00 -1.000000e+00
    outer loop
      vertex   1.500000e+00 7.175000e+01 0.000000e+00
      vertex   1.600481e+00 7.212500e+01 0.000000e+00
      vertex   1.719670e+00 7.228033e+01 0.000000e+00
    endloop
  endfacet
  facet normal 0.000000e+00 0.000000e+00 -1.000000e+00
    outer loop
      vertex   1.500000e+00 7.175000e+01 0.000000e+00
      vertex   1.719670e+00 7.228033e+01 0.000000e+00
      vertex   1.875000e+00 7.239952e+01 0.000000e+00
    endloop
  endfacet
  facet normal 0.000000e+00 -0.000000e+00 -1.000000e+00
    outer loop
      vertex   1.875000e+00 7.239952e+01 0.000000e+00
      vertex   2.055886e+00 7.247444e+01 0.000000e+00
      vertex   1.500000e+00 7.175000e+01 0.000000e+00
    endloop
  endfacet
  facet normal 0.000000e+00 0.000000e+00 -1.000000e+00
    outer loop
      vertex   1.500000e+00 7.175000e+01 0.000000e+00
      vertex   2.055886e+00 7.247444e+01 0.000000e+00
      vertex   2.250000e+00 7.250000e+01 0.000000e+00
    endloop
  endfacet
  facet normal 0.000000e+00 0.000000e+00 -1.000000e+00
    outer loop
      vertex   2.250000e+00 7.250000e+01 0.000000e+00
      vertex   4.375000e+01 7.250000e+01 0.000000e+00
      vertex   2.250000e+00 1.500000e+00 0.000000e+00
    endloop
  endfacet
  facet normal 0.000000e+00 0.000000e+00 -1.000000e+00
    outer loop
      vertex   2.250000e+00 1.500000e+00 0.000000e+00
      vertex   4.375000e+01 7.250000e+01 0.000000e+00
      vertex   4.375000e+01 1.500000e+00 0.000000e+00
    endloop
  endfacet
  facet normal 0.000000e+00 0.000000e+00 -1.000000e+00
    outer loop
      vertex   4.375000e+01 1.500000e+00 0.000000e+00
      vertex   4.375000e+01 7.250000e+01 0.000000e+00
      vertex   4.450000e+01 2.250000e+00 0.000000e+00
    endloop
  endfacet
  facet normal 0.000000e+00 0.000000e+00 -1.000000e+00
    outer loop
      vertex   4.375000e+01 1.500000e+00 0.000000e+00
      vertex   4.450000e+01 2.250000e+00 0.000000e+00
      vertex   4.394411e+01 1.525556e+00 0.000000e+00
    endloop
  endfacet
  facet normal 0.000000e+00 0.000000e+00 -1.000000e+00
    outer loop
      vertex   4.394411e+01 1.525556e+00 0.000000e+00
      vertex   4.450000e+01 2.250000e+00 0.000000e+00
      vertex   4.412500e+01 1.600481e+00 0.000000e+00
    endloop
  endfacet
  facet normal 0.000000e+00 0.000000e+00 -1.000000e+00
    outer loop
      vertex   4.412500e+01 1.600481e+00 0.000000e+00
      vertex   4.450000e+01 2.250000e+00 0.000000e+00
      vertex   4.428033e+01 1.719670e+00 0.000000e+00
    endloop
  endfacet
  facet normal 0.000000e+00 0.000000e+00 -1.000000e+00
    outer loop
      vertex   4.428033e+01 1.719670e+00 0.000000e+00
      vertex   4.450000e+01 2.250000e+00 0.000000e+00
      vertex   4.439952e+01 1.875000e+00 0.000000e+00
    endloop
  endfacet
  facet normal 0.000000e+00 0.000000e+00 -1.000000e+00
    outer loop
      vertex   4.439952e+01 1.875000e+00 0.000000e+00
      vertex   4.450000e+01 2.250000e+00 0.000000e+00
      vertex   4.447444e+01 2.055886e+00 0.000000e+00
    endloop
  endfacet
  facet normal 0.000000e+00 0.000000e+00 -1.000000e+00
    outer loop
      vertex   4.450000e+01 2.250000e+00 0.000000e+00
      vertex   4.375000e+01 7.250000e+01 0.000000e+00
      vertex   4.450000e+01 7.175000e+01 0.000000e+00
    endloop
  endfacet
  facet normal 0.000000e+00 0.000000e+00 -1.000000e+00
    outer loop
      vertex   4.450000e+01 7.175000e+01 0.000000e+00
      vertex   4.375000e+01 7.250000e+01 0.000000e+00
      vertex   4.394411e+01 7.247444e+01 0.000000e+00
    endloop
  endfacet
  facet normal 0.000000e+00 0.000000e+00 -1.000000e+00
    outer loop
      vertex   4.450000e+01 7.175000e+01 0.000000e+00
      vertex   4.394411e+01 7.247444e+01 0.000000e+00
      vertex   4.412500e+01 7.239952e+01 0.000000e+00
    endloop
  endfacet
  facet normal 0.000000e+00 0.000000e+00 -1.000000e+00
    outer loop
      vertex   4.412500e+01 7.239952e+01 0.000000e+00
      vertex   4.428033e+01 7.228033e+01 0.000000e+00
      vertex   4.450000e+01 7.175000e+01 0.000000e+00
    endloop
  endfacet
  facet normal 0.000000e+00 0.000000e+00 -1.000000e+00
    outer loop
      vertex   4.450000e+01 7.175000e+01 0.000000e+00
      vertex   4.428033e+01 7.228033e+01 0.000000e+00
      vertex   4.439952e+01 7.212500e+01 0.000000e+00
    endloop
  endfacet
  facet normal 0.000000e+00 0.000000e+00 -1.000000e+00
    outer loop
      vertex   4.450000e+01 7.175000e+01 0.000000e+00
      vertex   4.439952e+01 7.212500e+01 0.000000e+00
      vertex   4.447444e+01 7.194411e+01 0.000000e+00
    endloop
  endfacet
  facet normal 0.000000e+00 0.000000e+00 -1.000000e+00
    outer loop
      vertex   2.055886e+00 1.525556e+00 0.000000e+00
      vertex   1.875000e+00 1.600481e+00 0.000000e+00
      vertex   1.500000e+00 2.250000e+00 0.000000e+00
    endloop
  endfacet
  facet normal 0.000000e+00 0.000000e+00 -1.000000e+00
    outer loop
      vertex   1.500000e+00 2.250000e+00 0.000000e+00
      vertex   1.875000e+00 1.600481e+00 0.000000e+00
      vertex   1.719670e+00 1.719670e+00 0.000000e+00
    endloop
  endfacet
  facet normal 0.000000e+00 0.000000e+00 -1.000000e+00
    outer loop
      vertex   1.500000e+00 2.250000e+00 0.000000e+00
      vertex   1.719670e+00 1.719670e+00 0.000000e+00
      vertex   1.600481e+00 1.875000e+00 0.000000e+00
    endloop
  endfacet
  facet normal 0.000000e+00 0.000000e+00 -1.000000e+00
    outer loop
      vertex   1.600481e+00 1.875000e+00 0.000000e+00
      vertex   1.525556e+00 2.055886e+00 0.000000e+00
      vertex   1.500000e+00 2.250000e+00 0.000000e+00
    endloop
  endfacet
  facet normal 1.000000e+00 -0.000000e+00 0.000000e+00
    outer loop
      vertex   8.700000e+00 0.000000e+00 8.650000e+00
      vertex   8.700000e+00 0.000000e+00 7.045000e+00
      vertex   8.700000e+00 1.000000e+00 8.650000e+00
    endloop
  endfacet
  facet normal 1.000000e+00 0.000000e+00 0.000000e+00
    outer loop
      vertex   8.700000e+00 1.000000e+00 8.650000e+00
      vertex   8.700000e+00 0.000000e+00 7.045000e+00
      vertex   8.700000e+00 2.400000e+00 7.045000e+00
    endloop
  endfacet
  facet normal 1.000000e+00 -0.000000e+00 0.000000e+00
    outer loop
      vertex   8.700000e+00 1.000000e+00 8.650000e+00
      vertex   8.700000e+00 2.400000e+00 7.045000e+00
      vertex   8.700000e+00 2.400000e+00 9.650000e+00
    endloop
  endfacet
  facet normal 1.000000e+00 0.000000e+00 0.000000e+00
    outer loop
      vertex   8.700000e+00 2.400000e+00 9.650000e+00
      vertex   8.700000e+00 1.000000e+00 9.650000e+00
      vertex   8.700000e+00 1.000000e+00 8.650000e+00
    endloop
  endfacet
  facet normal -1.000000e+00 0.000000e+00 0.000000e+00
    outer loop
      vertex   2.220000e+01 0.000000e+00 8.650000e+00
      vertex   2.220000e+01 1.000000e+00 8.650000e+00
      vertex   2.220000e+01 0.000000e+00 7.045000e+00
    endloop
  endfacet
  facet normal -1.000000e+00 0.000000e+00 0.000000e+00
    outer loop
      vertex   2.220000e+01 0.000000e+00 7.045000e+00
      vertex   2.220000e+01 1.000000e+00 8.650000e+00
      vertex   2.220000e+01 2.400000e+00 7.045000e+00
    endloop
  endfacet
  facet normal -1.000000e+00 0.000000e+00 0.000000e+00
    outer loop
      vertex   2.220000e+01 2.400000e+00 7.045000e+00
      vertex   2.220000e+01 1.000000e+00 8.650000e+00
      vertex   2.220000e+01 2.400000e+00 9.650000e+00
    endloop
  endfacet
  facet normal -1.000000e+00 -0.000000e+00 0.000000e+00
    outer loop
      vertex   2.220000e+01 2.400000e+00 9.650000e+00
      vertex   2.220000e+01 1.000000e+00 8.650000e+00
      vertex   2.220000e+01 1.000000e+00 9.650000e+00
    endloop
  endfacet
  facet normal 0.000000e+00 0.000000e+00 1.000000e+00
    outer loop
      vertex   8.700000e+00 0.000000e+00 7.045000e+00
      vertex   2.220000e+01 0.000000e+00 7.045000e+00
      vertex   8.700000e+00 2.400000e+00 7.045000e+00
    endloop
  endfacet
  facet normal -0.000000e+00 0.000000e+00 1.000000e+00
    outer loop
      vertex   8.700000e+00 2.400000e+00 7.045000e+00
      vertex   2.220000e+01 0.000000e+00 7.045000e+00
      vertex   2.220000e+01 2.400000e+00 7.045000e+00
    endloop
  endfacet
  facet normal 1.000000e+00 -0.000000e+00 0.000000e+00
    outer loop
      vertex   2.775000e+01 0.000000e+00 8.650000e+00
      vertex   2.775000e+01 0.000000e+00 6.044000e+00
      vertex   2.775000e+01 1.000000e+00 8.650000e+00
    endloop
  endfacet
  facet normal 1.000000e+00 0.000000e+00 0.000000e+00
    outer loop
      vertex   2.775000e+01 1.000000e+00 8.650000e+00
      vertex   2.775000e+01 0.000000e+00 6.044000e+00
      vertex   2.775000e+01 2.400000e+00 6.044000e+00
    endloop
  endfacet
  facet normal 1.000000e+00 -0.000000e+00 0.000000e+00
    outer loop
      vertex   2.775000e+01 1.000000e+00 8.650000e+00
      vertex   2.775000e+01 2.400000e+00 6.044000e+00
      vertex   2.775000e+01 2.400000e+00 9.650000e+00
    endloop
  endfacet
  facet normal 1.000000e+00 0.000000e+00 0.000000e+00
    outer loop
      vertex   2.775000e+01 2.400000e+00 9.650000e+00
      vertex   2.775000e+01 1.000000e+00 9.650000e+00
      vertex   2.775000e+01 1.000000e+00 8.650000e+00
    endloop
  endfacet
  facet normal -1.000000e+00 0.000000e+00 0.000000e+00
    outer loop
      vertex   3.915000e+01 0.000000e+00 8.650000e+00
      vertex   3.915000e+01 1.000000e+00 8.650000e+00
      vertex   3.915000e+01 0.000000e+00 6.044000e+00
    endloop
  endfacet
  facet normal -1.000000e+00 0.000000e+00 0.000000e+00
    outer loop
      vertex   3.915000e+01 0.000000e+00 6.044000e+00
      vertex   3.915000e+01 1.000000e+00 8.650000e+00
      vertex   3.915000e+01 2.400000e+00 6.044000e+00
    endloop
  endfacet
  facet normal -1.000000e+00 0.000000e+00 0.000000e+00
    outer loop
      vertex   3.915000e+01 2.400000e+00 6.044000e+00
      vertex   3.915000e+01 1.000000e+00 8.650000e+00
      vertex   3.915000e+01 2.400000e+00 9.650000e+00
    endloop
  endfacet
  facet normal -1.000000e+00 -0.000000e+00 0.000000e+00
    outer loop
      vertex   3.915000e+01 2.400000e+00 9.650000e+00
      vertex   3.915000e+01 1.000000e+00 8.650000e+00
      vertex   3.915000e+01 1.000000e+00 9.650000e+00
    endloop
  endfacet
  facet normal 0.000000e+00 0.000000e+00 1.000000e+00
    outer loop
      vertex   2.775000e+01 0.000000e+00 6.044000e+00
      vertex   3.915000e+01 0.000000e+00 6.044000e+00
      vertex   2.775000e+01 2.400000e+00 6.044000e+00
    endloop
  endfacet
  facet normal -0.000000e+00 0.000000e+00 1.000000e+00
    outer loop
      vertex   2.775000e+01 2.400000e+00 6.044000e+00
      vertex   3.915000e+01 0.000000e+00 6.044000e+00
      vertex   3.915000e+01 2.400000e+00 6.044000e+00
    endloop
  endfacet
  facet normal -6.688091e-18 -1.000000e+00 -2.354961e-17
    outer loop
      vertex   4.375000e+01 0.000000e+00 1.500000e+00
      vertex   2.775000e+01 0.000000e+00 6.044000e+00
      vertex   2.250000e+00 2.775558e-16 1.500000e+00
    endloop
  endfacet
  facet normal -2.478692e-18 -1.000000e+00 -4.717190e-17
    outer loop
      vertex   2.250000e+00 2.775558e-16 1.500000e+00
      vertex   2.775000e+01 0.000000e+00 6.044000e+00
      vertex   8.700000e+00 0.000000e+00 7.045000e+00
    endloop
  endfacet
  facet normal -4.303190e-17 -1.000000e+00 -8.385950e-31
    outer loop
      vertex   2.250000e+00 2.775558e-16 1.500000e+00
      vertex   8.700000e+00 0.000000e+00 7.045000e+00
      vertex   2.250000e+00 2.775558e-16 8.650000e+00
    endloop
  endfacet
  facet normal -4.303190e-17 -1.000000e+00 -5.238879e-33
    outer loop
      vertex   2.250000e+00 2.775558e-16 8.650000e+00
      vertex   8.700000e+00 0.000000e+00 7.045000e+00
      vertex   8.700000e+00 0.000000e+00 8.650000e+00
    endloop
  endfacet
  facet normal 0.000000e+00 -1.000000e+00 0.000000e+00
    outer loop
      vertex   2.775000e+01 0.000000e+00 6.044000e+00
      vertex   4.375000e+01 0.000000e+00 1.500000e+00
      vertex   3.915000e+01 0.000000e+00 6.044000e+00
    endloop
  endfacet
  facet normal 0.000000e+00 -1.000000e+00 0.000000e+00
    outer loop
      vertex   3.915000e+01 0.000000e+00 6.044000e+00
      vertex   4.375000e+01 0.000000e+00 1.500000e+00
      vertex   4.375000e+01 0.000000e+00 8.650000e+00
    endloop
  endfacet
  facet normal 0.000000e+00 -1.000000e+00 0.000000e+00
    outer loop
      vertex   3.915000e+01 0.000000e+00 6.044000e+00
      vertex   4.375000e+01 0.000000e+00 8.650000e+00
      vertex   3.915000e+01 0.000000e+00 8.650000e+00
    endloop
  endfacet
  facet normal 0.000000e+00 -1.000000e+00 0.000000e+00
    outer loop
      vertex   8.700000e+00 0.000000e+00 7.045000e+00
      vertex   2.775000e+01 0.000000e+00 6.044000e+00
      vertex   2.220000e+01 0.000000e+00 7.045000e+00
    endloop
  endfacet
  facet normal 0.000000e+00 -1.000000e+00 0.000000e+00
    outer loop
      vertex   2.220000e+01 0.000000e+00 7.045000e+00
      vertex   2.775000e+01 0.000000e+00 6.044000e+00
      vertex   2.775000e+01 0.000000e+00 8.650000e+00
    endloop
  endfacet
  facet normal 0.000000e+00 -1.000000e+00 0.000000e+00
    outer loop
      vertex   2.220000e+01 0.000000e+00 7.045000e+00
      vertex   2.775000e+01 0.000000e+00 8.650000e+00
      vertex   2.220000e+01 0.000000e+00 8.650000e+00
    endloop
  endfacet
  facet normal 0.000000e+00 -0.000000e+00 1.000000e+00
    outer loop
      vertex   8.700000e+00 0.000000e+00 8.650000e+00
      vertex   8.700000e+00 1.000000e+00 8.650000e+00
      vertex   2.250000e+00 2.775558e-16 8.650000e+00
    endloop
  endfacet
  facet normal 0.000000e+00 -0.000000e+00 1.000000e+00
    outer loop
      vertex   2.250000e+00 2.775558e-16 8.650000e+00
      vertex   8.700000e+00 1.000000e+00 8.650000e+00
      vertex   2.250000e+00 1.000000e+00 8.650000e+00
    endloop
  endfacet
  facet normal 0.000000e+00 0.000000e+00 1.000000e+00
    outer loop
      vertex   2.250000e+00 2.775558e-16 8.650000e+00
      vertex   2.250000e+00 1.000000e+00 8.650000e+00
      vertex   1.926476e+00 1.042593e+00 8.650000e+00
    endloop
  endfacet
  facet normal 0.000000e+00 0.000000e+00 1.000000e+00
    outer loop
      vertex   2.250000e+00 2.775558e-16 8.650000e+00
      vertex   1.926476e+00 1.042593e+00 8.650000e+00
      vertex   1.811047e+00 4.323312e-02 8.650000e+00
    endloop
  endfacet
  facet normal 0.000000e+00 -0.000000e+00 1.000000e+00
    outer loop
      vertex   1.811047e+00 4.323312e-02 8.650000e+00
      vertex   1.926476e+00 1.042593e+00 8.650000e+00
      vertex   1.625000e+00 1.167468e+00 8.650000e+00
    endloop
  endfacet
  facet normal 0.000000e+00 0.000000e+00 1.000000e+00
    outer loop
      vertex   1.811047e+00 4.323312e-02 8.650000e+00
      vertex   1.625000e+00 1.167468e+00 8.650000e+00
      vertex   1.388962e+00 1.712711e-01 8.650000e+00
    endloop
  endfacet
  facet normal 0.000000e+00 -0.000000e+00 1.000000e+00
    outer loop
      vertex   1.388962e+00 1.712711e-01 8.650000e+00
      vertex   1.625000e+00 1.167468e+00 8.650000e+00
      vertex   1.366117e+00 1.366117e+00 8.650000e+00
    endloop
  endfacet
  facet normal 0.000000e+00 0.000000e+00 1.000000e+00
    outer loop
      vertex   1.388962e+00 1.712711e-01 8.650000e+00
      vertex   1.366117e+00 1.366117e+00 8.650000e+00
      vertex   9.999670e-01 3.791934e-01 8.650000e+00
    endloop
  endfacet
  facet normal 0.000000e+00 0.000000e+00 1.000000e+00
    outer loop
      vertex   9.999670e-01 3.791934e-01 8.650000e+00
      vertex   1.366117e+00 1.366117e+00 8.650000e+00
      vertex   1.167468e+00 1.625000e+00 8.650000e+00
    endloop
  endfacet
  facet normal 0.000000e+00 -0.000000e+00 1.000000e+00
    outer loop
      vertex   9.999670e-01 3.791934e-01 8.650000e+00
      vertex   1.167468e+00 1.625000e+00 8.650000e+00
      vertex   6.590097e-01 6.590097e-01 8.650000e+00
    endloop
  endfacet
  facet normal 0.000000e+00 -0.000000e+00 1.000000e+00
    outer loop
      vertex   6.590097e-01 6.590097e-01 8.650000e+00
      vertex   1.167468e+00 1.625000e+00 8.650000e+00
      vertex   3.791934e-01 9.999670e-01 8.650000e+00
    endloop
  endfacet
  facet normal 0.000000e+00 0.000000e+00 1.000000e+00
    outer loop
      vertex   3.791934e-01 9.999670e-01 8.650000e+00
      vertex   1.167468e+00 1.625000e+00 8.650000e+00
      vertex   1.042593e+00 1.926476e+00 8.650000e+00
    endloop
  endfacet
  facet normal 0.000000e+00 -0.000000e+00 1.000000e+00
    outer loop
      vertex   3.791934e-01 9.999670e-01 8.650000e+00
      vertex   1.042593e+00 1.926476e+00 8.650000e+00
      vertex   1.712711e-01 1.388962e+00 8.650000e+00
    endloop
  endfacet
  facet normal 0.000000e+00 0.000000e+00 1.000000e+00
    outer loop
      vertex   1.712711e-01 1.388962e+00 8.650000e+00
      vertex   1.042593e+00 1.926476e+00 8.650000e+00
      vertex   1.000000e+00 2.250000e+00 8.650000e+00
    endloop
  endfacet
  facet normal 0.000000e+00 -0.000000e+00 1.000000e+00
    outer loop
      vertex   1.712711e-01 1.388962e+00 8.650000e+00
      vertex   1.000000e+00 2.250000e+00 8.650000e+00
      vertex   4.323312e-02 1.811047e+00 8.650000e+00
    endloop
  endfacet
  facet normal 0.000000e+00 -0.000000e+00 1.000000e+00
    outer loop
      vertex   4.323312e-02 1.811047e+00 8.650000e+00
      vertex   1.000000e+00 2.250000e+00 8.650000e+00
      vertex   -2.498002e-15 2.250000e+00 8.650000e+00
    endloop
  endfacet
  facet normal 0.000000e+00 0.000000e+00 1.000000e+00
    outer loop
      vertex   -2.498002e-15 2.250000e+00 8.650000e+00
      vertex   1.000000e+00 2.250000e+00 8.650000e+00
      vertex   1.110223e-15 7.175000e+01 8.650000e+00
    endloop
  endfacet
  facet normal -0.000000e+00 0.000000e+00 1.000000e+00
    outer loop
      vertex   1.110223e-15 7.175000e+01 8.650000e+00
      vertex   1.000000e+00 2.250000e+00 8.650000e+00
      vertex   1.000000e+00 7.175000e+01 8.650000e+00
    endloop
  endfacet
  facet normal 0.000000e+00 0.000000e+00 1.000000e+00
    outer loop
      vertex   1.110223e-15 7.175000e+01 8.650000e+00
      vertex   1.000000e+00 7.175000e+01 8.650000e+00
      vertex   4.323312e-02 7.218895e+01 8.650000e+00
    endloop
  endfacet
  facet normal -0.000000e+00 0.000000e+00 1.000000e+00
    outer loop
      vertex   4.323312e-02 7.218895e+01 8.650000e+00
      vertex   1.000000e+00 7.175000e+01 8.650000e+00
      vertex   1.712711e-01 7.261104e+01 8.650000e+00
    endloop
  endfacet
  facet normal 0.000000e+00 0.000000e+00 1.000000e+00
    outer loop
      vertex   1.712711e-01 7.261104e+01 8.650000e+00
      vertex   1.000000e+00 7.175000e+01 8.650000e+00
      vertex   1.042593e+00 7.207352e+01 8.650000e+00
    endloop
  endfacet
  facet normal -0.000000e+00 0.000000e+00 1.000000e+00
    outer loop
      vertex   1.712711e-01 7.261104e+01 8.650000e+00
      vertex   1.042593e+00 7.207352e+01 8.650000e+00
      vertex   3.791934e-01 7.300003e+01 8.650000e+00
    endloop
  endfacet
  facet normal 0.000000e+00 0.000000e+00 1.000000e+00
    outer loop
      vertex   3.791934e-01 7.300003e+01 8.650000e+00
      vertex   1.042593e+00 7.207352e+01 8.650000e+00
      vertex   1.167468e+00 7.237500e+01 8.650000e+00
    endloop
  endfacet
  facet normal -0.000000e+00 0.000000e+00 1.000000e+00
    outer loop
      vertex   3.791934e-01 7.300003e+01 8.650000e+00
      vertex   1.167468e+00 7.237500e+01 8.650000e+00
      vertex   6.590097e-01 7.334099e+01 8.650000e+00
    endloop
  endfacet
  facet normal -0.000000e+00 0.000000e+00 1.000000e+00
    outer loop
      vertex   6.590097e-01 7.334099e+01 8.650000e+00
      vertex   1.167468e+00 7.237500e+01 8.650000e+00
      vertex   9.999670e-01 7.362081e+01 8.650000e+00
    endloop
  endfacet
  facet normal 0.000000e+00 0.000000e+00 1.000000e+00
    outer loop
      vertex   9.999670e-01 7.362081e+01 8.650000e+00
      vertex   1.167468e+00 7.237500e+01 8.650000e+00
      vertex   1.366117e+00 7.263388e+01 8.650000e+00
    endloop
  endfacet
  facet normal -0.000000e+00 0.000000e+00 1.000000e+00
    outer loop
      vertex   9.999670e-01 7.362081e+01 8.650000e+00
      vertex   1.366117e+00 7.263388e+01 8.650000e+00
      vertex   1.388962e+00 7.382873e+01 8.650000e+00
    endloop
  endfacet
  facet normal 0.000000e+00 0.000000e+00 1.000000e+00
    outer loop
      vertex   1.388962e+00 7.382873e+01 8.650000e+00
      vertex   1.366117e+00 7.263388e+01 8.650000e+00
      vertex   1.625000e+00 7.283253e+01 8.650000e+00
    endloop
  endfacet
  facet normal -0.000000e+00 0.000000e+00 1.000000e+00
    outer loop
      vertex   1.388962e+00 7.382873e+01 8.650000e+00
      vertex   1.625000e+00 7.283253e+01 8.650000e+00
      vertex   1.811047e+00 7.395677e+01 8.650000e+00
    endloop
  endfacet
  facet normal 0.000000e+00 0.000000e+00 1.000000e+00
    outer loop
      vertex   1.811047e+00 7.395677e+01 8.650000e+00
      vertex   1.625000e+00 7.283253e+01 8.650000e+00
      vertex   1.926476e+00 7.295741e+01 8.650000e+00
    endloop
  endfacet
  facet normal -0.000000e+00 0.000000e+00 1.000000e+00
    outer loop
      vertex   1.811047e+00 7.395677e+01 8.650000e+00
      vertex   1.926476e+00 7.295741e+01 8.650000e+00
      vertex   2.250000e+00 7.400000e+01 8.650000e+00
    endloop
  endfacet
  facet normal 0.000000e+00 0.000000e+00 1.000000e+00
    outer loop
      vertex   2.250000e+00 7.400000e+01 8.650000e+00
      vertex   1.926476e+00 7.295741e+01 8.650000e+00
      vertex   2.250000e+00 7.300000e+01 8.650000e+00
    endloop
  endfacet
  facet normal 0.000000e+00 0.000000e+00 1.000000e+00
    outer loop
      vertex   2.250000e+00 7.400000e+01 8.650000e+00
      vertex   2.250000e+00 7.300000e+01 8.650000e+00
      vertex   4.375000e+01 7.300000e+01 8.650000e+00
    endloop
  endfacet
  facet normal -0.000000e+00 0.000000e+00 1.000000e+00
    outer loop
      vertex   2.250000e+00 7.400000e+01 8.650000e+00
      vertex   4.375000e+01 7.300000e+01 8.650000e+00
      vertex   4.375000e+01 7.400000e+01 8.650000e+00
    endloop
  endfacet
  facet normal 0.000000e+00 0.000000e+00 1.000000e+00
    outer loop
      vertex   4.375000e+01 7.400000e+01 8.650000e+00
      vertex   4.375000e+01 7.300000e+01 8.650000e+00
      vertex   4.407352e+01 7.295741e+01 8.650000e+00
    endloop
  endfacet
  facet normal 0.000000e+00 0.000000e+00 1.000000e+00
    outer loop
      vertex   4.375000e+01 7.400000e+01 8.650000e+00
      vertex   4.407352e+01 7.295741e+01 8.650000e+00
      vertex   4.418895e+01 7.395677e+01 8.650000e+00
    endloop
  endfacet
  facet normal 0.000000e+00 0.000000e+00 1.000000e+00
    outer loop
      vertex   4.418895e+01 7.395677e+01 8.650000e+00
      vertex   4.407352e+01 7.295741e+01 8.650000e+00
      vertex   4.437500e+01 7.283253e+01 8.650000e+00
    endloop
  endfacet
  facet normal 0.000000e+00 0.000000e+00 1.000000e+00
    outer loop
      vertex   4.418895e+01 7.395677e+01 8.650000e+00
      vertex   4.437500e+01 7.283253e+01 8.650000e+00
      vertex   4.461104e+01 7.382873e+01 8.650000e+00
    endloop
  endfacet
  facet normal 0.000000e+00 0.000000e+00 1.000000e+00
    outer loop
      vertex   4.461104e+01 7.382873e+01 8.650000e+00
      vertex   4.437500e+01 7.283253e+01 8.650000e+00
      vertex   4.463388e+01 7.263388e+01 8.650000e+00
    endloop
  endfacet
  facet normal 0.000000e+00 0.000000e+00 1.000000e+00
    outer loop
      vertex   4.461104e+01 7.382873e+01 8.650000e+00
      vertex   4.463388e+01 7.263388e+01 8.650000e+00
      vertex   4.500003e+01 7.362081e+01 8.650000e+00
    endloop
  endfacet
  facet normal 0.000000e+00 0.000000e+00 1.000000e+00
    outer loop
      vertex   4.500003e+01 7.362081e+01 8.650000e+00
      vertex   4.463388e+01 7.263388e+01 8.650000e+00
      vertex   4.483253e+01 7.237500e+01 8.650000e+00
    endloop
  endfacet
  facet normal 0.000000e+00 0.000000e+00 1.000000e+00
    outer loop
      vertex   4.500003e+01 7.362081e+01 8.650000e+00
      vertex   4.483253e+01 7.237500e+01 8.650000e+00
      vertex   4.534099e+01 7.334099e+01 8.650000e+00
    endloop
  endfacet
  facet normal 0.000000e+00 0.000000e+00 1.000000e+00
    outer loop
      vertex   4.534099e+01 7.334099e+01 8.650000e+00
      vertex   4.483253e+01 7.237500e+01 8.650000e+00
      vertex   4.562081e+01 7.300003e+01 8.650000e+00
    endloop
  endfacet
  facet normal 0.000000e+00 0.000000e+00 1.000000e+00
    outer loop
      vertex   4.562081e+01 7.300003e+01 8.650000e+00
      vertex   4.483253e+01 7.237500e+01 8.650000e+00
      vertex   4.495741e+01 7.207352e+01 8.650000e+00
    endloop
  endfacet
  facet normal 0.000000e+00 0.000000e+00 1.000000e+00
    outer loop
      vertex   4.562081e+01 7.300003e+01 8.650000e+00
      vertex   4.495741e+01 7.207352e+01 8.650000e+00
      vertex   4.582873e+01 7.261104e+01 8.650000e+00
    endloop
  endfacet
  facet normal 0.000000e+00 0.000000e+00 1.000000e+00
    outer loop
      vertex   4.582873e+01 7.261104e+01 8.650000e+00
      vertex   4.495741e+01 7.207352e+01 8.650000e+00
      vertex   4.500000e+01 7.175000e+01 8.650000e+00
    endloop
  endfacet
  facet normal 0.000000e+00 0.000000e+00 1.000000e+00
    outer loop
      vertex   4.582873e+01 7.261104e+01 8.650000e+00
      vertex   4.500000e+01 7.175000e+01 8.650000e+00
      vertex   4.595677e+01 7.218895e+01 8.650000e+00
    endloop
  endfacet
  facet normal 0.000000e+00 0.000000e+00 1.000000e+00
    outer loop
      vertex   4.595677e+01 7.218895e+01 8.650000e+00
      vertex   4.500000e+01 7.175000e+01 8.650000e+00
      vertex   4.600000e+01 7.175000e+01 8.650000e+00
    endloop
  endfacet
  facet normal 0.000000e+00 0.000000e+00 1.000000e+00
    outer loop
      vertex   4.600000e+01 7.175000e+01 8.650000e+00
      vertex   4.500000e+01 7.175000e+01 8.650000e+00
      vertex   4.600000e+01 2.250000e+00 8.650000e+00
    endloop
  endfacet
  facet normal 0.000000e+00 0.000000e+00 1.000000e+00
    outer loop
      vertex   4.600000e+01 2.250000e+00 8.650000e+00
      vertex   4.500000e+01 7.175000e+01 8.650000e+00
      vertex   4.500000e+01 2.250000e+00 8.650000e+00
    endloop
  endfacet
  facet normal 0.000000e+00 0.000000e+00 1.000000e+00
    outer loop
      vertex   4.600000e+01 2.250000e+00 8.650000e+00
      vertex   4.500000e+01 2.250000e+00 8.650000e+00
      vertex   4.595677e+01 1.811047e+00 8.650000e+00
    endloop
  endfacet
  facet normal 0.000000e+00 0.000000e+00 1.000000e+00
    outer loop
      vertex   4.595677e+01 1.811047e+00 8.650000e+00
      vertex   4.500000e+01 2.250000e+00 8.650000e+00
      vertex   4.582873e+01 1.388962e+00 8.650000e+00
    endloop
  endfacet
  facet normal 0.000000e+00 0.000000e+00 1.000000e+00
    outer loop
      vertex   4.582873e+01 1.388962e+00 8.650000e+00
      vertex   4.500000e+01 2.250000e+00 8.650000e+00
      vertex   4.495741e+01 1.926476e+00 8.650000e+00
    endloop
  endfacet
  facet normal 0.000000e+00 0.000000e+00 1.000000e+00
    outer loop
      vertex   4.582873e+01 1.388962e+00 8.650000e+00
      vertex   4.495741e+01 1.926476e+00 8.650000e+00
      vertex   4.562081e+01 9.999670e-01 8.650000e+00
    endloop
  endfacet
  facet normal 0.000000e+00 0.000000e+00 1.000000e+00
    outer loop
      vertex   4.562081e+01 9.999670e-01 8.650000e+00
      vertex   4.495741e+01 1.926476e+00 8.650000e+00
      vertex   4.483253e+01 1.625000e+00 8.650000e+00
    endloop
  endfacet
  facet normal 0.000000e+00 0.000000e+00 1.000000e+00
    outer loop
      vertex   4.562081e+01 9.999670e-01 8.650000e+00
      vertex   4.483253e+01 1.625000e+00 8.650000e+00
      vertex   4.534099e+01 6.590097e-01 8.650000e+00
    endloop
  endfacet
  facet normal 0.000000e+00 0.000000e+00 1.000000e+00
    outer loop
      vertex   4.534099e+01 6.590097e-01 8.650000e+00
      vertex   4.483253e+01 1.625000e+00 8.650000e+00
      vertex   4.500003e+01 3.791934e-01 8.650000e+00
    endloop
  endfacet
  facet normal 0.000000e+00 0.000000e+00 1.000000e+00
    outer loop
      vertex   4.500003e+01 3.791934e-01 8.650000e+00
      vertex   4.483253e+01 1.625000e+00 8.650000e+00
      vertex   4.463388e+01 1.366117e+00 8.650000e+00
    endloop
  endfacet
  facet normal 0.000000e+00 0.000000e+00 1.000000e+00
    outer loop
      vertex   4.500003e+01 3.791934e-01 8.650000e+00
      vertex   4.463388e+01 1.366117e+00 8.650000e+00
      vertex   4.461104e+01 1.712711e-01 8.650000e+00
    endloop
  endfacet
  facet normal 0.000000e+00 -0.000000e+00 1.000000e+00
    outer loop
      vertex   4.461104e+01 1.712711e-01 8.650000e+00
      vertex   4.463388e+01 1.366117e+00 8.650000e+00
      vertex   4.437500e+01 1.167468e+00 8.650000e+00
    endloop
  endfacet
  facet normal 0.000000e+00 0.000000e+00 1.000000e+00
    outer loop
      vertex   4.461104e+01 1.712711e-01 8.650000e+00
      vertex   4.437500e+01 1.167468e+00 8.650000e+00
      vertex   4.418895e+01 4.323312e-02 8.650000e+00
    endloop
  endfacet
  facet normal 0.000000e+00 -0.000000e+00 1.000000e+00
    outer loop
      vertex   4.418895e+01 4.323312e-02 8.650000e+00
      vertex   4.437500e+01 1.167468e+00 8.650000e+00
      vertex   4.407352e+01 1.042593e+00 8.650000e+00
    endloop
  endfacet
  facet normal 0.000000e+00 0.000000e+00 1.000000e+00
    outer loop
      vertex   4.418895e+01 4.323312e-02 8.650000e+00
      vertex   4.407352e+01 1.042593e+00 8.650000e+00
      vertex   4.375000e+01 0.000000e+00 8.650000e+00
    endloop
  endfacet
  facet normal 0.000000e+00 -0.000000e+00 1.000000e+00
    outer loop
      vertex   4.375000e+01 0.000000e+00 8.650000e+00
      vertex   4.407352e+01 1.042593e+00 8.650000e+00
      vertex   4.375000e+01 1.000000e+00 8.650000e+00
    endloop
  endfacet
  facet normal 0.000000e+00 0.000000e+00 1.000000e+00
    outer loop
      vertex   4.375000e+01 0.000000e+00 8.650000e+00
      vertex   4.375000e+01 1.000000e+00 8.650000e+00
      vertex   3.915000e+01 1.000000e+00 8.650000e+00
    endloop
  endfacet
  facet normal 0.000000e+00 0.000000e+00 1.000000e+00
    outer loop
      vertex   3.915000e+01 1.000000e+00 8.650000e+00
      vertex   3.915000e+01 0.000000e+00 8.650000e+00
      vertex   4.375000e+01 0.000000e+00 8.650000e+00
    endloop
  endfacet
  facet normal 0.000000e+00 0.000000e+00 1.000000e+00
    outer loop
      vertex   2.220000e+01 0.000000e+00 8.650000e+00
      vertex   2.775000e+01 0.000000e+00 8.650000e+00
      vertex   2.220000e+01 1.000000e+00 8.650000e+00
    endloop
  endfacet
  facet normal -0.000000e+00 0.000000e+00 1.000000e+00
    outer loop
      vertex   2.220000e+01 1.000000e+00 8.650000e+00
      vertex   2.775000e+01 0.000000e+00 8.650000e+00
      vertex   2.775000e+01 1.000000e+00 8.650000e+00
    endloop
  endfacet
  facet normal 6.885104e-17 -1.000000e+00 4.440892e-16
    outer loop
      vertex   8.700000e+00 1.000000e+00 9.650000e+00
      vertex   2.250000e+00 1.000000e+00 9.650000e+00
      vertex   8.700000e+00 1.000000e+00 8.650000e+00
    endloop
  endfacet
  facet normal 0.000000e+00 -1.000000e+00 0.000000e+00
    outer loop
      vertex   8.700000e+00 1.000000e+00 8.650000e+00
      vertex   2.250000e+00 1.000000e+00 9.650000e+00
      vertex   2.250000e+00 1.000000e+00 8.650000e+00
    endloop
  endfacet
  facet normal 0.000000e+00 -1.000000e+00 6.661338e-16
    outer loop
      vertex   3.915000e+01 1.000000e+00 8.650000e+00
      vertex   4.375000e+01 1.000000e+00 8.650000e+00
      vertex   3.915000e+01 1.000000e+00 9.650000e+00
    endloop
  endfacet
  facet normal -1.448117e-16 -1.000000e+00 0.000000e+00
    outer loop
      vertex   3.915000e+01 1.000000e+00 9.650000e+00
      vertex   4.375000e+01 1.000000e+00 8.650000e+00
      vertex   4.375000e+01 1.000000e+00 9.650000e+00
    endloop
  endfacet
  facet normal 0.000000e+00 0.000000e+00 1.000000e+00
    outer loop
      vertex   8.700000e+00 2.400000e+00 9.650000e+00
      vertex   2.400000e+00 2.400000e+00 9.650000e+00
      vertex   8.700000e+00 1.000000e+00 9.650000e+00
    endloop
  endfacet
  facet normal 0.000000e+00 0.000000e+00 1.000000e+00
    outer loop
      vertex   8.700000e+00 1.000000e+00 9.650000e+00
      vertex   2.400000e+00 2.400000e+00 9.650000e+00
      vertex   2.250000e+00 1.000000e+00 9.650000e+00
    endloop
  endfacet
  facet normal 0.000000e+00 -0.000000e+00 1.000000e+00
    outer loop
      vertex   2.250000e+00 1.000000e+00 9.650000e+00
      vertex   2.400000e+00 2.400000e+00 9.650000e+00
      vertex   1.926476e+00 1.042593e+00 9.650000e+00
    endloop
  endfacet
  facet normal 0.000000e+00 -0.000000e+00 1.000000e+00
    outer loop
      vertex   1.926476e+00 1.042593e+00 9.650000e+00
      vertex   2.400000e+00 2.400000e+00 9.650000e+00
      vertex   1.625000e+00 1.167468e+00 9.650000e+00
    endloop
  endfacet
  facet normal 0.000000e+00 -0.000000e+00 1.000000e+00
    outer loop
      vertex   1.625000e+00 1.167468e+00 9.650000e+00
      vertex   2.400000e+00 2.400000e+00 9.650000e+00
      vertex   1.366117e+00 1.366117e+00 9.650000e+00
    endloop
  endfacet
  facet normal 0.000000e+00 -0.000000e+00 1.000000e+00
    outer loop
      vertex   1.366117e+00 1.366117e+00 9.650000e+00
      vertex   2.400000e+00 2.400000e+00 9.650000e+00
      vertex   1.167468e+00 1.625000e+00 9.650000e+00
    endloop
  endfacet
  facet normal 0.000000e+00 -0.000000e+00 1.000000e+00
    outer loop
      vertex   1.167468e+00 1.625000e+00 9.650000e+00
      vertex   2.400000e+00 2.400000e+00 9.650000e+00
      vertex   1.042593e+00 1.926476e+00 9.650000e+00
    endloop
  endfacet
  facet normal 0.000000e+00 -0.000000e+00 1.000000e+00
    outer loop
      vertex   1.042593e+00 1.926476e+00 9.650000e+00
      vertex   2.400000e+00 2.400000e+00 9.650000e+00
      vertex   1.000000e+00 2.250000e+00 9.650000e+00
    endloop
  endfacet
  facet normal 0.000000e+00 0.000000e+00 1.000000e+00
    outer loop
      vertex   1.000000e+00 2.250000e+00 9.650000e+00
      vertex   2.400000e+00 2.400000e+00 9.650000e+00
      vertex   1.300000e+00 1.340000e+01 9.650000e+00
    endloop
  endfacet
  facet normal 0.000000e+00 0.000000e+00 1.000000e+00
    outer loop
      vertex   1.000000e+00 2.250000e+00 9.650000e+00
      vertex   1.300000e+00 1.340000e+01 9.650000e+00
      vertex   1.300000e+00 2.080000e+01 9.650000e+00
    endloop
  endfacet
  facet normal 0.000000e+00 0.000000e+00 1.000000e+00
    outer loop
      vertex   2.400000e+00 2.400000e+00 9.650000e+00
      vertex   2.400000e+00 1.340000e+01 9.650000e+00
      vertex   1.300000e+00 1.340000e+01 9.650000e+00
    endloop
  endfacet
  facet normal 0.000000e+00 0.000000e+00 1.000000e+00
    outer loop
      vertex   2.400000e+00 2.080000e+01 9.650000e+00
      vertex   1.300000e+00 5.320000e+01 9.650000e+00
      vertex   1.300000e+00 2.080000e+01 9.650000e+00
    endloop
  endfacet
  facet normal 0.000000e+00 -0.000000e+00 1.000000e+00
    outer loop
      vertex   1.300000e+00 2.080000e+01 9.650000e+00
      vertex   1.300000e+00 5.320000e+01 9.650000e+00
      vertex   1.000000e+00 7.175000e+01 9.650000e+00
    endloop
  endfacet
  facet normal 0.000000e+00 0.000000e+00 1.000000e+00
    outer loop
      vertex   1.300000e+00 2.080000e+01 9.650000e+00
      vertex   1.000000e+00 7.175000e+01 9.650000e+00
      vertex   1.000000e+00 2.250000e+00 9.650000e+00
    endloop
  endfacet
  facet normal 0.000000e+00 0.000000e+00 1.000000e+00
    outer loop
      vertex   2.400000e+00 2.080000e+01 9.650000e+00
      vertex   2.400000e+00 5.320000e+01 9.650000e+00
      vertex   1.300000e+00 5.320000e+01 9.650000e+00
    endloop
  endfacet
  facet normal 0.000000e+00 -0.000000e+00 1.000000e+00
    outer loop
      vertex   1.300000e+00 5.320000e+01 9.650000e+00
      vertex   1.300000e+00 6.060000e+01 9.650000e+00
      vertex   1.000000e+00 7.175000e+01 9.650000e+00
    endloop
  endfacet
  facet normal 0.000000e+00 0.000000e+00 1.000000e+00
    outer loop
      vertex   1.000000e+00 7.175000e+01 9.650000e+00
      vertex   1.300000e+00 6.060000e+01 9.650000e+00
      vertex   2.400000e+00 7.160000e+01 9.650000e+00
    endloop
  endfacet
  facet normal -0.000000e+00 0.000000e+00 1.000000e+00
    outer loop
      vertex   1.000000e+00 7.175000e+01 9.650000e+00
      vertex   2.400000e+00 7.160000e+01 9.650000e+00
      vertex   1.042593e+00 7.207352e+01 9.650000e+00
    endloop
  endfacet
  facet normal -0.000000e+00 0.000000e+00 1.000000e+00
    outer loop
      vertex   1.042593e+00 7.207352e+01 9.650000e+00
      vertex   2.400000e+00 7.160000e+01 9.650000e+00
      vertex   1.167468e+00 7.237500e+01 9.650000e+00
    endloop
  endfacet
  facet normal -0.000000e+00 0.000000e+00 1.000000e+00
    outer loop
      vertex   1.167468e+00 7.237500e+01 9.650000e+00
      vertex   2.400000e+00 7.160000e+01 9.650000e+00
      vertex   1.366117e+00 7.263388e+01 9.650000e+00
    endloop
  endfacet
  facet normal -0.000000e+00 0.000000e+00 1.000000e+00
    outer loop
      vertex   1.366117e+00 7.263388e+01 9.650000e+00
      vertex   2.400000e+00 7.160000e+01 9.650000e+00
      vertex   1.625000e+00 7.283253e+01 9.650000e+00
    endloop
  endfacet
  facet normal -0.000000e+00 0.000000e+00 1.000000e+00
    outer loop
      vertex   1.625000e+00 7.283253e+01 9.650000e+00
      vertex   2.400000e+00 7.160000e+01 9.650000e+00
      vertex   1.926476e+00 7.295741e+01 9.650000e+00
    endloop
  endfacet
  facet normal -0.000000e+00 0.000000e+00 1.000000e+00
    outer loop
      vertex   1.926476e+00 7.295741e+01 9.650000e+00
      vertex   2.400000e+00 7.160000e+01 9.650000e+00
      vertex   2.250000e+00 7.300000e+01 9.650000e+00
    endloop
  endfacet
  facet normal 0.000000e+00 0.000000e+00 1.000000e+00
    outer loop
      vertex   2.250000e+00 7.300000e+01 9.650000e+00
      vertex   2.400000e+00 7.160000e+01 9.650000e+00
      vertex   4.360000e+01 7.160000e+01 9.650000e+00
    endloop
  endfacet
  facet normal -0.000000e+00 0.000000e+00 1.000000e+00
    outer loop
      vertex   2.250000e+00 7.300000e+01 9.650000e+00
      vertex   4.360000e+01 7.160000e+01 9.650000e+00
      vertex   4.375000e+01 7.300000e+01 9.650000e+00
    endloop
  endfacet
  facet normal 0.000000e+00 0.000000e+00 1.000000e+00
    outer loop
      vertex   4.375000e+01 7.300000e+01 9.650000e+00
      vertex   4.360000e+01 7.160000e+01 9.650000e+00
      vertex   4.407352e+01 7.295741e+01 9.650000e+00
    endloop
  endfacet
  facet normal 0.000000e+00 0.000000e+00 1.000000e+00
    outer loop
      vertex   4.407352e+01 7.295741e+01 9.650000e+00
      vertex   4.360000e+01 7.160000e+01 9.650000e+00
      vertex   4.437500e+01 7.283253e+01 9.650000e+00
    endloop
  endfacet
  facet normal 0.000000e+00 0.000000e+00 1.000000e+00
    outer loop
      vertex   4.437500e+01 7.283253e+01 9.650000e+00
      vertex   4.360000e+01 7.160000e+01 9.650000e+00
      vertex   4.463388e+01 7.263388e+01 9.650000e+00
    endloop
  endfacet
  facet normal 0.000000e+00 0.000000e+00 1.000000e+00
    outer loop
      vertex   4.463388e+01 7.263388e+01 9.650000e+00
      vertex   4.360000e+01 7.160000e+01 9.650000e+00
      vertex   4.483253e+01 7.237500e+01 9.650000e+00
    endloop
  endfacet
  facet normal 0.000000e+00 0.000000e+00 1.000000e+00
    outer loop
      vertex   4.483253e+01 7.237500e+01 9.650000e+00
      vertex   4.360000e+01 7.160000e+01 9.650000e+00
      vertex   4.495741e+01 7.207352e+01 9.650000e+00
    endloop
  endfacet
  facet normal 0.000000e+00 0.000000e+00 1.000000e+00
    outer loop
      vertex   4.495741e+01 7.207352e+01 9.650000e+00
      vertex   4.360000e+01 7.160000e+01 9.650000e+00
      vertex   4.500000e+01 7.175000e+01 9.650000e+00
    endloop
  endfacet
  facet normal 0.000000e+00 0.000000e+00 1.000000e+00
    outer loop
      vertex   4.500000e+01 7.175000e+01 9.650000e+00
      vertex   4.360000e+01 7.160000e+01 9.650000e+00
      vertex   4.470000e+01 6.060000e+01 9.650000e+00
    endloop
  endfacet
  facet normal 0.000000e+00 0.000000e+00 1.000000e+00
    outer loop
      vertex   4.500000e+01 7.175000e+01 9.650000e+00
      vertex   4.470000e+01 6.060000e+01 9.650000e+00
      vertex   4.470000e+01 5.320000e+01 9.650000e+00
    endloop
  endfacet
  facet normal 0.000000e+00 0.000000e+00 1.000000e+00
    outer loop
      vertex   1.300000e+00 6.060000e+01 9.650000e+00
      vertex   2.400000e+00 6.060000e+01 9.650000e+00
      vertex   2.400000e+00 7.160000e+01 9.650000e+00
    endloop
  endfacet
  facet normal 0.000000e+00 0.000000e+00 1.000000e+00
    outer loop
      vertex   4.360000e+01 7.160000e+01 9.650000e+00
      vertex   4.360000e+01 6.060000e+01 9.650000e+00
      vertex   4.470000e+01 6.060000e+01 9.650000e+00
    endloop
  endfacet
  facet normal 0.000000e+00 0.000000e+00 1.000000e+00
    outer loop
      vertex   4.500000e+01 7.175000e+01 9.650000e+00
      vertex   4.470000e+01 5.320000e+01 9.650000e+00
      vertex   4.470000e+01 2.080000e+01 9.650000e+00
    endloop
  endfacet
  facet normal 0.000000e+00 -0.000000e+00 1.000000e+00
    outer loop
      vertex   4.470000e+01 2.080000e+01 9.650000e+00
      vertex   4.470000e+01 5.320000e+01 9.650000e+00
      vertex   4.360000e+01 5.320000e+01 9.650000e+00
    endloop
  endfacet
  facet normal 0.000000e+00 0.000000e+00 1.000000e+00
    outer loop
      vertex   4.470000e+01 2.080000e+01 9.650000e+00
      vertex   4.360000e+01 5.320000e+01 9.650000e+00
      vertex   4.360000e+01 2.080000e+01 9.650000e+00
    endloop
  endfacet
  facet normal 0.000000e+00 0.000000e+00 1.000000e+00
    outer loop
      vertex   4.500000e+01 7.175000e+01 9.650000e+00
      vertex   4.470000e+01 2.080000e+01 9.650000e+00
      vertex   4.500000e+01 2.250000e+00 9.650000e+00
    endloop
  endfacet
  facet normal 0.000000e+00 0.000000e+00 1.000000e+00
    outer loop
      vertex   4.500000e+01 2.250000e+00 9.650000e+00
      vertex   4.470000e+01 2.080000e+01 9.650000e+00
      vertex   4.470000e+01 1.340000e+01 9.650000e+00
    endloop
  endfacet
  facet normal 0.000000e+00 0.000000e+00 1.000000e+00
    outer loop
      vertex   4.500000e+01 2.250000e+00 9.650000e+00
      vertex   4.470000e+01 1.340000e+01 9.650000e+00
      vertex   4.360000e+01 2.400000e+00 9.650000e+00
    endloop
  endfacet
  facet normal 0.000000e+00 -0.000000e+00 1.000000e+00
    outer loop
      vertex   4.360000e+01 2.400000e+00 9.650000e+00
      vertex   4.470000e+01 1.340000e+01 9.650000e+00
      vertex   4.360000e+01 1.340000e+01 9.650000e+00
    endloop
  endfacet
  facet normal -0.000000e+00 0.000000e+00 1.000000e+00
    outer loop
      vertex   3.915000e+01 2.400000e+00 9.650000e+00
      vertex   3.915000e+01 1.000000e+00 9.650000e+00
      vertex   4.360000e+01 2.400000e+00 9.650000e+00
    endloop
  endfacet
  facet normal 0.000000e+00 0.000000e+00 1.000000e+00
    outer loop
      vertex   4.360000e+01 2.400000e+00 9.650000e+00
      vertex   3.915000e+01 1.000000e+00 9.650000e+00
      vertex   4.375000e+01 1.000000e+00 9.650000e+00
    endloop
  endfacet
  facet normal 0.000000e+00 0.000000e+00 1.000000e+00
    outer loop
      vertex   4.360000e+01 2.400000e+00 9.650000e+00
      vertex   4.375000e+01 1.000000e+00 9.650000e+00
      vertex   4.407352e+01 1.042593e+00 9.650000e+00
    endloop
  endfacet
  facet normal 0.000000e+00 -0.000000e+00 1.000000e+00
    outer loop
      vertex   4.407352e+01 1.042593e+00 9.650000e+00
      vertex   4.437500e+01 1.167468e+00 9.650000e+00
      vertex   4.360000e+01 2.400000e+00 9.650000e+00
    endloop
  endfacet
  facet normal 0.000000e+00 0.000000e+00 1.000000e+00
    outer loop
      vertex   4.360000e+01 2.400000e+00 9.650000e+00
      vertex   4.437500e+01 1.167468e+00 9.650000e+00
      vertex   4.463388e+01 1.366117e+00 9.650000e+00
    endloop
  endfacet
  facet normal 0.000000e+00 0.000000e+00 1.000000e+00
    outer loop
      vertex   4.360000e+01 2.400000e+00 9.650000e+00
      vertex   4.463388e+01 1.366117e+00 9.650000e+00
      vertex   4.483253e+01 1.625000e+00 9.650000e+00
    endloop
  endfacet
  facet normal 0.000000e+00 -0.000000e+00 1.000000e+00
    outer loop
      vertex   4.483253e+01 1.625000e+00 9.650000e+00
      vertex   4.495741e+01 1.926476e+00 9.650000e+00
      vertex   4.360000e+01 2.400000e+00 9.650000e+00
    endloop
  endfacet
  facet normal 0.000000e+00 0.000000e+00 1.000000e+00
    outer loop
      vertex   4.360000e+01 2.400000e+00 9.650000e+00
      vertex   4.495741e+01 1.926476e+00 9.650000e+00
      vertex   4.500000e+01 2.250000e+00 9.650000e+00
    endloop
  endfacet
  facet normal -9.914449e-01 -2.369036e-04 -1.305260e-01
    outer loop
      vertex   1.541481e+00 1.340000e+01 1.296470e+01
      vertex   1.541481e+00 1.463307e+01 1.296247e+01
      vertex   1.550000e+00 1.340000e+01 1.290000e+01
    endloop
  endfacet
  facet normal -9.914449e-01 -2.369036e-04 -1.305260e-01
    outer loop
      vertex   1.550000e+00 1.340000e+01 1.290000e+01
      vertex   1.541481e+00 1.463307e+01 1.296247e+01
      vertex   1.541481e+00 1.586648e+01 1.296023e+01
    endloop
  endfacet
  facet normal -9.914449e-01 -2.369036e-04 -1.305260e-01
    outer loop
      vertex   1.550000e+00 1.340000e+01 1.290000e+01
      vertex   1.541481e+00 1.586648e+01 1.296023e+01
      vertex   1.541481e+00 1.709989e+01 1.295799e+01
    endloop
  endfacet
  facet normal -9.238795e-01 -6.945661e-04 -3.826828e-01
    outer loop
      vertex   1.541481e+00 1.709989e+01 1.295799e+01
      vertex   1.541481e+00 1.586648e+01 1.296023e+01
      vertex   1.516506e+00 1.710000e+01 1.301828e+01
    endloop
  endfacet
  facet normal -9.238795e-01 -6.945661e-04 -3.826828e-01
    outer loop
      vertex   1.541481e+00 1.709989e+01 1.295799e+01
      vertex   1.516506e+00 1.710000e+01 1.301828e+01
      vertex   1.516506e+00 1.833341e+01 1.301605e+01
    endloop
  endfacet
  facet normal -7.933533e-01 -1.104895e-03 -6.087604e-01
    outer loop
      vertex   1.516506e+00 1.833341e+01 1.301605e+01
      vertex   1.516506e+00 1.710000e+01 1.301828e+01
      vertex   1.476777e+00 1.833350e+01 1.306782e+01
    endloop
  endfacet
  facet normal -7.933533e-01 -1.104895e-03 -6.087604e-01
    outer loop
      vertex   1.516506e+00 1.833341e+01 1.301605e+01
      vertex   1.476777e+00 1.833350e+01 1.306782e+01
      vertex   1.476777e+00 1.956691e+01 1.306558e+01
    endloop
  endfacet
  facet normal -6.087614e-01 -1.439927e-03 -7.933520e-01
    outer loop
      vertex   1.476777e+00 1.956691e+01 1.306558e+01
      vertex   1.476777e+00 1.833350e+01 1.306782e+01
      vertex   1.425000e+00 1.956698e+01 1.310531e+01
    endloop
  endfacet
  facet normal -6.087614e-01 -1.439927e-03 -7.933520e-01
    outer loop
      vertex   1.476777e+00 1.956691e+01 1.306558e+01
      vertex   1.425000e+00 1.956698e+01 1.310531e+01
      vertex   1.425000e+00 2.080000e+01 1.310308e+01
    endloop
  endfacet
  facet normal -3.826834e-01 -1.676831e-03 -9.238780e-01
    outer loop
      vertex   1.425000e+00 2.080000e+01 1.310308e+01
      vertex   1.425000e+00 1.956698e+01 1.310531e+01
      vertex   1.364705e+00 2.080000e+01 1.312805e+01
    endloop
  endfacet
  facet normal -3.826834e-01 -1.676831e-03 -9.238780e-01
    outer loop
      vertex   1.364705e+00 2.080000e+01 1.312805e+01
      vertex   1.425000e+00 1.956698e+01 1.310531e+01
      vertex   1.364705e+00 1.956703e+01 1.313029e+01
    endloop
  endfacet
  facet normal -1.305262e-01 -1.799461e-03 -9.914432e-01
    outer loop
      vertex   1.364705e+00 2.080000e+01 1.312805e+01
      vertex   1.364705e+00 1.956703e+01 1.313029e+01
      vertex   1.300000e+00 2.080000e+01 1.313657e+01
    endloop
  endfacet
  facet normal -1.305262e-01 -1.799461e-03 -9.914432e-01
    outer loop
      vertex   1.300000e+00 2.080000e+01 1.313657e+01
      vertex   1.364705e+00 1.956703e+01 1.313029e+01
      vertex   1.364705e+00 1.833362e+01 1.313253e+01
    endloop
  endfacet
  facet normal -1.305262e-01 -1.799461e-03 -9.914432e-01
    outer loop
      vertex   1.300000e+00 2.080000e+01 1.313657e+01
      vertex   1.364705e+00 1.833362e+01 1.313253e+01
      vertex   1.364705e+00 1.710021e+01 1.313477e+01
    endloop
  endfacet
  facet normal -3.826834e-01 -1.676831e-03 -9.238780e-01
    outer loop
      vertex   1.364705e+00 1.710021e+01 1.313477e+01
      vertex   1.364705e+00 1.833362e+01 1.313253e+01
      vertex   1.425000e+00 1.710017e+01 1.310979e+01
    endloop
  endfacet
  facet normal -3.826834e-01 -1.676831e-03 -9.238780e-01
    outer loop
      vertex   1.364705e+00 1.710021e+01 1.313477e+01
      vertex   1.425000e+00 1.710017e+01 1.310979e+01
      vertex   1.425000e+00 1.586676e+01 1.311203e+01
    endloop
  endfacet
  facet normal -6.087614e-01 -1.439927e-03 -7.933520e-01
    outer loop
      vertex   1.425000e+00 1.586676e+01 1.311203e+01
      vertex   1.425000e+00 1.710017e+01 1.310979e+01
      vertex   1.476777e+00 1.586669e+01 1.307230e+01
    endloop
  endfacet
  facet normal -6.087614e-01 -1.439927e-03 -7.933520e-01
    outer loop
      vertex   1.425000e+00 1.586676e+01 1.311203e+01
      vertex   1.476777e+00 1.586669e+01 1.307230e+01
      vertex   1.476777e+00 1.463328e+01 1.307454e+01
    endloop
  endfacet
  facet normal -7.933533e-01 -1.104895e-03 -6.087604e-01
    outer loop
      vertex   1.476777e+00 1.463328e+01 1.307454e+01
      vertex   1.476777e+00 1.586669e+01 1.307230e+01
      vertex   1.516506e+00 1.463318e+01 1.302276e+01
    endloop
  endfacet
  facet normal -7.933533e-01 -1.104895e-03 -6.087604e-01
    outer loop
      vertex   1.476777e+00 1.463328e+01 1.307454e+01
      vertex   1.516506e+00 1.463318e+01 1.302276e+01
      vertex   1.516506e+00 1.340000e+01 1.302500e+01
    endloop
  endfacet
  facet normal -9.238795e-01 -6.945661e-04 -3.826828e-01
    outer loop
      vertex   1.516506e+00 1.340000e+01 1.302500e+01
      vertex   1.516506e+00 1.463318e+01 1.302276e+01
      vertex   1.541481e+00 1.340000e+01 1.296470e+01
    endloop
  endfacet
  facet normal -9.238795e-01 -6.945661e-04 -3.826828e-01
    outer loop
      vertex   1.541481e+00 1.340000e+01 1.296470e+01
      vertex   1.516506e+00 1.463318e+01 1.302276e+01
      vertex   1.541481e+00 1.463307e+01 1.296247e+01
    endloop
  endfacet
  facet normal -7.933533e-01 -1.104895e-03 -6.087604e-01
    outer loop
      vertex   1.516506e+00 1.340000e+01 1.302500e+01
      vertex   1.476777e+00 1.340000e+01 1.307678e+01
      vertex   1.476777e+00 1.463328e+01 1.307454e+01
    endloop
  endfacet
  facet normal -6.087614e-01 -1.439927e-03 -7.933520e-01
    outer loop
      vertex   1.476777e+00 1.463328e+01 1.307454e+01
      vertex   1.476777e+00 1.340000e+01 1.307678e+01
      vertex   1.425000e+00 1.463335e+01 1.311427e+01
    endloop
  endfacet
  facet normal -6.087614e-01 -1.439927e-03 -7.933520e-01
    outer loop
      vertex   1.476777e+00 1.463328e+01 1.307454e+01
      vertex   1.425000e+00 1.463335e+01 1.311427e+01
      vertex   1.425000e+00 1.586676e+01 1.311203e+01
    endloop
  endfacet
  facet normal -3.826834e-01 -1.676831e-03 -9.238780e-01
    outer loop
      vertex   1.425000e+00 1.586676e+01 1.311203e+01
      vertex   1.425000e+00 1.463335e+01 1.311427e+01
      vertex   1.364705e+00 1.586680e+01 1.313700e+01
    endloop
  endfacet
  facet normal -3.826834e-01 -1.676831e-03 -9.238780e-01
    outer loop
      vertex   1.425000e+00 1.586676e+01 1.311203e+01
      vertex   1.364705e+00 1.586680e+01 1.313700e+01
      vertex   1.364705e+00 1.710021e+01 1.313477e+01
    endloop
  endfacet
  facet normal -1.305263e-01 -1.799461e-03 -9.914432e-01
    outer loop
      vertex   1.364705e+00 1.710021e+01 1.313477e+01
      vertex   1.364705e+00 1.586680e+01 1.313700e+01
      vertex   1.300000e+00 1.340000e+01 1.315000e+01
    endloop
  endfacet
  facet normal -1.305263e-01 -1.799463e-03 -9.914432e-01
    outer loop
      vertex   1.364705e+00 1.710021e+01 1.313477e+01
      vertex   1.300000e+00 1.340000e+01 1.315000e+01
      vertex   1.300000e+00 2.080000e+01 1.313657e+01
    endloop
  endfacet
  facet normal -6.087614e-01 -1.439927e-03 -7.933520e-01
    outer loop
      vertex   1.476777e+00 1.340000e+01 1.307678e+01
      vertex   1.425000e+00 1.340000e+01 1.311651e+01
      vertex   1.425000e+00 1.463335e+01 1.311427e+01
    endloop
  endfacet
  facet normal -3.826834e-01 -1.676831e-03 -9.238780e-01
    outer loop
      vertex   1.425000e+00 1.463335e+01 1.311427e+01
      vertex   1.425000e+00 1.340000e+01 1.311651e+01
      vertex   1.364705e+00 1.463339e+01 1.313924e+01
    endloop
  endfacet
  facet normal -3.826834e-01 -1.676831e-03 -9.238780e-01
    outer loop
      vertex   1.425000e+00 1.463335e+01 1.311427e+01
      vertex   1.364705e+00 1.463339e+01 1.313924e+01
      vertex   1.364705e+00 1.586680e+01 1.313700e+01
    endloop
  endfacet
  facet normal -1.305263e-01 -1.799461e-03 -9.914432e-01
    outer loop
      vertex   1.364705e+00 1.586680e+01 1.313700e+01
      vertex   1.364705e+00 1.463339e+01 1.313924e+01
      vertex   1.300000e+00 1.340000e+01 1.315000e+01
    endloop
  endfacet
  facet normal -3.826834e-01 -1.676831e-03 -9.238780e-01
    outer loop
      vertex   1.425000e+00 1.340000e+01 1.311651e+01
      vertex   1.364705e+00 1.340000e+01 1.314148e+01
      vertex   1.364705e+00 1.463339e+01 1.313924e+01
    endloop
  endfacet
  facet normal -1.305263e-01 -1.799461e-03 -9.914432e-01
    outer loop
      vertex   1.364705e+00 1.463339e+01 1.313924e+01
      vertex   1.364705e+00 1.340000e+01 1.314148e+01
      vertex   1.300000e+00 1.340000e+01 1.315000e+01
    endloop
  endfacet
  facet normal -6.087614e-01 -1.439927e-03 -7.933520e-01
    outer loop
      vertex   1.425000e+00 2.080000e+01 1.310308e+01
      vertex   1.476777e+00 2.080000e+01 1.306335e+01
      vertex   1.476777e+00 1.956691e+01 1.306558e+01
    endloop
  endfacet
  facet normal -7.933533e-01 -1.104895e-03 -6.087604e-01
    outer loop
      vertex   1.476777e+00 1.956691e+01 1.306558e+01
      vertex   1.476777e+00 2.080000e+01 1.306335e+01
      vertex   1.516506e+00 1.956682e+01 1.301381e+01
    endloop
  endfacet
  facet normal -7.933533e-01 -1.104895e-03 -6.087604e-01
    outer loop
      vertex   1.476777e+00 1.956691e+01 1.306558e+01
      vertex   1.516506e+00 1.956682e+01 1.301381e+01
      vertex   1.516506e+00 1.833341e+01 1.301605e+01
    endloop
  endfacet
  facet normal -9.238795e-01 -6.945661e-04 -3.826828e-01
    outer loop
      vertex   1.516506e+00 1.833341e+01 1.301605e+01
      vertex   1.516506e+00 1.956682e+01 1.301381e+01
      vertex   1.541481e+00 1.833330e+01 1.295575e+01
    endloop
  endfacet
  facet normal -9.238795e-01 -6.945661e-04 -3.826828e-01
    outer loop
      vertex   1.516506e+00 1.833341e+01 1.301605e+01
      vertex   1.541481e+00 1.833330e+01 1.295575e+01
      vertex   1.541481e+00 1.709989e+01 1.295799e+01
    endloop
  endfacet
  facet normal -9.914449e-01 -2.369036e-04 -1.305260e-01
    outer loop
      vertex   1.541481e+00 1.709989e+01 1.295799e+01
      vertex   1.541481e+00 1.833330e+01 1.295575e+01
      vertex   1.550000e+00 2.080000e+01 1.288657e+01
    endloop
  endfacet
  facet normal -9.914449e-01 -2.369036e-04 -1.305260e-01
    outer loop
      vertex   1.541481e+00 1.709989e+01 1.295799e+01
      vertex   1.550000e+00 2.080000e+01 1.288657e+01
      vertex   1.550000e+00 1.340000e+01 1.290000e+01
    endloop
  endfacet
  facet normal -7.933533e-01 -1.104895e-03 -6.087604e-01
    outer loop
      vertex   1.476777e+00 2.080000e+01 1.306335e+01
      vertex   1.516506e+00 2.080000e+01 1.301157e+01
      vertex   1.516506e+00 1.956682e+01 1.301381e+01
    endloop
  endfacet
  facet normal -9.238795e-01 -6.945661e-04 -3.826828e-01
    outer loop
      vertex   1.516506e+00 1.956682e+01 1.301381e+01
      vertex   1.516506e+00 2.080000e+01 1.301157e+01
      vertex   1.541481e+00 1.956671e+01 1.295351e+01
    endloop
  endfacet
  facet normal -9.238795e-01 -6.945661e-04 -3.826828e-01
    outer loop
      vertex   1.516506e+00 1.956682e+01 1.301381e+01
      vertex   1.541481e+00 1.956671e+01 1.295351e+01
      vertex   1.541481e+00 1.833330e+01 1.295575e+01
    endloop
  endfacet
  facet normal -9.914449e-01 -2.369036e-04 -1.305260e-01
    outer loop
      vertex   1.541481e+00 1.833330e+01 1.295575e+01
      vertex   1.541481e+00 1.956671e+01 1.295351e+01
      vertex   1.550000e+00 2.080000e+01 1.288657e+01
    endloop
  endfacet
  facet normal -9.238795e-01 -6.945661e-04 -3.826828e-01
    outer loop
      vertex   1.516506e+00 2.080000e+01 1.301157e+01
      vertex   1.541481e+00 2.080000e+01 1.295127e+01
      vertex   1.541481e+00 1.956671e+01 1.295351e+01
    endloop
  endfacet
  facet normal -9.914449e-01 -2.369036e-04 -1.305260e-01
    outer loop
      vertex   1.541481e+00 1.956671e+01 1.295351e+01
      vertex   1.541481e+00 2.080000e+01 1.295127e+01
      vertex   1.550000e+00 2.080000e+01 1.288657e+01
    endloop
  endfacet
  facet normal -9.238795e-01 -6.945661e-04 -3.826828e-01
    outer loop
      vertex   1.541481e+00 1.586648e+01 1.296023e+01
      vertex   1.541481e+00 1.463307e+01 1.296247e+01
      vertex   1.516506e+00 1.586659e+01 1.302052e+01
    endloop
  endfacet
  facet normal -9.238795e-01 -6.945661e-04 -3.826828e-01
    outer loop
      vertex   1.516506e+00 1.586659e+01 1.302052e+01
      vertex   1.541481e+00 1.463307e+01 1.296247e+01
      vertex   1.516506e+00 1.463318e+01 1.302276e+01
    endloop
  endfacet
  facet normal -7.933533e-01 -1.104895e-03 -6.087604e-01
    outer loop
      vertex   1.516506e+00 1.586659e+01 1.302052e+01
      vertex   1.516506e+00 1.463318e+01 1.302276e+01
      vertex   1.476777e+00 1.586669e+01 1.307230e+01
    endloop
  endfacet
  facet normal -9.238795e-01 -6.945661e-04 -3.826828e-01
    outer loop
      vertex   1.541481e+00 1.586648e+01 1.296023e+01
      vertex   1.516506e+00 1.586659e+01 1.302052e+01
      vertex   1.516506e+00 1.710000e+01 1.301828e+01
    endloop
  endfacet
  facet normal -7.933533e-01 -1.104895e-03 -6.087604e-01
    outer loop
      vertex   1.516506e+00 1.710000e+01 1.301828e+01
      vertex   1.516506e+00 1.586659e+01 1.302052e+01
      vertex   1.476777e+00 1.710009e+01 1.307006e+01
    endloop
  endfacet
  facet normal -7.933533e-01 -1.104895e-03 -6.087604e-01
    outer loop
      vertex   1.516506e+00 1.710000e+01 1.301828e+01
      vertex   1.476777e+00 1.710009e+01 1.307006e+01
      vertex   1.476777e+00 1.833350e+01 1.306782e+01
    endloop
  endfacet
  facet normal -6.087614e-01 -1.439927e-03 -7.933520e-01
    outer loop
      vertex   1.476777e+00 1.833350e+01 1.306782e+01
      vertex   1.476777e+00 1.710009e+01 1.307006e+01
      vertex   1.425000e+00 1.833358e+01 1.310755e+01
    endloop
  endfacet
  facet normal -6.087614e-01 -1.439927e-03 -7.933520e-01
    outer loop
      vertex   1.476777e+00 1.833350e+01 1.306782e+01
      vertex   1.425000e+00 1.833358e+01 1.310755e+01
      vertex   1.425000e+00 1.956698e+01 1.310531e+01
    endloop
  endfacet
  facet normal -3.826834e-01 -1.676831e-03 -9.238780e-01
    outer loop
      vertex   1.425000e+00 1.956698e+01 1.310531e+01
      vertex   1.425000e+00 1.833358e+01 1.310755e+01
      vertex   1.364705e+00 1.956703e+01 1.313029e+01
    endloop
  endfacet
  facet normal -7.933533e-01 -1.104895e-03 -6.087604e-01
    outer loop
      vertex   1.476777e+00 1.710009e+01 1.307006e+01
      vertex   1.516506e+00 1.586659e+01 1.302052e+01
      vertex   1.476777e+00 1.586669e+01 1.307230e+01
    endloop
  endfacet
  facet normal -6.087614e-01 -1.439927e-03 -7.933520e-01
    outer loop
      vertex   1.425000e+00 1.833358e+01 1.310755e+01
      vertex   1.476777e+00 1.710009e+01 1.307006e+01
      vertex   1.425000e+00 1.710017e+01 1.310979e+01
    endloop
  endfacet
  facet normal -6.087614e-01 -1.439927e-03 -7.933520e-01
    outer loop
      vertex   1.425000e+00 1.710017e+01 1.310979e+01
      vertex   1.476777e+00 1.710009e+01 1.307006e+01
      vertex   1.476777e+00 1.586669e+01 1.307230e+01
    endloop
  endfacet
  facet normal -3.826834e-01 -1.676831e-03 -9.238780e-01
    outer loop
      vertex   1.364705e+00 1.956703e+01 1.313029e+01
      vertex   1.425000e+00 1.833358e+01 1.310755e+01
      vertex   1.364705e+00 1.833362e+01 1.313253e+01
    endloop
  endfacet
  facet normal -3.826834e-01 -1.676831e-03 -9.238780e-01
    outer loop
      vertex   1.364705e+00 1.833362e+01 1.313253e+01
      vertex   1.425000e+00 1.833358e+01 1.310755e+01
      vertex   1.425000e+00 1.710017e+01 1.310979e+01
    endloop
  endfacet
  facet normal -5.684333e-14 -1.814990e-03 -9.999984e-01
    outer loop
      vertex   1.300000e+00 2.080000e+01 1.313657e+01
      vertex   1.300000e+00 1.340000e+01 1.315000e+01
      vertex   5.500000e-01 2.080000e+01 1.313657e+01
    endloop
  endfacet
  facet normal -5.684448e-14 -1.814990e-03 -9.999984e-01
    outer loop
      vertex   5.500000e-01 2.080000e+01 1.313657e+01
      vertex   1.300000e+00 1.340000e+01 1.315000e+01
      vertex   5.500000e-01 1.340000e+01 1.315000e+01
    endloop
  endfacet
  facet normal -9.914449e-01 -1.763977e-04 -1.305261e-01
    outer loop
      vertex   1.541481e+00 5.320000e+01 1.297471e+01
      vertex   1.541481e+00 5.443314e+01 1.297304e+01
      vertex   1.550000e+00 5.320000e+01 1.291000e+01
    endloop
  endfacet
  facet normal -9.914449e-01 -1.763977e-04 -1.305261e-01
    outer loop
      vertex   1.550000e+00 5.320000e+01 1.291000e+01
      vertex   1.541481e+00 5.443314e+01 1.297304e+01
      vertex   1.541481e+00 5.566653e+01 1.297137e+01
    endloop
  endfacet
  facet normal -9.914449e-01 -1.763977e-04 -1.305261e-01
    outer loop
      vertex   1.550000e+00 5.320000e+01 1.291000e+01
      vertex   1.541481e+00 5.566653e+01 1.297137e+01
      vertex   1.541481e+00 5.689992e+01 1.296971e+01
    endloop
  endfacet
  facet normal -9.238795e-01 -5.171718e-04 -3.826831e-01
    outer loop
      vertex   1.541481e+00 5.689992e+01 1.296971e+01
      vertex   1.541481e+00 5.566653e+01 1.297137e+01
      vertex   1.516506e+00 5.690000e+01 1.303000e+01
    endloop
  endfacet
  facet normal -9.238795e-01 -5.171718e-04 -3.826831e-01
    outer loop
      vertex   1.541481e+00 5.689992e+01 1.296971e+01
      vertex   1.516506e+00 5.690000e+01 1.303000e+01
      vertex   1.516506e+00 5.813339e+01 1.302833e+01
    endloop
  endfacet
  facet normal -7.933533e-01 -8.227015e-04 -6.087609e-01
    outer loop
      vertex   1.516506e+00 5.813339e+01 1.302833e+01
      vertex   1.516506e+00 5.690000e+01 1.303000e+01
      vertex   1.476777e+00 5.813346e+01 1.308011e+01
    endloop
  endfacet
  facet normal -7.933533e-01 -8.227015e-04 -6.087609e-01
    outer loop
      vertex   1.516506e+00 5.813339e+01 1.302833e+01
      vertex   1.476777e+00 5.813346e+01 1.308011e+01
      vertex   1.476777e+00 5.936685e+01 1.307844e+01
    endloop
  endfacet
  facet normal -6.087614e-01 -1.072166e-03 -7.933526e-01
    outer loop
      vertex   1.476777e+00 5.936685e+01 1.307844e+01
      vertex   1.476777e+00 5.813346e+01 1.308011e+01
      vertex   1.425000e+00 5.936690e+01 1.311817e+01
    endloop
  endfacet
  facet normal -6.087614e-01 -1.072166e-03 -7.933526e-01
    outer loop
      vertex   1.476777e+00 5.936685e+01 1.307844e+01
      vertex   1.425000e+00 5.936690e+01 1.311817e+01
      vertex   1.425000e+00 6.060000e+01 1.311651e+01
    endloop
  endfacet
  facet normal -3.826834e-01 -1.248563e-03 -9.238787e-01
    outer loop
      vertex   1.425000e+00 6.060000e+01 1.311651e+01
      vertex   1.425000e+00 5.936690e+01 1.311817e+01
      vertex   1.364705e+00 6.060000e+01 1.314148e+01
    endloop
  endfacet
  facet normal -3.826834e-01 -1.248563e-03 -9.238787e-01
    outer loop
      vertex   1.364705e+00 6.060000e+01 1.314148e+01
      vertex   1.425000e+00 5.936690e+01 1.311817e+01
      vertex   1.364705e+00 5.936694e+01 1.314315e+01
    endloop
  endfacet
  facet normal -1.305262e-01 -1.339873e-03 -9.914440e-01
    outer loop
      vertex   1.364705e+00 6.060000e+01 1.314148e+01
      vertex   1.364705e+00 5.936694e+01 1.314315e+01
      vertex   1.300000e+00 6.060000e+01 1.315000e+01
    endloop
  endfacet
  facet normal -1.305262e-01 -1.339873e-03 -9.914440e-01
    outer loop
      vertex   1.300000e+00 6.060000e+01 1.315000e+01
      vertex   1.364705e+00 5.936694e+01 1.314315e+01
      vertex   1.364705e+00 5.813355e+01 1.314481e+01
    endloop
  endfacet
  facet normal -1.305262e-01 -1.339873e-03 -9.914440e-01
    outer loop
      vertex   1.300000e+00 6.060000e+01 1.315000e+01
      vertex   1.364705e+00 5.813355e+01 1.314481e+01
      vertex   1.364705e+00 5.690016e+01 1.314648e+01
    endloop
  endfacet
  facet normal -3.826834e-01 -1.248563e-03 -9.238787e-01
    outer loop
      vertex   1.364705e+00 5.690016e+01 1.314648e+01
      vertex   1.364705e+00 5.813355e+01 1.314481e+01
      vertex   1.425000e+00 5.690012e+01 1.312151e+01
    endloop
  endfacet
  facet normal -3.826834e-01 -1.248563e-03 -9.238787e-01
    outer loop
      vertex   1.364705e+00 5.690016e+01 1.314648e+01
      vertex   1.425000e+00 5.690012e+01 1.312151e+01
      vertex   1.425000e+00 5.566674e+01 1.312317e+01
    endloop
  endfacet
  facet normal -6.087614e-01 -1.072166e-03 -7.933526e-01
    outer loop
      vertex   1.425000e+00 5.566674e+01 1.312317e+01
      vertex   1.425000e+00 5.690012e+01 1.312151e+01
      vertex   1.476777e+00 5.566668e+01 1.308344e+01
    endloop
  endfacet
  facet normal -6.087614e-01 -1.072166e-03 -7.933526e-01
    outer loop
      vertex   1.425000e+00 5.566674e+01 1.312317e+01
      vertex   1.476777e+00 5.566668e+01 1.308344e+01
      vertex   1.476777e+00 5.443329e+01 1.308511e+01
    endloop
  endfacet
  facet normal -7.933533e-01 -8.227015e-04 -6.087609e-01
    outer loop
      vertex   1.476777e+00 5.443329e+01 1.308511e+01
      vertex   1.476777e+00 5.566668e+01 1.308344e+01
      vertex   1.516506e+00 5.443322e+01 1.303333e+01
    endloop
  endfacet
  facet normal -7.933533e-01 -8.227015e-04 -6.087609e-01
    outer loop
      vertex   1.476777e+00 5.443329e+01 1.308511e+01
      vertex   1.516506e+00 5.443322e+01 1.303333e+01
      vertex   1.516506e+00 5.320000e+01 1.303500e+01
    endloop
  endfacet
  facet normal -9.238795e-01 -5.171718e-04 -3.826831e-01
    outer loop
      vertex   1.516506e+00 5.320000e+01 1.303500e+01
      vertex   1.516506e+00 5.443322e+01 1.303333e+01
      vertex   1.541481e+00 5.320000e+01 1.297471e+01
    endloop
  endfacet
  facet normal -9.238795e-01 -5.171718e-04 -3.826831e-01
    outer loop
      vertex   1.541481e+00 5.320000e+01 1.297471e+01
      vertex   1.516506e+00 5.443322e+01 1.303333e+01
      vertex   1.541481e+00 5.443314e+01 1.297304e+01
    endloop
  endfacet
  facet normal -7.933533e-01 -8.227015e-04 -6.087609e-01
    outer loop
      vertex   1.516506e+00 5.320000e+01 1.303500e+01
      vertex   1.476777e+00 5.320000e+01 1.308678e+01
      vertex   1.476777e+00 5.443329e+01 1.308511e+01
    endloop
  endfacet
  facet normal -6.087614e-01 -1.072166e-03 -7.933526e-01
    outer loop
      vertex   1.476777e+00 5.443329e+01 1.308511e+01
      vertex   1.476777e+00 5.320000e+01 1.308678e+01
      vertex   1.425000e+00 5.443335e+01 1.312484e+01
    endloop
  endfacet
  facet normal -6.087614e-01 -1.072166e-03 -7.933526e-01
    outer loop
      vertex   1.476777e+00 5.443329e+01 1.308511e+01
      vertex   1.425000e+00 5.443335e+01 1.312484e+01
      vertex   1.425000e+00 5.566674e+01 1.312317e+01
    endloop
  endfacet
  facet normal -3.826834e-01 -1.248563e-03 -9.238787e-01
    outer loop
      vertex   1.425000e+00 5.566674e+01 1.312317e+01
      vertex   1.425000e+00 5.443335e+01 1.312484e+01
      vertex   1.364705e+00 5.566677e+01 1.314815e+01
    endloop
  endfacet
  facet normal -3.826834e-01 -1.248563e-03 -9.238787e-01
    outer loop
      vertex   1.425000e+00 5.566674e+01 1.312317e+01
      vertex   1.364705e+00 5.566677e+01 1.314815e+01
      vertex   1.364705e+00 5.690016e+01 1.314648e+01
    endloop
  endfacet
  facet normal -1.305262e-01 -1.339873e-03 -9.914440e-01
    outer loop
      vertex   1.364705e+00 5.690016e+01 1.314648e+01
      vertex   1.364705e+00 5.566677e+01 1.314815e+01
      vertex   1.300000e+00 5.320000e+01 1.316000e+01
    endloop
  endfacet
  facet normal -1.305262e-01 -1.339873e-03 -9.914440e-01
    outer loop
      vertex   1.364705e+00 5.690016e+01 1.314648e+01
      vertex   1.300000e+00 5.320000e+01 1.316000e+01
      vertex   1.300000e+00 6.060000e+01 1.315000e+01
    endloop
  endfacet
  facet normal -6.087614e-01 -1.072166e-03 -7.933526e-01
    outer loop
      vertex   1.476777e+00 5.320000e+01 1.308678e+01
      vertex   1.425000e+00 5.320000e+01 1.312651e+01
      vertex   1.425000e+00 5.443335e+01 1.312484e+01
    endloop
  endfacet
  facet normal -3.826834e-01 -1.248563e-03 -9.238787e-01
    outer loop
      vertex   1.425000e+00 5.443335e+01 1.312484e+01
      vertex   1.425000e+00 5.320000e+01 1.312651e+01
      vertex   1.364705e+00 5.443338e+01 1.314982e+01
    endloop
  endfacet
  facet normal -3.826834e-01 -1.248563e-03 -9.238787e-01
    outer loop
      vertex   1.425000e+00 5.443335e+01 1.312484e+01
      vertex   1.364705e+00 5.443338e+01 1.314982e+01
      vertex   1.364705e+00 5.566677e+01 1.314815e+01
    endloop
  endfacet
  facet normal -1.305262e-01 -1.339873e-03 -9.914440e-01
    outer loop
      vertex   1.364705e+00 5.566677e+01 1.314815e+01
      vertex   1.364705e+00 5.443338e+01 1.314982e+01
      vertex   1.300000e+00 5.320000e+01 1.316000e+01
    endloop
  endfacet
  facet normal -3.826834e-01 -1.248563e-03 -9.238787e-01
    outer loop
      vertex   1.425000e+00 5.320000e+01 1.312651e+01
      vertex   1.364705e+00 5.320000e+01 1.315148e+01
      vertex   1.364705e+00 5.443338e+01 1.314982e+01
    endloop
  endfacet
  facet normal -1.305262e-01 -1.339873e-03 -9.914440e-01
    outer loop
      vertex   1.364705e+00 5.443338e+01 1.314982e+01
      vertex   1.364705e+00 5.320000e+01 1.315148e+01
      vertex   1.300000e+00 5.320000e+01 1.316000e+01
    endloop
  endfacet
  facet normal -6.087614e-01 -1.072166e-03 -7.933526e-01
    outer loop
      vertex   1.425000e+00 6.060000e+01 1.311651e+01
      vertex   1.476777e+00 6.060000e+01 1.307678e+01
      vertex   1.476777e+00 5.936685e+01 1.307844e+01
    endloop
  endfacet
  facet normal -7.933533e-01 -8.227015e-04 -6.087609e-01
    outer loop
      vertex   1.476777e+00 5.936685e+01 1.307844e+01
      vertex   1.476777e+00 6.060000e+01 1.307678e+01
      vertex   1.516506e+00 5.936678e+01 1.302667e+01
    endloop
  endfacet
  facet normal -7.933533e-01 -8.227015e-04 -6.087609e-01
    outer loop
      vertex   1.476777e+00 5.936685e+01 1.307844e+01
      vertex   1.516506e+00 5.936678e+01 1.302667e+01
      vertex   1.516506e+00 5.813339e+01 1.302833e+01
    endloop
  endfacet
  facet normal -9.238795e-01 -5.171718e-04 -3.826831e-01
    outer loop
      vertex   1.516506e+00 5.813339e+01 1.302833e+01
      vertex   1.516506e+00 5.936678e+01 1.302667e+01
      vertex   1.541481e+00 5.813331e+01 1.296804e+01
    endloop
  endfacet
  facet normal -9.238795e-01 -5.171718e-04 -3.826831e-01
    outer loop
      vertex   1.516506e+00 5.813339e+01 1.302833e+01
      vertex   1.541481e+00 5.813331e+01 1.296804e+01
      vertex   1.541481e+00 5.689992e+01 1.296971e+01
    endloop
  endfacet
  facet normal -9.914449e-01 -1.763977e-04 -1.305261e-01
    outer loop
      vertex   1.541481e+00 5.689992e+01 1.296971e+01
      vertex   1.541481e+00 5.813331e+01 1.296804e+01
      vertex   1.550000e+00 6.060000e+01 1.290000e+01
    endloop
  endfacet
  facet normal -9.914449e-01 -1.763977e-04 -1.305261e-01
    outer loop
      vertex   1.541481e+00 5.689992e+01 1.296971e+01
      vertex   1.550000e+00 6.060000e+01 1.290000e+01
      vertex   1.550000e+00 5.320000e+01 1.291000e+01
    endloop
  endfacet
  facet normal -7.933533e-01 -8.227015e-04 -6.087609e-01
    outer loop
      vertex   1.476777e+00 6.060000e+01 1.307678e+01
      vertex   1.516506e+00 6.060000e+01 1.302500e+01
      vertex   1.516506e+00 5.936678e+01 1.302667e+01
    endloop
  endfacet
  facet normal -9.238795e-01 -5.171718e-04 -3.826831e-01
    outer loop
      vertex   1.516506e+00 5.936678e+01 1.302667e+01
      vertex   1.516506e+00 6.060000e+01 1.302500e+01
      vertex   1.541481e+00 5.936670e+01 1.296637e+01
    endloop
  endfacet
  facet normal -9.238795e-01 -5.171718e-04 -3.826831e-01
    outer loop
      vertex   1.516506e+00 5.936678e+01 1.302667e+01
      vertex   1.541481e+00 5.936670e+01 1.296637e+01
      vertex   1.541481e+00 5.813331e+01 1.296804e+01
    endloop
  endfacet
  facet normal -9.914449e-01 -1.763977e-04 -1.305261e-01
    outer loop
      vertex   1.541481e+00 5.813331e+01 1.296804e+01
      vertex   1.541481e+00 5.936670e+01 1.296637e+01
      vertex   1.550000e+00 6.060000e+01 1.290000e+01
    endloop
  endfacet
  facet normal -9.238795e-01 -5.171718e-04 -3.826831e-01
    outer loop
      vertex   1.516506e+00 6.060000e+01 1.302500e+01
      vertex   1.541481e+00 6.060000e+01 1.296470e+01
      vertex   1.541481e+00 5.936670e+01 1.296637e+01
    endloop
  endfacet
  facet normal -9.914449e-01 -1.763977e-04 -1.305261e-01
    outer loop
      vertex   1.541481e+00 5.936670e+01 1.296637e+01
      vertex   1.541481e+00 6.060000e+01 1.296470e+01
      vertex   1.550000e+00 6.060000e+01 1.290000e+01
    endloop
  endfacet
  facet normal -9.238795e-01 -5.171718e-04 -3.826831e-01
    outer loop
      vertex   1.541481e+00 5.566653e+01 1.297137e+01
      vertex   1.541481e+00 5.443314e+01 1.297304e+01
      vertex   1.516506e+00 5.566661e+01 1.303167e+01
    endloop
  endfacet
  facet normal -9.238795e-01 -5.171718e-04 -3.826831e-01
    outer loop
      vertex   1.516506e+00 5.566661e+01 1.303167e+01
      vertex   1.541481e+00 5.443314e+01 1.297304e+01
      vertex   1.516506e+00 5.443322e+01 1.303333e+01
    endloop
  endfacet
  facet normal -7.933533e-01 -8.227015e-04 -6.087609e-01
    outer loop
      vertex   1.516506e+00 5.566661e+01 1.303167e+01
      vertex   1.516506e+00 5.443322e+01 1.303333e+01
      vertex   1.476777e+00 5.566668e+01 1.308344e+01
    endloop
  endfacet
  facet normal -9.238795e-01 -5.171718e-04 -3.826831e-01
    outer loop
      vertex   1.541481e+00 5.566653e+01 1.297137e+01
      vertex   1.516506e+00 5.566661e+01 1.303167e+01
      vertex   1.516506e+00 5.690000e+01 1.303000e+01
    endloop
  endfacet
  facet normal -7.933533e-01 -8.227015e-04 -6.087609e-01
    outer loop
      vertex   1.516506e+00 5.690000e+01 1.303000e+01
      vertex   1.516506e+00 5.566661e+01 1.303167e+01
      vertex   1.476777e+00 5.690007e+01 1.308178e+01
    endloop
  endfacet
  facet normal -7.933533e-01 -8.227015e-04 -6.087609e-01
    outer loop
      vertex   1.516506e+00 5.690000e+01 1.303000e+01
      vertex   1.476777e+00 5.690007e+01 1.308178e+01
      vertex   1.476777e+00 5.813346e+01 1.308011e+01
    endloop
  endfacet
  facet normal -6.087614e-01 -1.072166e-03 -7.933526e-01
    outer loop
      vertex   1.476777e+00 5.813346e+01 1.308011e+01
      vertex   1.476777e+00 5.690007e+01 1.308178e+01
      vertex   1.425000e+00 5.813351e+01 1.311984e+01
    endloop
  endfacet
  facet normal -6.087614e-01 -1.072166e-03 -7.933526e-01
    outer loop
      vertex   1.476777e+00 5.813346e+01 1.308011e+01
      vertex   1.425000e+00 5.813351e+01 1.311984e+01
      vertex   1.425000e+00 5.936690e+01 1.311817e+01
    endloop
  endfacet
  facet normal -3.826834e-01 -1.248563e-03 -9.238787e-01
    outer loop
      vertex   1.425000e+00 5.936690e+01 1.311817e+01
      vertex   1.425000e+00 5.813351e+01 1.311984e+01
      vertex   1.364705e+00 5.936694e+01 1.314315e+01
    endloop
  endfacet
  facet normal -7.933533e-01 -8.227015e-04 -6.087609e-01
    outer loop
      vertex   1.476777e+00 5.690007e+01 1.308178e+01
      vertex   1.516506e+00 5.566661e+01 1.303167e+01
      vertex   1.476777e+00 5.566668e+01 1.308344e+01
    endloop
  endfacet
  facet normal -6.087614e-01 -1.072166e-03 -7.933526e-01
    outer loop
      vertex   1.425000e+00 5.813351e+01 1.311984e+01
      vertex   1.476777e+00 5.690007e+01 1.308178e+01
      vertex   1.425000e+00 5.690012e+01 1.312151e+01
    endloop
  endfacet
  facet normal -6.087614e-01 -1.072166e-03 -7.933526e-01
    outer loop
      vertex   1.425000e+00 5.690012e+01 1.312151e+01
      vertex   1.476777e+00 5.690007e+01 1.308178e+01
      vertex   1.476777e+00 5.566668e+01 1.308344e+01
    endloop
  endfacet
  facet normal -3.826834e-01 -1.248563e-03 -9.238787e-01
    outer loop
      vertex   1.364705e+00 5.936694e+01 1.314315e+01
      vertex   1.425000e+00 5.813351e+01 1.311984e+01
      vertex   1.364705e+00 5.813355e+01 1.314481e+01
    endloop
  endfacet
  facet normal -3.826834e-01 -1.248563e-03 -9.238787e-01
    outer loop
      vertex   1.364705e+00 5.813355e+01 1.314481e+01
      vertex   1.425000e+00 5.813351e+01 1.311984e+01
      vertex   1.425000e+00 5.690012e+01 1.312151e+01
    endloop
  endfacet
  facet normal -5.684337e-14 -1.351435e-03 -9.999991e-01
    outer loop
      vertex   1.300000e+00 6.060000e+01 1.315000e+01
      vertex   1.300000e+00 5.320000e+01 1.316000e+01
      vertex   5.500000e-01 6.060000e+01 1.315000e+01
    endloop
  endfacet
  facet normal -5.447596e-14 -1.351435e-03 -9.999991e-01
    outer loop
      vertex   5.500000e-01 6.060000e+01 1.315000e+01
      vertex   1.300000e+00 5.320000e+01 1.316000e+01
      vertex   5.500000e-01 5.320000e+01 1.316000e+01
    endloop
  endfacet
  facet normal 9.914449e-01 -5.899865e-15 -1.305262e-01
    outer loop
      vertex   4.445852e+01 6.060000e+01 1.296470e+01
      vertex   4.445852e+01 5.936667e+01 1.296470e+01
      vertex   4.445000e+01 6.060000e+01 1.290000e+01
    endloop
  endfacet
  facet normal 9.914449e-01 -1.195313e-19 -1.305262e-01
    outer loop
      vertex   4.445000e+01 6.060000e+01 1.290000e+01
      vertex   4.445852e+01 5.936667e+01 1.296470e+01
      vertex   4.445852e+01 5.813333e+01 1.296470e+01
    endloop
  endfacet
  facet normal 9.914449e-01 -1.195313e-19 -1.305262e-01
    outer loop
      vertex   4.445000e+01 6.060000e+01 1.290000e+01
      vertex   4.445852e+01 5.813333e+01 1.296470e+01
      vertex   4.445852e+01 5.690000e+01 1.296470e+01
    endloop
  endfacet
  facet normal 9.238795e-01 0.000000e+00 -3.826834e-01
    outer loop
      vertex   4.445852e+01 5.690000e+01 1.296470e+01
      vertex   4.445852e+01 5.813333e+01 1.296470e+01
      vertex   4.448349e+01 5.690000e+01 1.302500e+01
    endloop
  endfacet
  facet normal 9.238795e-01 -8.543117e-19 -3.826834e-01
    outer loop
      vertex   4.445852e+01 5.690000e+01 1.296470e+01
      vertex   4.448349e+01 5.690000e+01 1.302500e+01
      vertex   4.448349e+01 5.566667e+01 1.302500e+01
    endloop
  endfacet
  facet normal 7.933533e-01 0.000000e+00 -6.087614e-01
    outer loop
      vertex   4.448349e+01 5.566667e+01 1.302500e+01
      vertex   4.448349e+01 5.690000e+01 1.302500e+01
      vertex   4.452322e+01 5.566667e+01 1.307678e+01
    endloop
  endfacet
  facet normal 7.933533e-01 -1.044280e-18 -6.087614e-01
    outer loop
      vertex   4.448349e+01 5.566667e+01 1.302500e+01
      vertex   4.452322e+01 5.566667e+01 1.307678e+01
      vertex   4.452322e+01 5.443333e+01 1.307678e+01
    endloop
  endfacet
  facet normal 6.087614e-01 0.000000e+00 -7.933533e-01
    outer loop
      vertex   4.452322e+01 5.443333e+01 1.307678e+01
      vertex   4.452322e+01 5.566667e+01 1.307678e+01
      vertex   4.457500e+01 5.443333e+01 1.311651e+01
    endloop
  endfacet
  facet normal 6.087614e-01 -1.144769e-15 -7.933533e-01
    outer loop
      vertex   4.452322e+01 5.443333e+01 1.307678e+01
      vertex   4.457500e+01 5.443333e+01 1.311651e+01
      vertex   4.457500e+01 5.320000e+01 1.311651e+01
    endloop
  endfacet
  facet normal 3.826834e-01 -1.330654e-15 -9.238795e-01
    outer loop
      vertex   4.457500e+01 5.320000e+01 1.311651e+01
      vertex   4.457500e+01 5.443333e+01 1.311651e+01
      vertex   4.463530e+01 5.320000e+01 1.314148e+01
    endloop
  endfacet
  facet normal 3.826834e-01 0.000000e+00 -9.238795e-01
    outer loop
      vertex   4.463530e+01 5.320000e+01 1.314148e+01
      vertex   4.457500e+01 5.443333e+01 1.311651e+01
      vertex   4.463530e+01 5.443333e+01 1.314148e+01
    endloop
  endfacet
  facet normal 1.305262e-01 0.000000e+00 -9.914449e-01
    outer loop
      vertex   4.463530e+01 5.320000e+01 1.314148e+01
      vertex   4.463530e+01 5.443333e+01 1.314148e+01
      vertex   4.470000e+01 5.320000e+01 1.315000e+01
    endloop
  endfacet
  facet normal 1.305262e-01 3.485311e-19 -9.914449e-01
    outer loop
      vertex   4.470000e+01 5.320000e+01 1.315000e+01
      vertex   4.463530e+01 5.443333e+01 1.314148e+01
      vertex   4.463530e+01 5.566667e+01 1.314148e+01
    endloop
  endfacet
  facet normal 1.305262e-01 3.485311e-19 -9.914449e-01
    outer loop
      vertex   4.470000e+01 5.320000e+01 1.315000e+01
      vertex   4.463530e+01 5.566667e+01 1.314148e+01
      vertex   4.463530e+01 5.690000e+01 1.314148e+01
    endloop
  endfacet
  facet normal 3.826834e-01 0.000000e+00 -9.238795e-01
    outer loop
      vertex   4.463530e+01 5.690000e+01 1.314148e+01
      vertex   4.463530e+01 5.566667e+01 1.314148e+01
      vertex   4.457500e+01 5.690000e+01 1.311651e+01
    endloop
  endfacet
  facet normal 3.826834e-01 8.638894e-19 -9.238795e-01
    outer loop
      vertex   4.463530e+01 5.690000e+01 1.314148e+01
      vertex   4.457500e+01 5.690000e+01 1.311651e+01
      vertex   4.457500e+01 5.813333e+01 1.311651e+01
    endloop
  endfacet
  facet normal 6.087614e-01 0.000000e+00 -7.933533e-01
    outer loop
      vertex   4.457500e+01 5.813333e+01 1.311651e+01
      vertex   4.457500e+01 5.690000e+01 1.311651e+01
      vertex   4.452322e+01 5.813333e+01 1.307678e+01
    endloop
  endfacet
  facet normal 6.087614e-01 -2.527861e-18 -7.933533e-01
    outer loop
      vertex   4.457500e+01 5.813333e+01 1.311651e+01
      vertex   4.452322e+01 5.813333e+01 1.307678e+01
      vertex   4.452322e+01 5.936667e+01 1.307678e+01
    endloop
  endfacet
  facet normal 7.933533e-01 0.000000e+00 -6.087614e-01
    outer loop
      vertex   4.452322e+01 5.936667e+01 1.307678e+01
      vertex   4.452322e+01 5.813333e+01 1.307678e+01
      vertex   4.448349e+01 5.936667e+01 1.302500e+01
    endloop
  endfacet
  facet normal 7.933533e-01 -1.044280e-18 -6.087614e-01
    outer loop
      vertex   4.452322e+01 5.936667e+01 1.307678e+01
      vertex   4.448349e+01 5.936667e+01 1.302500e+01
      vertex   4.448349e+01 6.060000e+01 1.302500e+01
    endloop
  endfacet
  facet normal 9.238795e-01 0.000000e+00 -3.826834e-01
    outer loop
      vertex   4.448349e+01 6.060000e+01 1.302500e+01
      vertex   4.448349e+01 5.936667e+01 1.302500e+01
      vertex   4.445852e+01 6.060000e+01 1.296470e+01
    endloop
  endfacet
  facet normal 9.238795e-01 -5.873790e-15 -3.826834e-01
    outer loop
      vertex   4.445852e+01 6.060000e+01 1.296470e+01
      vertex   4.448349e+01 5.936667e+01 1.302500e+01
      vertex   4.445852e+01 5.936667e+01 1.296470e+01
    endloop
  endfacet
  facet normal 7.933533e-01 -1.044280e-18 -6.087614e-01
    outer loop
      vertex   4.448349e+01 6.060000e+01 1.302500e+01
      vertex   4.452322e+01 6.060000e+01 1.307678e+01
      vertex   4.452322e+01 5.936667e+01 1.307678e+01
    endloop
  endfacet
  facet normal 6.087614e-01 0.000000e+00 -7.933533e-01
    outer loop
      vertex   4.452322e+01 5.936667e+01 1.307678e+01
      vertex   4.452322e+01 6.060000e+01 1.307678e+01
      vertex   4.457500e+01 5.936667e+01 1.311651e+01
    endloop
  endfacet
  facet normal 6.087614e-01 -2.527861e-18 -7.933533e-01
    outer loop
      vertex   4.452322e+01 5.936667e+01 1.307678e+01
      vertex   4.457500e+01 5.936667e+01 1.311651e+01
      vertex   4.457500e+01 5.813333e+01 1.311651e+01
    endloop
  endfacet
  facet normal 3.826834e-01 0.000000e+00 -9.238795e-01
    outer loop
      vertex   4.457500e+01 5.813333e+01 1.311651e+01
      vertex   4.457500e+01 5.936667e+01 1.311651e+01
      vertex   4.463530e+01 5.813333e+01 1.314148e+01
    endloop
  endfacet
  facet normal 3.826834e-01 8.638894e-19 -9.238795e-01
    outer loop
      vertex   4.457500e+01 5.813333e+01 1.311651e+01
      vertex   4.463530e+01 5.813333e+01 1.314148e+01
      vertex   4.463530e+01 5.690000e+01 1.314148e+01
    endloop
  endfacet
  facet normal 1.305262e-01 0.000000e+00 -9.914449e-01
    outer loop
      vertex   4.463530e+01 5.690000e+01 1.314148e+01
      vertex   4.463530e+01 5.813333e+01 1.314148e+01
      vertex   4.470000e+01 6.060000e+01 1.315000e+01
    endloop
  endfacet
  facet normal 1.305262e-01 5.808851e-20 -9.914449e-01
    outer loop
      vertex   4.463530e+01 5.690000e+01 1.314148e+01
      vertex   4.470000e+01 6.060000e+01 1.315000e+01
      vertex   4.470000e+01 5.320000e+01 1.315000e+01
    endloop
  endfacet
  facet normal 6.087614e-01 1.140130e-15 -7.933533e-01
    outer loop
      vertex   4.452322e+01 6.060000e+01 1.307678e+01
      vertex   4.457500e+01 6.060000e+01 1.311651e+01
      vertex   4.457500e+01 5.936667e+01 1.311651e+01
    endloop
  endfacet
  facet normal 3.826834e-01 1.330654e-15 -9.238795e-01
    outer loop
      vertex   4.457500e+01 5.936667e+01 1.311651e+01
      vertex   4.457500e+01 6.060000e+01 1.311651e+01
      vertex   4.463530e+01 5.936667e+01 1.314148e+01
    endloop
  endfacet
  facet normal 3.826834e-01 8.638894e-19 -9.238795e-01
    outer loop
      vertex   4.457500e+01 5.936667e+01 1.311651e+01
      vertex   4.463530e+01 5.936667e+01 1.314148e+01
      vertex   4.463530e+01 5.813333e+01 1.314148e+01
    endloop
  endfacet
  facet normal 1.305262e-01 0.000000e+00 -9.914449e-01
    outer loop
      vertex   4.463530e+01 5.813333e+01 1.314148e+01
      vertex   4.463530e+01 5.936667e+01 1.314148e+01
      vertex   4.470000e+01 6.060000e+01 1.315000e+01
    endloop
  endfacet
  facet normal 3.826834e-01 1.029311e-18 -9.238795e-01
    outer loop
      vertex   4.457500e+01 6.060000e+01 1.311651e+01
      vertex   4.463530e+01 6.060000e+01 1.314148e+01
      vertex   4.463530e+01 5.936667e+01 1.314148e+01
    endloop
  endfacet
  facet normal 1.305262e-01 0.000000e+00 -9.914449e-01
    outer loop
      vertex   4.463530e+01 5.936667e+01 1.314148e+01
      vertex   4.463530e+01 6.060000e+01 1.314148e+01
      vertex   4.470000e+01 6.060000e+01 1.315000e+01
    endloop
  endfacet
  facet normal 6.087614e-01 -2.111137e-18 -7.933533e-01
    outer loop
      vertex   4.457500e+01 5.320000e+01 1.311651e+01
      vertex   4.452322e+01 5.320000e+01 1.307678e+01
      vertex   4.452322e+01 5.443333e+01 1.307678e+01
    endloop
  endfacet
  facet normal 7.933533e-01 0.000000e+00 -6.087614e-01
    outer loop
      vertex   4.452322e+01 5.443333e+01 1.307678e+01
      vertex   4.452322e+01 5.320000e+01 1.307678e+01
      vertex   4.448349e+01 5.443333e+01 1.302500e+01
    endloop
  endfacet
  facet normal 7.933533e-01 -1.044280e-18 -6.087614e-01
    outer loop
      vertex   4.452322e+01 5.443333e+01 1.307678e+01
      vertex   4.448349e+01 5.443333e+01 1.302500e+01
      vertex   4.448349e+01 5.566667e+01 1.302500e+01
    endloop
  endfacet
  facet normal 9.238795e-01 0.000000e+00 -3.826834e-01
    outer loop
      vertex   4.448349e+01 5.566667e+01 1.302500e+01
      vertex   4.448349e+01 5.443333e+01 1.302500e+01
      vertex   4.445852e+01 5.566667e+01 1.296470e+01
    endloop
  endfacet
  facet normal 9.238795e-01 -8.543117e-19 -3.826834e-01
    outer loop
      vertex   4.448349e+01 5.566667e+01 1.302500e+01
      vertex   4.445852e+01 5.566667e+01 1.296470e+01
      vertex   4.445852e+01 5.690000e+01 1.296470e+01
    endloop
  endfacet
  facet normal 9.914449e-01 0.000000e+00 -1.305262e-01
    outer loop
      vertex   4.445852e+01 5.690000e+01 1.296470e+01
      vertex   4.445852e+01 5.566667e+01 1.296470e+01
      vertex   4.445000e+01 5.320000e+01 1.290000e+01
    endloop
  endfacet
  facet normal 9.914449e-01 -1.992188e-20 -1.305262e-01
    outer loop
      vertex   4.445852e+01 5.690000e+01 1.296470e+01
      vertex   4.445000e+01 5.320000e+01 1.290000e+01
      vertex   4.445000e+01 6.060000e+01 1.290000e+01
    endloop
  endfacet
  facet normal 7.933533e-01 -1.044280e-18 -6.087614e-01
    outer loop
      vertex   4.452322e+01 5.320000e+01 1.307678e+01
      vertex   4.448349e+01 5.320000e+01 1.302500e+01
      vertex   4.448349e+01 5.443333e+01 1.302500e+01
    endloop
  endfacet
  facet normal 9.238795e-01 0.000000e+00 -3.826834e-01
    outer loop
      vertex   4.448349e+01 5.443333e+01 1.302500e+01
      vertex   4.448349e+01 5.320000e+01 1.302500e+01
      vertex   4.445852e+01 5.443333e+01 1.296470e+01
    endloop
  endfacet
  facet normal 9.238795e-01 -8.543117e-19 -3.826834e-01
    outer loop
      vertex   4.448349e+01 5.443333e+01 1.302500e+01
      vertex   4.445852e+01 5.443333e+01 1.296470e+01
      vertex   4.445852e+01 5.566667e+01 1.296470e+01
    endloop
  endfacet
  facet normal 9.914449e-01 0.000000e+00 -1.305262e-01
    outer loop
      vertex   4.445852e+01 5.566667e+01 1.296470e+01
      vertex   4.445852e+01 5.443333e+01 1.296470e+01
      vertex   4.445000e+01 5.320000e+01 1.290000e+01
    endloop
  endfacet
  facet normal 9.238795e-01 5.873598e-15 -3.826834e-01
    outer loop
      vertex   4.448349e+01 5.320000e+01 1.302500e+01
      vertex   4.445852e+01 5.320000e+01 1.296470e+01
      vertex   4.445852e+01 5.443333e+01 1.296470e+01
    endloop
  endfacet
  facet normal 9.914449e-01 5.899865e-15 -1.305262e-01
    outer loop
      vertex   4.445852e+01 5.443333e+01 1.296470e+01
      vertex   4.445852e+01 5.320000e+01 1.296470e+01
      vertex   4.445000e+01 5.320000e+01 1.290000e+01
    endloop
  endfacet
  facet normal 9.238795e-01 0.000000e+00 -3.826834e-01
    outer loop
      vertex   4.445852e+01 5.813333e+01 1.296470e+01
      vertex   4.445852e+01 5.936667e+01 1.296470e+01
      vertex   4.448349e+01 5.813333e+01 1.302500e+01
    endloop
  endfacet
  facet normal 9.238795e-01 0.000000e+00 -3.826834e-01
    outer loop
      vertex   4.448349e+01 5.813333e+01 1.302500e+01
      vertex   4.445852e+01 5.936667e+01 1.296470e+01
      vertex   4.448349e+01 5.936667e+01 1.302500e+01
    endloop
  endfacet
  facet normal 7.933533e-01 0.000000e+00 -6.087614e-01
    outer loop
      vertex   4.448349e+01 5.813333e+01 1.302500e+01
      vertex   4.448349e+01 5.936667e+01 1.302500e+01
      vertex   4.452322e+01 5.813333e+01 1.307678e+01
    endloop
  endfacet
  facet normal 9.238795e-01 -8.543117e-19 -3.826834e-01
    outer loop
      vertex   4.445852e+01 5.813333e+01 1.296470e+01
      vertex   4.448349e+01 5.813333e+01 1.302500e+01
      vertex   4.448349e+01 5.690000e+01 1.302500e+01
    endloop
  endfacet
  facet normal 7.933533e-01 0.000000e+00 -6.087614e-01
    outer loop
      vertex   4.448349e+01 5.690000e+01 1.302500e+01
      vertex   4.448349e+01 5.813333e+01 1.302500e+01
      vertex   4.452322e+01 5.690000e+01 1.307678e+01
    endloop
  endfacet
  facet normal 7.933533e-01 -1.044280e-18 -6.087614e-01
    outer loop
      vertex   4.448349e+01 5.690000e+01 1.302500e+01
      vertex   4.452322e+01 5.690000e+01 1.307678e+01
      vertex   4.452322e+01 5.566667e+01 1.307678e+01
    endloop
  endfacet
  facet normal 6.087614e-01 0.000000e+00 -7.933533e-01
    outer loop
      vertex   4.452322e+01 5.566667e+01 1.307678e+01
      vertex   4.452322e+01 5.690000e+01 1.307678e+01
      vertex   4.457500e+01 5.566667e+01 1.311651e+01
    endloop
  endfacet
  facet normal 6.087614e-01 -2.527861e-18 -7.933533e-01
    outer loop
      vertex   4.452322e+01 5.566667e+01 1.307678e+01
      vertex   4.457500e+01 5.566667e+01 1.311651e+01
      vertex   4.457500e+01 5.443333e+01 1.311651e+01
    endloop
  endfacet
  facet normal 3.826834e-01 0.000000e+00 -9.238795e-01
    outer loop
      vertex   4.457500e+01 5.443333e+01 1.311651e+01
      vertex   4.457500e+01 5.566667e+01 1.311651e+01
      vertex   4.463530e+01 5.443333e+01 1.314148e+01
    endloop
  endfacet
  facet normal 7.933533e-01 0.000000e+00 -6.087614e-01
    outer loop
      vertex   4.452322e+01 5.690000e+01 1.307678e+01
      vertex   4.448349e+01 5.813333e+01 1.302500e+01
      vertex   4.452322e+01 5.813333e+01 1.307678e+01
    endloop
  endfacet
  facet normal 6.087614e-01 0.000000e+00 -7.933533e-01
    outer loop
      vertex   4.457500e+01 5.566667e+01 1.311651e+01
      vertex   4.452322e+01 5.690000e+01 1.307678e+01
      vertex   4.457500e+01 5.690000e+01 1.311651e+01
    endloop
  endfacet
  facet normal 6.087614e-01 -2.527861e-18 -7.933533e-01
    outer loop
      vertex   4.457500e+01 5.690000e+01 1.311651e+01
      vertex   4.452322e+01 5.690000e+01 1.307678e+01
      vertex   4.452322e+01 5.813333e+01 1.307678e+01
    endloop
  endfacet
  facet normal 3.826834e-01 0.000000e+00 -9.238795e-01
    outer loop
      vertex   4.463530e+01 5.443333e+01 1.314148e+01
      vertex   4.457500e+01 5.566667e+01 1.311651e+01
      vertex   4.463530e+01 5.566667e+01 1.314148e+01
    endloop
  endfacet
  facet normal 3.826834e-01 8.638894e-19 -9.238795e-01
    outer loop
      vertex   4.463530e+01 5.566667e+01 1.314148e+01
      vertex   4.457500e+01 5.566667e+01 1.311651e+01
      vertex   4.457500e+01 5.690000e+01 1.311651e+01
    endloop
  endfacet
  facet normal 0.000000e+00 0.000000e+00 -1.000000e+00
    outer loop
      vertex   4.470000e+01 5.320000e+01 1.315000e+01
      vertex   4.470000e+01 6.060000e+01 1.315000e+01
      vertex   4.545000e+01 5.320000e+01 1.315000e+01
    endloop
  endfacet
  facet normal 0.000000e+00 0.000000e+00 -1.000000e+00
    outer loop
      vertex   4.545000e+01 5.320000e+01 1.315000e+01
      vertex   4.470000e+01 6.060000e+01 1.315000e+01
      vertex   4.545000e+01 6.060000e+01 1.315000e+01
    endloop
  endfacet
  facet normal 9.914449e-01 -5.711873e-15 -1.305262e-01
    outer loop
      vertex   4.445852e+01 2.080000e+01 1.296438e+01
      vertex   4.445852e+01 1.956667e+01 1.296438e+01
      vertex   4.445000e+01 2.080000e+01 1.289967e+01
    endloop
  endfacet
  facet normal 9.914449e-01 -3.022239e-19 -1.305262e-01
    outer loop
      vertex   4.445000e+01 2.080000e+01 1.289967e+01
      vertex   4.445852e+01 1.956667e+01 1.296438e+01
      vertex   4.445852e+01 1.833333e+01 1.296438e+01
    endloop
  endfacet
  facet normal 9.914449e-01 -5.633410e-16 -1.305262e-01
    outer loop
      vertex   4.445000e+01 2.080000e+01 1.289967e+01
      vertex   4.445852e+01 1.833333e+01 1.296438e+01
      vertex   4.445852e+01 1.710000e+01 1.296438e+01
    endloop
  endfacet
  facet normal 9.238795e-01 -1.653524e-15 -3.826834e-01
    outer loop
      vertex   4.445852e+01 1.710000e+01 1.296438e+01
      vertex   4.445852e+01 1.833333e+01 1.296438e+01
      vertex   4.448349e+01 1.710000e+01 1.302467e+01
    endloop
  endfacet
  facet normal 9.238795e-01 -8.543116e-19 -3.826834e-01
    outer loop
      vertex   4.445852e+01 1.710000e+01 1.296438e+01
      vertex   4.448349e+01 1.710000e+01 1.302467e+01
      vertex   4.448349e+01 1.586667e+01 1.302467e+01
    endloop
  endfacet
  facet normal 7.933533e-01 0.000000e+00 -6.087614e-01
    outer loop
      vertex   4.448349e+01 1.586667e+01 1.302467e+01
      vertex   4.448349e+01 1.710000e+01 1.302467e+01
      vertex   4.452322e+01 1.586667e+01 1.307645e+01
    endloop
  endfacet
  facet normal 7.933533e-01 -1.044280e-18 -6.087614e-01
    outer loop
      vertex   4.448349e+01 1.586667e+01 1.302467e+01
      vertex   4.452322e+01 1.586667e+01 1.307645e+01
      vertex   4.452322e+01 1.463333e+01 1.307645e+01
    endloop
  endfacet
  facet normal 6.087614e-01 0.000000e+00 -7.933533e-01
    outer loop
      vertex   4.452322e+01 1.463333e+01 1.307645e+01
      vertex   4.452322e+01 1.586667e+01 1.307645e+01
      vertex   4.457500e+01 1.463333e+01 1.311618e+01
    endloop
  endfacet
  facet normal 6.087614e-01 -1.144770e-15 -7.933533e-01
    outer loop
      vertex   4.452322e+01 1.463333e+01 1.307645e+01
      vertex   4.457500e+01 1.463333e+01 1.311618e+01
      vertex   4.457500e+01 1.340000e+01 1.311618e+01
    endloop
  endfacet
  facet normal 3.826834e-01 -1.330654e-15 -9.238795e-01
    outer loop
      vertex   4.457500e+01 1.340000e+01 1.311618e+01
      vertex   4.457500e+01 1.463333e+01 1.311618e+01
      vertex   4.463530e+01 1.340000e+01 1.314115e+01
    endloop
  endfacet
  facet normal 3.826834e-01 0.000000e+00 -9.238795e-01
    outer loop
      vertex   4.463530e+01 1.340000e+01 1.314115e+01
      vertex   4.457500e+01 1.463333e+01 1.311618e+01
      vertex   4.463530e+01 1.463333e+01 1.314115e+01
    endloop
  endfacet
  facet normal 1.305262e-01 0.000000e+00 -9.914449e-01
    outer loop
      vertex   4.463530e+01 1.340000e+01 1.314115e+01
      vertex   4.463530e+01 1.463333e+01 1.314115e+01
      vertex   4.470000e+01 1.340000e+01 1.314967e+01
    endloop
  endfacet
  facet normal 1.305262e-01 3.485310e-19 -9.914449e-01
    outer loop
      vertex   4.470000e+01 1.340000e+01 1.314967e+01
      vertex   4.463530e+01 1.463333e+01 1.314115e+01
      vertex   4.463530e+01 1.586667e+01 1.314115e+01
    endloop
  endfacet
  facet normal 1.305262e-01 3.485310e-19 -9.914449e-01
    outer loop
      vertex   4.470000e+01 1.340000e+01 1.314967e+01
      vertex   4.463530e+01 1.586667e+01 1.314115e+01
      vertex   4.463530e+01 1.710000e+01 1.314115e+01
    endloop
  endfacet
  facet normal 3.826834e-01 0.000000e+00 -9.238795e-01
    outer loop
      vertex   4.463530e+01 1.710000e+01 1.314115e+01
      vertex   4.463530e+01 1.586667e+01 1.314115e+01
      vertex   4.457500e+01 1.710000e+01 1.311618e+01
    endloop
  endfacet
  facet normal 3.826834e-01 -1.329955e-15 -9.238795e-01
    outer loop
      vertex   4.463530e+01 1.710000e+01 1.314115e+01
      vertex   4.457500e+01 1.710000e+01 1.311618e+01
      vertex   4.457500e+01 1.833333e+01 1.311618e+01
    endloop
  endfacet
  facet normal 6.087614e-01 -1.142658e-15 -7.933533e-01
    outer loop
      vertex   4.457500e+01 1.833333e+01 1.311618e+01
      vertex   4.457500e+01 1.710000e+01 1.311618e+01
      vertex   4.452322e+01 1.833333e+01 1.307645e+01
    endloop
  endfacet
  facet normal 6.087614e-01 -2.527860e-18 -7.933533e-01
    outer loop
      vertex   4.457500e+01 1.833333e+01 1.311618e+01
      vertex   4.452322e+01 1.833333e+01 1.307645e+01
      vertex   4.452322e+01 1.956667e+01 1.307645e+01
    endloop
  endfacet
  facet normal 7.933533e-01 0.000000e+00 -6.087614e-01
    outer loop
      vertex   4.452322e+01 1.956667e+01 1.307645e+01
      vertex   4.452322e+01 1.833333e+01 1.307645e+01
      vertex   4.448349e+01 1.956667e+01 1.302467e+01
    endloop
  endfacet
  facet normal 7.933533e-01 -1.044281e-18 -6.087614e-01
    outer loop
      vertex   4.452322e+01 1.956667e+01 1.307645e+01
      vertex   4.448349e+01 1.956667e+01 1.302467e+01
      vertex   4.448349e+01 2.080000e+01 1.302467e+01
    endloop
  endfacet
  facet normal 9.238795e-01 0.000000e+00 -3.826834e-01
    outer loop
      vertex   4.448349e+01 2.080000e+01 1.302467e+01
      vertex   4.448349e+01 1.956667e+01 1.302467e+01
      vertex   4.445852e+01 2.080000e+01 1.296438e+01
    endloop
  endfacet
  facet normal 9.238795e-01 -5.322619e-15 -3.826834e-01
    outer loop
      vertex   4.445852e+01 2.080000e+01 1.296438e+01
      vertex   4.448349e+01 1.956667e+01 1.302467e+01
      vertex   4.445852e+01 1.956667e+01 1.296438e+01
    endloop
  endfacet
  facet normal 7.933533e-01 -1.044281e-18 -6.087614e-01
    outer loop
      vertex   4.448349e+01 2.080000e+01 1.302467e+01
      vertex   4.452322e+01 2.080000e+01 1.307645e+01
      vertex   4.452322e+01 1.956667e+01 1.307645e+01
    endloop
  endfacet
  facet normal 6.087614e-01 0.000000e+00 -7.933533e-01
    outer loop
      vertex   4.452322e+01 1.956667e+01 1.307645e+01
      vertex   4.452322e+01 2.080000e+01 1.307645e+01
      vertex   4.457500e+01 1.956667e+01 1.311618e+01
    endloop
  endfacet
  facet normal 6.087614e-01 -2.527860e-18 -7.933533e-01
    outer loop
      vertex   4.452322e+01 1.956667e+01 1.307645e+01
      vertex   4.457500e+01 1.956667e+01 1.311618e+01
      vertex   4.457500e+01 1.833333e+01 1.311618e+01
    endloop
  endfacet
  facet normal 3.826834e-01 0.000000e+00 -9.238795e-01
    outer loop
      vertex   4.457500e+01 1.833333e+01 1.311618e+01
      vertex   4.457500e+01 1.956667e+01 1.311618e+01
      vertex   4.463530e+01 1.833333e+01 1.314115e+01
    endloop
  endfacet
  facet normal 3.826834e-01 -2.660609e-15 -9.238795e-01
    outer loop
      vertex   4.457500e+01 1.833333e+01 1.311618e+01
      vertex   4.463530e+01 1.833333e+01 1.314115e+01
      vertex   4.463530e+01 1.710000e+01 1.314115e+01
    endloop
  endfacet
  facet normal 1.305262e-01 -2.855934e-15 -9.914449e-01
    outer loop
      vertex   4.463530e+01 1.710000e+01 1.314115e+01
      vertex   4.463530e+01 1.833333e+01 1.314115e+01
      vertex   4.470000e+01 2.080000e+01 1.314967e+01
    endloop
  endfacet
  facet normal 1.305262e-01 -2.379364e-16 -9.914449e-01
    outer loop
      vertex   4.463530e+01 1.710000e+01 1.314115e+01
      vertex   4.470000e+01 2.080000e+01 1.314967e+01
      vertex   4.470000e+01 1.340000e+01 1.314967e+01
    endloop
  endfacet
  facet normal 6.087614e-01 1.140131e-15 -7.933533e-01
    outer loop
      vertex   4.452322e+01 2.080000e+01 1.307645e+01
      vertex   4.457500e+01 2.080000e+01 1.311618e+01
      vertex   4.457500e+01 1.956667e+01 1.311618e+01
    endloop
  endfacet
  facet normal 3.826834e-01 1.330655e-15 -9.238795e-01
    outer loop
      vertex   4.457500e+01 1.956667e+01 1.311618e+01
      vertex   4.457500e+01 2.080000e+01 1.311618e+01
      vertex   4.463530e+01 1.956667e+01 1.314115e+01
    endloop
  endfacet
  facet normal 3.826834e-01 1.029310e-18 -9.238795e-01
    outer loop
      vertex   4.457500e+01 1.956667e+01 1.311618e+01
      vertex   4.463530e+01 1.956667e+01 1.314115e+01
      vertex   4.463530e+01 1.833333e+01 1.314115e+01
    endloop
  endfacet
  facet normal 1.305262e-01 0.000000e+00 -9.914449e-01
    outer loop
      vertex   4.463530e+01 1.833333e+01 1.314115e+01
      vertex   4.463530e+01 1.956667e+01 1.314115e+01
      vertex   4.470000e+01 2.080000e+01 1.314967e+01
    endloop
  endfacet
  facet normal 3.826834e-01 1.194733e-18 -9.238795e-01
    outer loop
      vertex   4.457500e+01 2.080000e+01 1.311618e+01
      vertex   4.463530e+01 2.080000e+01 1.314115e+01
      vertex   4.463530e+01 1.956667e+01 1.314115e+01
    endloop
  endfacet
  facet normal 1.305262e-01 0.000000e+00 -9.914449e-01
    outer loop
      vertex   4.463530e+01 1.956667e+01 1.314115e+01
      vertex   4.463530e+01 2.080000e+01 1.314115e+01
      vertex   4.470000e+01 2.080000e+01 1.314967e+01
    endloop
  endfacet
  facet normal 6.087614e-01 -2.111137e-18 -7.933533e-01
    outer loop
      vertex   4.457500e+01 1.340000e+01 1.311618e+01
      vertex   4.452322e+01 1.340000e+01 1.307645e+01
      vertex   4.452322e+01 1.463333e+01 1.307645e+01
    endloop
  endfacet
  facet normal 7.933533e-01 0.000000e+00 -6.087614e-01
    outer loop
      vertex   4.452322e+01 1.463333e+01 1.307645e+01
      vertex   4.452322e+01 1.340000e+01 1.307645e+01
      vertex   4.448349e+01 1.463333e+01 1.302467e+01
    endloop
  endfacet
  facet normal 7.933533e-01 -1.044280e-18 -6.087614e-01
    outer loop
      vertex   4.452322e+01 1.463333e+01 1.307645e+01
      vertex   4.448349e+01 1.463333e+01 1.302467e+01
      vertex   4.448349e+01 1.586667e+01 1.302467e+01
    endloop
  endfacet
  facet normal 9.238795e-01 0.000000e+00 -3.826834e-01
    outer loop
      vertex   4.448349e+01 1.586667e+01 1.302467e+01
      vertex   4.448349e+01 1.463333e+01 1.302467e+01
      vertex   4.445852e+01 1.586667e+01 1.296438e+01
    endloop
  endfacet
  facet normal 9.238795e-01 -8.543116e-19 -3.826834e-01
    outer loop
      vertex   4.448349e+01 1.586667e+01 1.302467e+01
      vertex   4.445852e+01 1.586667e+01 1.296438e+01
      vertex   4.445852e+01 1.710000e+01 1.296438e+01
    endloop
  endfacet
  facet normal 9.914449e-01 0.000000e+00 -1.305262e-01
    outer loop
      vertex   4.445852e+01 1.710000e+01 1.296438e+01
      vertex   4.445852e+01 1.586667e+01 1.296438e+01
      vertex   4.445000e+01 1.340000e+01 1.289967e+01
    endloop
  endfacet
  facet normal 9.914449e-01 -3.122503e-17 -1.305262e-01
    outer loop
      vertex   4.445852e+01 1.710000e+01 1.296438e+01
      vertex   4.445000e+01 1.340000e+01 1.289967e+01
      vertex   4.445000e+01 2.080000e+01 1.289967e+01
    endloop
  endfacet
  facet normal 7.933533e-01 -1.044280e-18 -6.087614e-01
    outer loop
      vertex   4.452322e+01 1.340000e+01 1.307645e+01
      vertex   4.448349e+01 1.340000e+01 1.302467e+01
      vertex   4.448349e+01 1.463333e+01 1.302467e+01
    endloop
  endfacet
  facet normal 9.238795e-01 0.000000e+00 -3.826834e-01
    outer loop
      vertex   4.448349e+01 1.463333e+01 1.302467e+01
      vertex   4.448349e+01 1.340000e+01 1.302467e+01
      vertex   4.445852e+01 1.463333e+01 1.296438e+01
    endloop
  endfacet
  facet normal 9.238795e-01 -8.543116e-19 -3.826834e-01
    outer loop
      vertex   4.448349e+01 1.463333e+01 1.302467e+01
      vertex   4.445852e+01 1.463333e+01 1.296438e+01
      vertex   4.445852e+01 1.586667e+01 1.296438e+01
    endloop
  endfacet
  facet normal 9.914449e-01 0.000000e+00 -1.305262e-01
    outer loop
      vertex   4.445852e+01 1.586667e+01 1.296438e+01
      vertex   4.445852e+01 1.463333e+01 1.296438e+01
      vertex   4.445000e+01 1.340000e+01 1.289967e+01
    endloop
  endfacet
  facet normal 9.238795e-01 5.873598e-15 -3.826834e-01
    outer loop
      vertex   4.448349e+01 1.340000e+01 1.302467e+01
      vertex   4.445852e+01 1.340000e+01 1.296438e+01
      vertex   4.445852e+01 1.463333e+01 1.296438e+01
    endloop
  endfacet
  facet normal 9.914449e-01 5.899866e-15 -1.305262e-01
    outer loop
      vertex   4.445852e+01 1.463333e+01 1.296438e+01
      vertex   4.445852e+01 1.340000e+01 1.296438e+01
      vertex   4.445000e+01 1.340000e+01 1.289967e+01
    endloop
  endfacet
  facet normal 9.238795e-01 0.000000e+00 -3.826834e-01
    outer loop
      vertex   4.445852e+01 1.833333e+01 1.296438e+01
      vertex   4.445852e+01 1.956667e+01 1.296438e+01
      vertex   4.448349e+01 1.833333e+01 1.302467e+01
    endloop
  endfacet
  facet normal 9.238795e-01 0.000000e+00 -3.826834e-01
    outer loop
      vertex   4.448349e+01 1.833333e+01 1.302467e+01
      vertex   4.445852e+01 1.956667e+01 1.296438e+01
      vertex   4.448349e+01 1.956667e+01 1.302467e+01
    endloop
  endfacet
  facet normal 7.933533e-01 0.000000e+00 -6.087614e-01
    outer loop
      vertex   4.448349e+01 1.833333e+01 1.302467e+01
      vertex   4.448349e+01 1.956667e+01 1.302467e+01
      vertex   4.452322e+01 1.833333e+01 1.307645e+01
    endloop
  endfacet
  facet normal 9.238795e-01 -5.499057e-16 -3.826834e-01
    outer loop
      vertex   4.445852e+01 1.833333e+01 1.296438e+01
      vertex   4.448349e+01 1.833333e+01 1.302467e+01
      vertex   4.448349e+01 1.710000e+01 1.302467e+01
    endloop
  endfacet
  facet normal 7.933533e-01 -8.767924e-16 -6.087614e-01
    outer loop
      vertex   4.448349e+01 1.710000e+01 1.302467e+01
      vertex   4.448349e+01 1.833333e+01 1.302467e+01
      vertex   4.452322e+01 1.710000e+01 1.307645e+01
    endloop
  endfacet
  facet normal 7.933533e-01 -1.044280e-18 -6.087614e-01
    outer loop
      vertex   4.448349e+01 1.710000e+01 1.302467e+01
      vertex   4.452322e+01 1.710000e+01 1.307645e+01
      vertex   4.452322e+01 1.586667e+01 1.307645e+01
    endloop
  endfacet
  facet normal 6.087614e-01 0.000000e+00 -7.933533e-01
    outer loop
      vertex   4.452322e+01 1.586667e+01 1.307645e+01
      vertex   4.452322e+01 1.710000e+01 1.307645e+01
      vertex   4.457500e+01 1.586667e+01 1.311618e+01
    endloop
  endfacet
  facet normal 6.087614e-01 -2.527860e-18 -7.933533e-01
    outer loop
      vertex   4.452322e+01 1.586667e+01 1.307645e+01
      vertex   4.457500e+01 1.586667e+01 1.311618e+01
      vertex   4.457500e+01 1.463333e+01 1.311618e+01
    endloop
  endfacet
  facet normal 3.826834e-01 0.000000e+00 -9.238795e-01
    outer loop
      vertex   4.457500e+01 1.463333e+01 1.311618e+01
      vertex   4.457500e+01 1.586667e+01 1.311618e+01
      vertex   4.463530e+01 1.463333e+01 1.314115e+01
    endloop
  endfacet
  facet normal 7.933533e-01 -8.767924e-16 -6.087614e-01
    outer loop
      vertex   4.452322e+01 1.710000e+01 1.307645e+01
      vertex   4.448349e+01 1.833333e+01 1.302467e+01
      vertex   4.452322e+01 1.833333e+01 1.307645e+01
    endloop
  endfacet
  facet normal 6.087614e-01 0.000000e+00 -7.933533e-01
    outer loop
      vertex   4.457500e+01 1.586667e+01 1.311618e+01
      vertex   4.452322e+01 1.710000e+01 1.307645e+01
      vertex   4.457500e+01 1.710000e+01 1.311618e+01
    endloop
  endfacet
  facet normal 6.087614e-01 -1.144769e-15 -7.933533e-01
    outer loop
      vertex   4.457500e+01 1.710000e+01 1.311618e+01
      vertex   4.452322e+01 1.710000e+01 1.307645e+01
      vertex   4.452322e+01 1.833333e+01 1.307645e+01
    endloop
  endfacet
  facet normal 3.826834e-01 0.000000e+00 -9.238795e-01
    outer loop
      vertex   4.463530e+01 1.463333e+01 1.314115e+01
      vertex   4.457500e+01 1.586667e+01 1.311618e+01
      vertex   4.463530e+01 1.586667e+01 1.314115e+01
    endloop
  endfacet
  facet normal 3.826834e-01 8.638892e-19 -9.238795e-01
    outer loop
      vertex   4.463530e+01 1.586667e+01 1.314115e+01
      vertex   4.457500e+01 1.586667e+01 1.311618e+01
      vertex   4.457500e+01 1.710000e+01 1.311618e+01
    endloop
  endfacet
  facet normal 0.000000e+00 -2.400482e-16 -1.000000e+00
    outer loop
      vertex   4.470000e+01 1.340000e+01 1.314967e+01
      vertex   4.470000e+01 2.080000e+01 1.314967e+01
      vertex   4.545000e+01 1.340000e+01 1.314967e+01
    endloop
  endfacet
  facet normal 0.000000e+00 -2.400482e-16 -1.000000e+00
    outer loop
      vertex   4.545000e+01 1.340000e+01 1.314967e+01
      vertex   4.470000e+01 2.080000e+01 1.314967e+01
      vertex   4.545000e+01 2.080000e+01 1.314967e+01
    endloop
  endfacet
  facet normal -1.305262e-01 0.000000e+00 9.914449e-01
    outer loop
      vertex   1.364705e+00 1.340000e+01 9.658519e+00
      vertex   1.364705e+00 1.463333e+01 9.658519e+00
      vertex   1.300000e+00 1.340000e+01 9.650000e+00
    endloop
  endfacet
  facet normal -1.305262e-01 -2.836458e-19 9.914449e-01
    outer loop
      vertex   1.300000e+00 1.340000e+01 9.650000e+00
      vertex   1.364705e+00 1.463333e+01 9.658519e+00
      vertex   1.364705e+00 1.586667e+01 9.658519e+00
    endloop
  endfacet
  facet normal -1.305262e-01 -2.836458e-19 9.914449e-01
    outer loop
      vertex   1.300000e+00 1.340000e+01 9.650000e+00
      vertex   1.364705e+00 1.586667e+01 9.658519e+00
      vertex   1.364705e+00 1.710000e+01 9.658519e+00
    endloop
  endfacet
  facet normal -3.826834e-01 0.000000e+00 9.238795e-01
    outer loop
      vertex   1.364705e+00 1.710000e+01 9.658519e+00
      vertex   1.364705e+00 1.586667e+01 9.658519e+00
      vertex   1.425000e+00 1.710000e+01 9.683494e+00
    endloop
  endfacet
  facet normal -3.826834e-01 -7.014186e-19 9.238795e-01
    outer loop
      vertex   1.364705e+00 1.710000e+01 9.658519e+00
      vertex   1.425000e+00 1.710000e+01 9.683494e+00
      vertex   1.425000e+00 1.833333e+01 9.683494e+00
    endloop
  endfacet
  facet normal -6.087614e-01 0.000000e+00 7.933533e-01
    outer loop
      vertex   1.425000e+00 1.833333e+01 9.683494e+00
      vertex   1.425000e+00 1.710000e+01 9.683494e+00
      vertex   1.476777e+00 1.833333e+01 9.723223e+00
    endloop
  endfacet
  facet normal -6.087614e-01 9.295070e-19 7.933533e-01
    outer loop
      vertex   1.425000e+00 1.833333e+01 9.683494e+00
      vertex   1.476777e+00 1.833333e+01 9.723223e+00
      vertex   1.476777e+00 1.956667e+01 9.723223e+00
    endloop
  endfacet
  facet normal -7.933533e-01 0.000000e+00 6.087614e-01
    outer loop
      vertex   1.476777e+00 1.956667e+01 9.723223e+00
      vertex   1.476777e+00 1.833333e+01 9.723223e+00
      vertex   1.516506e+00 1.956667e+01 9.775000e+00
    endloop
  endfacet
  facet normal -7.933533e-01 1.429158e-16 6.087614e-01
    outer loop
      vertex   1.476777e+00 1.956667e+01 9.723223e+00
      vertex   1.516506e+00 1.956667e+01 9.775000e+00
      vertex   1.516506e+00 2.080000e+01 9.775000e+00
    endloop
  endfacet
  facet normal -9.238795e-01 1.663317e-16 3.826834e-01
    outer loop
      vertex   1.516506e+00 2.080000e+01 9.775000e+00
      vertex   1.516506e+00 1.956667e+01 9.775000e+00
      vertex   1.541481e+00 2.080000e+01 9.835295e+00
    endloop
  endfacet
  facet normal -9.238795e-01 3.326635e-16 3.826834e-01
    outer loop
      vertex   1.541481e+00 2.080000e+01 9.835295e+00
      vertex   1.516506e+00 1.956667e+01 9.775000e+00
      vertex   1.541481e+00 1.956667e+01 9.835295e+00
    endloop
  endfacet
  facet normal -9.914449e-01 3.569919e-16 1.305262e-01
    outer loop
      vertex   1.541481e+00 2.080000e+01 9.835295e+00
      vertex   1.541481e+00 1.956667e+01 9.835295e+00
      vertex   1.550000e+00 2.080000e+01 9.900000e+00
    endloop
  endfacet
  facet normal -9.914449e-01 3.799032e-19 1.305262e-01
    outer loop
      vertex   1.550000e+00 2.080000e+01 9.900000e+00
      vertex   1.541481e+00 1.956667e+01 9.835295e+00
      vertex   1.541481e+00 1.833333e+01 9.835295e+00
    endloop
  endfacet
  facet normal -9.914449e-01 3.799032e-19 1.305262e-01
    outer loop
      vertex   1.550000e+00 2.080000e+01 9.900000e+00
      vertex   1.541481e+00 1.833333e+01 9.835295e+00
      vertex   1.541481e+00 1.710000e+01 9.835295e+00
    endloop
  endfacet
  facet normal -9.238795e-01 0.000000e+00 3.826834e-01
    outer loop
      vertex   1.541481e+00 1.710000e+01 9.835295e+00
      vertex   1.541481e+00 1.833333e+01 9.835295e+00
      vertex   1.516506e+00 1.710000e+01 9.775000e+00
    endloop
  endfacet
  facet normal -9.238795e-01 -1.311504e-18 3.826834e-01
    outer loop
      vertex   1.541481e+00 1.710000e+01 9.835295e+00
      vertex   1.516506e+00 1.710000e+01 9.775000e+00
      vertex   1.516506e+00 1.586667e+01 9.775000e+00
    endloop
  endfacet
  facet normal -7.933533e-01 0.000000e+00 6.087614e-01
    outer loop
      vertex   1.516506e+00 1.586667e+01 9.775000e+00
      vertex   1.516506e+00 1.710000e+01 9.775000e+00
      vertex   1.476777e+00 1.586667e+01 9.723223e+00
    endloop
  endfacet
  facet normal -7.933533e-01 8.353557e-20 6.087614e-01
    outer loop
      vertex   1.516506e+00 1.586667e+01 9.775000e+00
      vertex   1.476777e+00 1.586667e+01 9.723223e+00
      vertex   1.476777e+00 1.463333e+01 9.723223e+00
    endloop
  endfacet
  facet normal -6.087614e-01 0.000000e+00 7.933533e-01
    outer loop
      vertex   1.476777e+00 1.463333e+01 9.723223e+00
      vertex   1.476777e+00 1.586667e+01 9.723223e+00
      vertex   1.425000e+00 1.463333e+01 9.683494e+00
    endloop
  endfacet
  facet normal -6.087614e-01 -1.086696e-16 7.933533e-01
    outer loop
      vertex   1.476777e+00 1.463333e+01 9.723223e+00
      vertex   1.425000e+00 1.463333e+01 9.683494e+00
      vertex   1.425000e+00 1.340000e+01 9.683494e+00
    endloop
  endfacet
  facet normal -3.826834e-01 -6.889686e-17 9.238795e-01
    outer loop
      vertex   1.425000e+00 1.340000e+01 9.683494e+00
      vertex   1.425000e+00 1.463333e+01 9.683494e+00
      vertex   1.364705e+00 1.340000e+01 9.658519e+00
    endloop
  endfacet
  facet normal -3.826834e-01 0.000000e+00 9.238795e-01
    outer loop
      vertex   1.364705e+00 1.340000e+01 9.658519e+00
      vertex   1.425000e+00 1.463333e+01 9.683494e+00
      vertex   1.364705e+00 1.463333e+01 9.658519e+00
    endloop
  endfacet
  facet normal -6.087614e-01 1.122357e-16 7.933533e-01
    outer loop
      vertex   1.425000e+00 1.340000e+01 9.683494e+00
      vertex   1.476777e+00 1.340000e+01 9.723223e+00
      vertex   1.476777e+00 1.463333e+01 9.723223e+00
    endloop
  endfacet
  facet normal -7.933533e-01 1.428323e-16 6.087614e-01
    outer loop
      vertex   1.476777e+00 1.463333e+01 9.723223e+00
      vertex   1.476777e+00 1.340000e+01 9.723223e+00
      vertex   1.516506e+00 1.463333e+01 9.775000e+00
    endloop
  endfacet
  facet normal -7.933533e-01 8.353557e-20 6.087614e-01
    outer loop
      vertex   1.476777e+00 1.463333e+01 9.723223e+00
      vertex   1.516506e+00 1.463333e+01 9.775000e+00
      vertex   1.516506e+00 1.586667e+01 9.775000e+00
    endloop
  endfacet
  facet normal -9.238795e-01 0.000000e+00 3.826834e-01
    outer loop
      vertex   1.516506e+00 1.586667e+01 9.775000e+00
      vertex   1.516506e+00 1.463333e+01 9.775000e+00
      vertex   1.541481e+00 1.586667e+01 9.835295e+00
    endloop
  endfacet
  facet normal -9.238795e-01 -1.311504e-18 3.826834e-01
    outer loop
      vertex   1.516506e+00 1.586667e+01 9.775000e+00
      vertex   1.541481e+00 1.586667e+01 9.835295e+00
      vertex   1.541481e+00 1.710000e+01 9.835295e+00
    endloop
  endfacet
  facet normal -9.914449e-01 0.000000e+00 1.305262e-01
    outer loop
      vertex   1.541481e+00 1.710000e+01 9.835295e+00
      vertex   1.541481e+00 1.586667e+01 9.835295e+00
      vertex   1.550000e+00 1.340000e+01 9.900000e+00
    endloop
  endfacet
  facet normal -9.914449e-01 6.331721e-20 1.305262e-01
    outer loop
      vertex   1.541481e+00 1.710000e+01 9.835295e+00
      vertex   1.550000e+00 1.340000e+01 9.900000e+00
      vertex   1.550000e+00 2.080000e+01 9.900000e+00
    endloop
  endfacet
  facet normal -7.933533e-01 -1.426446e-16 6.087614e-01
    outer loop
      vertex   1.476777e+00 1.340000e+01 9.723223e+00
      vertex   1.516506e+00 1.340000e+01 9.775000e+00
      vertex   1.516506e+00 1.463333e+01 9.775000e+00
    endloop
  endfacet
  facet normal -9.238795e-01 -1.663317e-16 3.826834e-01
    outer loop
      vertex   1.516506e+00 1.463333e+01 9.775000e+00
      vertex   1.516506e+00 1.340000e+01 9.775000e+00
      vertex   1.541481e+00 1.463333e+01 9.835295e+00
    endloop
  endfacet
  facet normal -9.238795e-01 -1.311504e-18 3.826834e-01
    outer loop
      vertex   1.516506e+00 1.463333e+01 9.775000e+00
      vertex   1.541481e+00 1.463333e+01 9.835295e+00
      vertex   1.541481e+00 1.586667e+01 9.835295e+00
    endloop
  endfacet
  facet normal -9.914449e-01 0.000000e+00 1.305262e-01
    outer loop
      vertex   1.541481e+00 1.586667e+01 9.835295e+00
      vertex   1.541481e+00 1.463333e+01 9.835295e+00
      vertex   1.550000e+00 1.340000e+01 9.900000e+00
    endloop
  endfacet
  facet normal -9.238795e-01 -3.319752e-16 3.826834e-01
    outer loop
      vertex   1.516506e+00 1.340000e+01 9.775000e+00
      vertex   1.541481e+00 1.340000e+01 9.835295e+00
      vertex   1.541481e+00 1.463333e+01 9.835295e+00
    endloop
  endfacet
  facet normal -9.914449e-01 -3.569919e-16 1.305262e-01
    outer loop
      vertex   1.541481e+00 1.463333e+01 9.835295e+00
      vertex   1.541481e+00 1.340000e+01 9.835295e+00
      vertex   1.550000e+00 1.340000e+01 9.900000e+00
    endloop
  endfacet
  facet normal -7.933533e-01 -1.426446e-16 6.087614e-01
    outer loop
      vertex   1.516506e+00 2.080000e+01 9.775000e+00
      vertex   1.476777e+00 2.080000e+01 9.723223e+00
      vertex   1.476777e+00 1.956667e+01 9.723223e+00
    endloop
  endfacet
  facet normal -6.087614e-01 -1.095991e-16 7.933533e-01
    outer loop
      vertex   1.476777e+00 1.956667e+01 9.723223e+00
      vertex   1.476777e+00 2.080000e+01 9.723223e+00
      vertex   1.425000e+00 1.956667e+01 9.683494e+00
    endloop
  endfacet
  facet normal -6.087614e-01 9.295070e-19 7.933533e-01
    outer loop
      vertex   1.476777e+00 1.956667e+01 9.723223e+00
      vertex   1.425000e+00 1.956667e+01 9.683494e+00
      vertex   1.425000e+00 1.833333e+01 9.683494e+00
    endloop
  endfacet
  facet normal -3.826834e-01 0.000000e+00 9.238795e-01
    outer loop
      vertex   1.425000e+00 1.833333e+01 9.683494e+00
      vertex   1.425000e+00 1.956667e+01 9.683494e+00
      vertex   1.364705e+00 1.833333e+01 9.658519e+00
    endloop
  endfacet
  facet normal -3.826834e-01 -7.014186e-19 9.238795e-01
    outer loop
      vertex   1.425000e+00 1.833333e+01 9.683494e+00
      vertex   1.364705e+00 1.833333e+01 9.658519e+00
      vertex   1.364705e+00 1.710000e+01 9.658519e+00
    endloop
  endfacet
  facet normal -1.305262e-01 0.000000e+00 9.914449e-01
    outer loop
      vertex   1.364705e+00 1.710000e+01 9.658519e+00
      vertex   1.364705e+00 1.833333e+01 9.658519e+00
      vertex   1.300000e+00 2.080000e+01 9.650000e+00
    endloop
  endfacet
  facet normal -1.305262e-01 -4.727430e-20 9.914449e-01
    outer loop
      vertex   1.364705e+00 1.710000e+01 9.658519e+00
      vertex   1.300000e+00 2.080000e+01 9.650000e+00
      vertex   1.300000e+00 1.340000e+01 9.650000e+00
    endloop
  endfacet
  facet normal -6.087614e-01 1.122357e-16 7.933533e-01
    outer loop
      vertex   1.476777e+00 2.080000e+01 9.723223e+00
      vertex   1.425000e+00 2.080000e+01 9.683494e+00
      vertex   1.425000e+00 1.956667e+01 9.683494e+00
    endloop
  endfacet
  facet normal -3.826834e-01 6.889686e-17 9.238795e-01
    outer loop
      vertex   1.425000e+00 1.956667e+01 9.683494e+00
      vertex   1.425000e+00 2.080000e+01 9.683494e+00
      vertex   1.364705e+00 1.956667e+01 9.658519e+00
    endloop
  endfacet
  facet normal -3.826834e-01 -7.014186e-19 9.238795e-01
    outer loop
      vertex   1.425000e+00 1.956667e+01 9.683494e+00
      vertex   1.364705e+00 1.956667e+01 9.658519e+00
      vertex   1.364705e+00 1.833333e+01 9.658519e+00
    endloop
  endfacet
  facet normal -1.305262e-01 0.000000e+00 9.914449e-01
    outer loop
      vertex   1.364705e+00 1.833333e+01 9.658519e+00
      vertex   1.364705e+00 1.956667e+01 9.658519e+00
      vertex   1.300000e+00 2.080000e+01 9.650000e+00
    endloop
  endfacet
  facet normal -3.826834e-01 8.462869e-19 9.238795e-01
    outer loop
      vertex   1.425000e+00 2.080000e+01 9.683494e+00
      vertex   1.364705e+00 2.080000e+01 9.658519e+00
      vertex   1.364705e+00 1.956667e+01 9.658519e+00
    endloop
  endfacet
  facet normal -1.305262e-01 0.000000e+00 9.914449e-01
    outer loop
      vertex   1.364705e+00 1.956667e+01 9.658519e+00
      vertex   1.364705e+00 2.080000e+01 9.658519e+00
      vertex   1.300000e+00 2.080000e+01 9.650000e+00
    endloop
  endfacet
  facet normal -3.826834e-01 0.000000e+00 9.238795e-01
    outer loop
      vertex   1.364705e+00 1.586667e+01 9.658519e+00
      vertex   1.364705e+00 1.463333e+01 9.658519e+00
      vertex   1.425000e+00 1.586667e+01 9.683494e+00
    endloop
  endfacet
  facet normal -3.826834e-01 0.000000e+00 9.238795e-01
    outer loop
      vertex   1.425000e+00 1.586667e+01 9.683494e+00
      vertex   1.364705e+00 1.463333e+01 9.658519e+00
      vertex   1.425000e+00 1.463333e+01 9.683494e+00
    endloop
  endfacet
  facet normal -6.087614e-01 0.000000e+00 7.933533e-01
    outer loop
      vertex   1.425000e+00 1.586667e+01 9.683494e+00
      vertex   1.425000e+00 1.463333e+01 9.683494e+00
      vertex   1.476777e+00 1.586667e+01 9.723223e+00
    endloop
  endfacet
  facet normal -3.826834e-01 -7.014186e-19 9.238795e-01
    outer loop
      vertex   1.364705e+00 1.586667e+01 9.658519e+00
      vertex   1.425000e+00 1.586667e+01 9.683494e+00
      vertex   1.425000e+00 1.710000e+01 9.683494e+00
    endloop
  endfacet
  facet normal -6.087614e-01 0.000000e+00 7.933533e-01
    outer loop
      vertex   1.425000e+00 1.710000e+01 9.683494e+00
      vertex   1.425000e+00 1.586667e+01 9.683494e+00
      vertex   1.476777e+00 1.710000e+01 9.723223e+00
    endloop
  endfacet
  facet normal -6.087614e-01 9.295070e-19 7.933533e-01
    outer loop
      vertex   1.425000e+00 1.710000e+01 9.683494e+00
      vertex   1.476777e+00 1.710000e+01 9.723223e+00
      vertex   1.476777e+00 1.833333e+01 9.723223e+00
    endloop
  endfacet
  facet normal -7.933533e-01 0.000000e+00 6.087614e-01
    outer loop
      vertex   1.476777e+00 1.833333e+01 9.723223e+00
      vertex   1.476777e+00 1.710000e+01 9.723223e+00
      vertex   1.516506e+00 1.833333e+01 9.775000e+00
    endloop
  endfacet
  facet normal -7.933533e-01 8.353557e-20 6.087614e-01
    outer loop
      vertex   1.476777e+00 1.833333e+01 9.723223e+00
      vertex   1.516506e+00 1.833333e+01 9.775000e+00
      vertex   1.516506e+00 1.956667e+01 9.775000e+00
    endloop
  endfacet
  facet normal -9.238795e-01 0.000000e+00 3.826834e-01
    outer loop
      vertex   1.516506e+00 1.956667e+01 9.775000e+00
      vertex   1.516506e+00 1.833333e+01 9.775000e+00
      vertex   1.541481e+00 1.956667e+01 9.835295e+00
    endloop
  endfacet
  facet normal -6.087614e-01 0.000000e+00 7.933533e-01
    outer loop
      vertex   1.476777e+00 1.710000e+01 9.723223e+00
      vertex   1.425000e+00 1.586667e+01 9.683494e+00
      vertex   1.476777e+00 1.586667e+01 9.723223e+00
    endloop
  endfacet
  facet normal -7.933533e-01 0.000000e+00 6.087614e-01
    outer loop
      vertex   1.516506e+00 1.833333e+01 9.775000e+00
      vertex   1.476777e+00 1.710000e+01 9.723223e+00
      vertex   1.516506e+00 1.710000e+01 9.775000e+00
    endloop
  endfacet
  facet normal -7.933533e-01 8.353557e-20 6.087614e-01
    outer loop
      vertex   1.516506e+00 1.710000e+01 9.775000e+00
      vertex   1.476777e+00 1.710000e+01 9.723223e+00
      vertex   1.476777e+00 1.586667e+01 9.723223e+00
    endloop
  endfacet
  facet normal -9.238795e-01 0.000000e+00 3.826834e-01
    outer loop
      vertex   1.541481e+00 1.956667e+01 9.835295e+00
      vertex   1.516506e+00 1.833333e+01 9.775000e+00
      vertex   1.541481e+00 1.833333e+01 9.835295e+00
    endloop
  endfacet
  facet normal -9.238795e-01 -1.311504e-18 3.826834e-01
    outer loop
      vertex   1.541481e+00 1.833333e+01 9.835295e+00
      vertex   1.516506e+00 1.833333e+01 9.775000e+00
      vertex   1.516506e+00 1.710000e+01 9.775000e+00
    endloop
  endfacet
  facet normal -1.000000e+00 0.000000e+00 0.000000e+00
    outer loop
      vertex   1.550000e+00 1.340000e+01 1.290000e+01
      vertex   1.550000e+00 2.080000e+01 1.288657e+01
      vertex   1.550000e+00 1.340000e+01 9.900000e+00
    endloop
  endfacet
  facet normal -1.000000e+00 0.000000e+00 0.000000e+00
    outer loop
      vertex   1.550000e+00 1.340000e+01 9.900000e+00
      vertex   1.550000e+00 2.080000e+01 1.288657e+01
      vertex   1.550000e+00 2.080000e+01 9.900000e+00
    endloop
  endfacet
  facet normal -1.305262e-01 -1.451467e-15 9.914449e-01
    outer loop
      vertex   1.364705e+00 5.320000e+01 9.658519e+00
      vertex   1.364705e+00 5.443333e+01 9.658519e+00
      vertex   1.300000e+00 5.320000e+01 9.650000e+00
    endloop
  endfacet
  facet normal -1.305262e-01 4.626139e-19 9.914449e-01
    outer loop
      vertex   1.300000e+00 5.320000e+01 9.650000e+00
      vertex   1.364705e+00 5.443333e+01 9.658519e+00
      vertex   1.364705e+00 5.566667e+01 9.658519e+00
    endloop
  endfacet
  facet normal -1.305262e-01 4.626139e-19 9.914449e-01
    outer loop
      vertex   1.300000e+00 5.320000e+01 9.650000e+00
      vertex   1.364705e+00 5.566667e+01 9.658519e+00
      vertex   1.364705e+00 5.690000e+01 9.658519e+00
    endloop
  endfacet
  facet normal -3.826834e-01 0.000000e+00 9.238795e-01
    outer loop
      vertex   1.364705e+00 5.690000e+01 9.658519e+00
      vertex   1.364705e+00 5.566667e+01 9.658519e+00
      vertex   1.425000e+00 5.690000e+01 9.683494e+00
    endloop
  endfacet
  facet normal -3.826834e-01 1.247732e-18 9.238795e-01
    outer loop
      vertex   1.364705e+00 5.690000e+01 9.658519e+00
      vertex   1.425000e+00 5.690000e+01 9.683494e+00
      vertex   1.425000e+00 5.813333e+01 9.683494e+00
    endloop
  endfacet
  facet normal -6.087614e-01 0.000000e+00 7.933533e-01
    outer loop
      vertex   1.425000e+00 5.813333e+01 9.683494e+00
      vertex   1.425000e+00 5.690000e+01 9.683494e+00
      vertex   1.476777e+00 5.813333e+01 9.723223e+00
    endloop
  endfacet
  facet normal -6.087614e-01 2.636580e-18 7.933533e-01
    outer loop
      vertex   1.425000e+00 5.813333e+01 9.683494e+00
      vertex   1.476777e+00 5.813333e+01 9.723223e+00
      vertex   1.476777e+00 5.936667e+01 9.723223e+00
    endloop
  endfacet
  facet normal -7.933533e-01 0.000000e+00 6.087614e-01
    outer loop
      vertex   1.476777e+00 5.936667e+01 9.723223e+00
      vertex   1.476777e+00 5.813333e+01 9.723223e+00
      vertex   1.516506e+00 5.936667e+01 9.775000e+00
    endloop
  endfacet
  facet normal -7.933533e-01 1.402740e-16 6.087614e-01
    outer loop
      vertex   1.476777e+00 5.936667e+01 9.723223e+00
      vertex   1.516506e+00 5.936667e+01 9.775000e+00
      vertex   1.516506e+00 6.060000e+01 9.775000e+00
    endloop
  endfacet
  facet normal -9.238795e-01 1.663317e-16 3.826834e-01
    outer loop
      vertex   1.516506e+00 6.060000e+01 9.775000e+00
      vertex   1.516506e+00 5.936667e+01 9.775000e+00
      vertex   1.541481e+00 6.060000e+01 9.835295e+00
    endloop
  endfacet
  facet normal -9.238795e-01 0.000000e+00 3.826834e-01
    outer loop
      vertex   1.541481e+00 6.060000e+01 9.835295e+00
      vertex   1.516506e+00 5.936667e+01 9.775000e+00
      vertex   1.541481e+00 5.936667e+01 9.835295e+00
    endloop
  endfacet
  facet normal -9.914449e-01 0.000000e+00 1.305262e-01
    outer loop
      vertex   1.541481e+00 6.060000e+01 9.835295e+00
      vertex   1.541481e+00 5.936667e+01 9.835295e+00
      vertex   1.550000e+00 6.060000e+01 9.900000e+00
    endloop
  endfacet
  facet normal -9.914449e-01 -2.729106e-19 1.305262e-01
    outer loop
      vertex   1.550000e+00 6.060000e+01 9.900000e+00
      vertex   1.541481e+00 5.936667e+01 9.835295e+00
      vertex   1.541481e+00 5.813333e+01 9.835295e+00
    endloop
  endfacet
  facet normal -9.914449e-01 -2.729106e-19 1.305262e-01
    outer loop
      vertex   1.550000e+00 6.060000e+01 9.900000e+00
      vertex   1.541481e+00 5.813333e+01 9.835295e+00
      vertex   1.541481e+00 5.690000e+01 9.835295e+00
    endloop
  endfacet
  facet normal -9.238795e-01 0.000000e+00 3.826834e-01
    outer loop
      vertex   1.541481e+00 5.690000e+01 9.835295e+00
      vertex   1.541481e+00 5.813333e+01 9.835295e+00
      vertex   1.516506e+00 5.690000e+01 9.775000e+00
    endloop
  endfacet
  facet normal -9.238795e-01 -5.875859e-21 3.826834e-01
    outer loop
      vertex   1.541481e+00 5.690000e+01 9.835295e+00
      vertex   1.516506e+00 5.690000e+01 9.775000e+00
      vertex   1.516506e+00 5.566667e+01 9.775000e+00
    endloop
  endfacet
  facet normal -7.933533e-01 0.000000e+00 6.087614e-01
    outer loop
      vertex   1.516506e+00 5.566667e+01 9.775000e+00
      vertex   1.516506e+00 5.690000e+01 9.775000e+00
      vertex   1.476777e+00 5.566667e+01 9.723223e+00
    endloop
  endfacet
  facet normal -7.933533e-01 8.353557e-20 6.087614e-01
    outer loop
      vertex   1.516506e+00 5.566667e+01 9.775000e+00
      vertex   1.476777e+00 5.566667e+01 9.723223e+00
      vertex   1.476777e+00 5.443333e+01 9.723223e+00
    endloop
  endfacet
  facet normal -6.087614e-01 0.000000e+00 7.933533e-01
    outer loop
      vertex   1.476777e+00 5.443333e+01 9.723223e+00
      vertex   1.476777e+00 5.566667e+01 9.723223e+00
      vertex   1.425000e+00 5.443333e+01 9.683494e+00
    endloop
  endfacet
  facet normal -6.087614e-01 2.636580e-18 7.933533e-01
    outer loop
      vertex   1.476777e+00 5.443333e+01 9.723223e+00
      vertex   1.425000e+00 5.443333e+01 9.683494e+00
      vertex   1.425000e+00 5.320000e+01 9.683494e+00
    endloop
  endfacet
  facet normal -3.826834e-01 0.000000e+00 9.238795e-01
    outer loop
      vertex   1.425000e+00 5.320000e+01 9.683494e+00
      vertex   1.425000e+00 5.443333e+01 9.683494e+00
      vertex   1.364705e+00 5.320000e+01 9.658519e+00
    endloop
  endfacet
  facet normal -3.826834e-01 -1.399551e-15 9.238795e-01
    outer loop
      vertex   1.364705e+00 5.320000e+01 9.658519e+00
      vertex   1.425000e+00 5.443333e+01 9.683494e+00
      vertex   1.364705e+00 5.443333e+01 9.658519e+00
    endloop
  endfacet
  facet normal -6.087614e-01 2.636580e-18 7.933533e-01
    outer loop
      vertex   1.425000e+00 5.320000e+01 9.683494e+00
      vertex   1.476777e+00 5.320000e+01 9.723223e+00
      vertex   1.476777e+00 5.443333e+01 9.723223e+00
    endloop
  endfacet
  facet normal -7.933533e-01 0.000000e+00 6.087614e-01
    outer loop
      vertex   1.476777e+00 5.443333e+01 9.723223e+00
      vertex   1.476777e+00 5.320000e+01 9.723223e+00
      vertex   1.516506e+00 5.443333e+01 9.775000e+00
    endloop
  endfacet
  facet normal -7.933533e-01 8.353557e-20 6.087614e-01
    outer loop
      vertex   1.476777e+00 5.443333e+01 9.723223e+00
      vertex   1.516506e+00 5.443333e+01 9.775000e+00
      vertex   1.516506e+00 5.566667e+01 9.775000e+00
    endloop
  endfacet
  facet normal -9.238795e-01 0.000000e+00 3.826834e-01
    outer loop
      vertex   1.516506e+00 5.566667e+01 9.775000e+00
      vertex   1.516506e+00 5.443333e+01 9.775000e+00
      vertex   1.541481e+00 5.566667e+01 9.835295e+00
    endloop
  endfacet
  facet normal -9.238795e-01 -5.875859e-21 3.826834e-01
    outer loop
      vertex   1.516506e+00 5.566667e+01 9.775000e+00
      vertex   1.541481e+00 5.566667e+01 9.835295e+00
      vertex   1.541481e+00 5.690000e+01 9.835295e+00
    endloop
  endfacet
  facet normal -9.914449e-01 0.000000e+00 1.305262e-01
    outer loop
      vertex   1.541481e+00 5.690000e+01 9.835295e+00
      vertex   1.541481e+00 5.566667e+01 9.835295e+00
      vertex   1.550000e+00 5.320000e+01 9.900000e+00
    endloop
  endfacet
  facet normal -9.914449e-01 -4.548510e-20 1.305262e-01
    outer loop
      vertex   1.541481e+00 5.690000e+01 9.835295e+00
      vertex   1.550000e+00 5.320000e+01 9.900000e+00
      vertex   1.550000e+00 6.060000e+01 9.900000e+00
    endloop
  endfacet
  facet normal -7.933533e-01 -1.453906e-16 6.087614e-01
    outer loop
      vertex   1.476777e+00 5.320000e+01 9.723223e+00
      vertex   1.516506e+00 5.320000e+01 9.775000e+00
      vertex   1.516506e+00 5.443333e+01 9.775000e+00
    endloop
  endfacet
  facet normal -9.238795e-01 -1.663317e-16 3.826834e-01
    outer loop
      vertex   1.516506e+00 5.443333e+01 9.775000e+00
      vertex   1.516506e+00 5.320000e+01 9.775000e+00
      vertex   1.541481e+00 5.443333e+01 9.835295e+00
    endloop
  endfacet
  facet normal -9.238795e-01 -5.875859e-21 3.826834e-01
    outer loop
      vertex   1.516506e+00 5.443333e+01 9.775000e+00
      vertex   1.541481e+00 5.443333e+01 9.835295e+00
      vertex   1.541481e+00 5.566667e+01 9.835295e+00
    endloop
  endfacet
  facet normal -9.914449e-01 0.000000e+00 1.305262e-01
    outer loop
      vertex   1.541481e+00 5.566667e+01 9.835295e+00
      vertex   1.541481e+00 5.443333e+01 9.835295e+00
      vertex   1.550000e+00 5.320000e+01 9.900000e+00
    endloop
  endfacet
  facet normal -9.238795e-01 6.882933e-19 3.826834e-01
    outer loop
      vertex   1.516506e+00 5.320000e+01 9.775000e+00
      vertex   1.541481e+00 5.320000e+01 9.835295e+00
      vertex   1.541481e+00 5.443333e+01 9.835295e+00
    endloop
  endfacet
  facet normal -9.914449e-01 0.000000e+00 1.305262e-01
    outer loop
      vertex   1.541481e+00 5.443333e+01 9.835295e+00
      vertex   1.541481e+00 5.320000e+01 9.835295e+00
      vertex   1.550000e+00 5.320000e+01 9.900000e+00
    endloop
  endfacet
  facet normal -7.933533e-01 1.877165e-19 6.087614e-01
    outer loop
      vertex   1.516506e+00 6.060000e+01 9.775000e+00
      vertex   1.476777e+00 6.060000e+01 9.723223e+00
      vertex   1.476777e+00 5.936667e+01 9.723223e+00
    endloop
  endfacet
  facet normal -6.087614e-01 0.000000e+00 7.933533e-01
    outer loop
      vertex   1.476777e+00 5.936667e+01 9.723223e+00
      vertex   1.476777e+00 6.060000e+01 9.723223e+00
      vertex   1.425000e+00 5.936667e+01 9.683494e+00
    endloop
  endfacet
  facet normal -6.087614e-01 2.636580e-18 7.933533e-01
    outer loop
      vertex   1.476777e+00 5.936667e+01 9.723223e+00
      vertex   1.425000e+00 5.936667e+01 9.683494e+00
      vertex   1.425000e+00 5.813333e+01 9.683494e+00
    endloop
  endfacet
  facet normal -3.826834e-01 0.000000e+00 9.238795e-01
    outer loop
      vertex   1.425000e+00 5.813333e+01 9.683494e+00
      vertex   1.425000e+00 5.936667e+01 9.683494e+00
      vertex   1.364705e+00 5.813333e+01 9.658519e+00
    endloop
  endfacet
  facet normal -3.826834e-01 1.247732e-18 9.238795e-01
    outer loop
      vertex   1.425000e+00 5.813333e+01 9.683494e+00
      vertex   1.364705e+00 5.813333e+01 9.658519e+00
      vertex   1.364705e+00 5.690000e+01 9.658519e+00
    endloop
  endfacet
  facet normal -1.305262e-01 0.000000e+00 9.914449e-01
    outer loop
      vertex   1.364705e+00 5.690000e+01 9.658519e+00
      vertex   1.364705e+00 5.813333e+01 9.658519e+00
      vertex   1.300000e+00 6.060000e+01 9.650000e+00
    endloop
  endfacet
  facet normal -1.305262e-01 7.710231e-20 9.914449e-01
    outer loop
      vertex   1.364705e+00 5.690000e+01 9.658519e+00
      vertex   1.300000e+00 6.060000e+01 9.650000e+00
      vertex   1.300000e+00 5.320000e+01 9.650000e+00
    endloop
  endfacet
  facet normal -6.087614e-01 2.636580e-18 7.933533e-01
    outer loop
      vertex   1.476777e+00 6.060000e+01 9.723223e+00
      vertex   1.425000e+00 6.060000e+01 9.683494e+00
      vertex   1.425000e+00 5.936667e+01 9.683494e+00
    endloop
  endfacet
  facet normal -3.826834e-01 0.000000e+00 9.238795e-01
    outer loop
      vertex   1.425000e+00 5.936667e+01 9.683494e+00
      vertex   1.425000e+00 6.060000e+01 9.683494e+00
      vertex   1.364705e+00 5.936667e+01 9.658519e+00
    endloop
  endfacet
  facet normal -3.826834e-01 1.247732e-18 9.238795e-01
    outer loop
      vertex   1.425000e+00 5.936667e+01 9.683494e+00
      vertex   1.364705e+00 5.936667e+01 9.658519e+00
      vertex   1.364705e+00 5.813333e+01 9.658519e+00
    endloop
  endfacet
  facet normal -1.305262e-01 0.000000e+00 9.914449e-01
    outer loop
      vertex   1.364705e+00 5.813333e+01 9.658519e+00
      vertex   1.364705e+00 5.936667e+01 9.658519e+00
      vertex   1.300000e+00 6.060000e+01 9.650000e+00
    endloop
  endfacet
  facet normal -3.826834e-01 1.399251e-15 9.238795e-01
    outer loop
      vertex   1.425000e+00 6.060000e+01 9.683494e+00
      vertex   1.364705e+00 6.060000e+01 9.658519e+00
      vertex   1.364705e+00 5.936667e+01 9.658519e+00
    endloop
  endfacet
  facet normal -1.305262e-01 1.451467e-15 9.914449e-01
    outer loop
      vertex   1.364705e+00 5.936667e+01 9.658519e+00
      vertex   1.364705e+00 6.060000e+01 9.658519e+00
      vertex   1.300000e+00 6.060000e+01 9.650000e+00
    endloop
  endfacet
  facet normal -3.826834e-01 0.000000e+00 9.238795e-01
    outer loop
      vertex   1.364705e+00 5.566667e+01 9.658519e+00
      vertex   1.364705e+00 5.443333e+01 9.658519e+00
      vertex   1.425000e+00 5.566667e+01 9.683494e+00
    endloop
  endfacet
  facet normal -3.826834e-01 0.000000e+00 9.238795e-01
    outer loop
      vertex   1.425000e+00 5.566667e+01 9.683494e+00
      vertex   1.364705e+00 5.443333e+01 9.658519e+00
      vertex   1.425000e+00 5.443333e+01 9.683494e+00
    endloop
  endfacet
  facet normal -6.087614e-01 0.000000e+00 7.933533e-01
    outer loop
      vertex   1.425000e+00 5.566667e+01 9.683494e+00
      vertex   1.425000e+00 5.443333e+01 9.683494e+00
      vertex   1.476777e+00 5.566667e+01 9.723223e+00
    endloop
  endfacet
  facet normal -3.826834e-01 1.247732e-18 9.238795e-01
    outer loop
      vertex   1.364705e+00 5.566667e+01 9.658519e+00
      vertex   1.425000e+00 5.566667e+01 9.683494e+00
      vertex   1.425000e+00 5.690000e+01 9.683494e+00
    endloop
  endfacet
  facet normal -6.087614e-01 0.000000e+00 7.933533e-01
    outer loop
      vertex   1.425000e+00 5.690000e+01 9.683494e+00
      vertex   1.425000e+00 5.566667e+01 9.683494e+00
      vertex   1.476777e+00 5.690000e+01 9.723223e+00
    endloop
  endfacet
  facet normal -6.087614e-01 2.636580e-18 7.933533e-01
    outer loop
      vertex   1.425000e+00 5.690000e+01 9.683494e+00
      vertex   1.476777e+00 5.690000e+01 9.723223e+00
      vertex   1.476777e+00 5.813333e+01 9.723223e+00
    endloop
  endfacet
  facet normal -7.933533e-01 0.000000e+00 6.087614e-01
    outer loop
      vertex   1.476777e+00 5.813333e+01 9.723223e+00
      vertex   1.476777e+00 5.690000e+01 9.723223e+00
      vertex   1.516506e+00 5.813333e+01 9.775000e+00
    endloop
  endfacet
  facet normal -7.933533e-01 -2.558340e-18 6.087614e-01
    outer loop
      vertex   1.476777e+00 5.813333e+01 9.723223e+00
      vertex   1.516506e+00 5.813333e+01 9.775000e+00
      vertex   1.516506e+00 5.936667e+01 9.775000e+00
    endloop
  endfacet
  facet normal -9.238795e-01 0.000000e+00 3.826834e-01
    outer loop
      vertex   1.516506e+00 5.936667e+01 9.775000e+00
      vertex   1.516506e+00 5.813333e+01 9.775000e+00
      vertex   1.541481e+00 5.936667e+01 9.835295e+00
    endloop
  endfacet
  facet normal -6.087614e-01 0.000000e+00 7.933533e-01
    outer loop
      vertex   1.476777e+00 5.690000e+01 9.723223e+00
      vertex   1.425000e+00 5.566667e+01 9.683494e+00
      vertex   1.476777e+00 5.566667e+01 9.723223e+00
    endloop
  endfacet
  facet normal -7.933533e-01 1.428323e-16 6.087614e-01
    outer loop
      vertex   1.516506e+00 5.813333e+01 9.775000e+00
      vertex   1.476777e+00 5.690000e+01 9.723223e+00
      vertex   1.516506e+00 5.690000e+01 9.775000e+00
    endloop
  endfacet
  facet normal -7.933533e-01 8.353557e-20 6.087614e-01
    outer loop
      vertex   1.516506e+00 5.690000e+01 9.775000e+00
      vertex   1.476777e+00 5.690000e+01 9.723223e+00
      vertex   1.476777e+00 5.566667e+01 9.723223e+00
    endloop
  endfacet
  facet normal -9.238795e-01 0.000000e+00 3.826834e-01
    outer loop
      vertex   1.541481e+00 5.936667e+01 9.835295e+00
      vertex   1.516506e+00 5.813333e+01 9.775000e+00
      vertex   1.541481e+00 5.813333e+01 9.835295e+00
    endloop
  endfacet
  facet normal -9.238795e-01 1.670200e-16 3.826834e-01
    outer loop
      vertex   1.541481e+00 5.813333e+01 9.835295e+00
      vertex   1.516506e+00 5.813333e+01 9.775000e+00
      vertex   1.516506e+00 5.690000e+01 9.775000e+00
    endloop
  endfacet
  facet normal -1.000000e+00 0.000000e+00 0.000000e+00
    outer loop
      vertex   1.550000e+00 5.320000e+01 1.291000e+01
      vertex   1.550000e+00 6.060000e+01 1.290000e+01
      vertex   1.550000e+00 5.320000e+01 9.900000e+00
    endloop
  endfacet
  facet normal -1.000000e+00 0.000000e+00 0.000000e+00
    outer loop
      vertex   1.550000e+00 5.320000e+01 9.900000e+00
      vertex   1.550000e+00 6.060000e+01 1.290000e+01
      vertex   1.550000e+00 6.060000e+01 9.900000e+00
    endloop
  endfacet
  facet normal 1.305262e-01 -2.855935e-15 9.914449e-01
    outer loop
      vertex   4.463530e+01 6.060000e+01 9.658519e+00
      vertex   4.463530e+01 5.936667e+01 9.658519e+00
      vertex   4.470000e+01 6.060000e+01 9.650000e+00
    endloop
  endfacet
  facet normal 1.305262e-01 -3.485311e-19 9.914449e-01
    outer loop
      vertex   4.470000e+01 6.060000e+01 9.650000e+00
      vertex   4.463530e+01 5.936667e+01 9.658519e+00
      vertex   4.463530e+01 5.813333e+01 9.658519e+00
    endloop
  endfacet
  facet normal 1.305262e-01 -3.485311e-19 9.914449e-01
    outer loop
      vertex   4.470000e+01 6.060000e+01 9.650000e+00
      vertex   4.463530e+01 5.813333e+01 9.658519e+00
      vertex   4.463530e+01 5.690000e+01 9.658519e+00
    endloop
  endfacet
  facet normal 3.826834e-01 -0.000000e+00 9.238795e-01
    outer loop
      vertex   4.463530e+01 5.690000e+01 9.658519e+00
      vertex   4.463530e+01 5.813333e+01 9.658519e+00
      vertex   4.457500e+01 5.690000e+01 9.683494e+00
    endloop
  endfacet
  facet normal 3.826834e-01 -6.984681e-19 9.238795e-01
    outer loop
      vertex   4.463530e+01 5.690000e+01 9.658519e+00
      vertex   4.457500e+01 5.690000e+01 9.683494e+00
      vertex   4.457500e+01 5.566667e+01 9.683494e+00
    endloop
  endfacet
  facet normal 6.087614e-01 -0.000000e+00 7.933533e-01
    outer loop
      vertex   4.457500e+01 5.566667e+01 9.683494e+00
      vertex   4.457500e+01 5.690000e+01 9.683494e+00
      vertex   4.452322e+01 5.566667e+01 9.723223e+00
    endloop
  endfacet
  facet normal 6.087614e-01 2.527861e-18 7.933533e-01
    outer loop
      vertex   4.457500e+01 5.566667e+01 9.683494e+00
      vertex   4.452322e+01 5.566667e+01 9.723223e+00
      vertex   4.452322e+01 5.443333e+01 9.723223e+00
    endloop
  endfacet
  facet normal 7.933533e-01 -0.000000e+00 6.087614e-01
    outer loop
      vertex   4.452322e+01 5.443333e+01 9.723223e+00
      vertex   4.452322e+01 5.566667e+01 9.723223e+00
      vertex   4.448349e+01 5.443333e+01 9.775000e+00
    endloop
  endfacet
  facet normal 7.933533e-01 -3.960785e-19 6.087614e-01
    outer loop
      vertex   4.452322e+01 5.443333e+01 9.723223e+00
      vertex   4.448349e+01 5.443333e+01 9.775000e+00
      vertex   4.448349e+01 5.320000e+01 9.775000e+00
    endloop
  endfacet
  facet normal 9.238795e-01 -0.000000e+00 3.826834e-01
    outer loop
      vertex   4.448349e+01 5.320000e+01 9.775000e+00
      vertex   4.448349e+01 5.443333e+01 9.775000e+00
      vertex   4.445852e+01 5.320000e+01 9.835295e+00
    endloop
  endfacet
  facet normal 9.238795e-01 5.873790e-15 3.826834e-01
    outer loop
      vertex   4.445852e+01 5.320000e+01 9.835295e+00
      vertex   4.448349e+01 5.443333e+01 9.775000e+00
      vertex   4.445852e+01 5.443333e+01 9.835295e+00
    endloop
  endfacet
  facet normal 9.914449e-01 5.899865e-15 1.305262e-01
    outer loop
      vertex   4.445852e+01 5.320000e+01 9.835295e+00
      vertex   4.445852e+01 5.443333e+01 9.835295e+00
      vertex   4.445000e+01 5.320000e+01 9.900000e+00
    endloop
  endfacet
  facet normal 9.914449e-01 1.195313e-19 1.305262e-01
    outer loop
      vertex   4.445000e+01 5.320000e+01 9.900000e+00
      vertex   4.445852e+01 5.443333e+01 9.835295e+00
      vertex   4.445852e+01 5.566667e+01 9.835295e+00
    endloop
  endfacet
  facet normal 9.914449e-01 1.195313e-19 1.305262e-01
    outer loop
      vertex   4.445000e+01 5.320000e+01 9.900000e+00
      vertex   4.445852e+01 5.566667e+01 9.835295e+00
      vertex   4.445852e+01 5.690000e+01 9.835295e+00
    endloop
  endfacet
  facet normal 9.238795e-01 0.000000e+00 3.826834e-01
    outer loop
      vertex   4.445852e+01 5.690000e+01 9.835295e+00
      vertex   4.445852e+01 5.566667e+01 9.835295e+00
      vertex   4.448349e+01 5.690000e+01 9.775000e+00
    endloop
  endfacet
  facet normal 9.238795e-01 -7.514680e-19 3.826834e-01
    outer loop
      vertex   4.445852e+01 5.690000e+01 9.835295e+00
      vertex   4.448349e+01 5.690000e+01 9.775000e+00
      vertex   4.448349e+01 5.813333e+01 9.775000e+00
    endloop
  endfacet
  facet normal 7.933533e-01 0.000000e+00 6.087614e-01
    outer loop
      vertex   4.448349e+01 5.813333e+01 9.775000e+00
      vertex   4.448349e+01 5.690000e+01 9.775000e+00
      vertex   4.452322e+01 5.813333e+01 9.723223e+00
    endloop
  endfacet
  facet normal 7.933533e-01 -3.960785e-19 6.087614e-01
    outer loop
      vertex   4.448349e+01 5.813333e+01 9.775000e+00
      vertex   4.452322e+01 5.813333e+01 9.723223e+00
      vertex   4.452322e+01 5.936667e+01 9.723223e+00
    endloop
  endfacet
  facet normal 6.087614e-01 0.000000e+00 7.933533e-01
    outer loop
      vertex   4.452322e+01 5.936667e+01 9.723223e+00
      vertex   4.452322e+01 5.813333e+01 9.723223e+00
      vertex   4.457500e+01 5.936667e+01 9.683494e+00
    endloop
  endfacet
  facet normal 6.087614e-01 1.144769e-15 7.933533e-01
    outer loop
      vertex   4.452322e+01 5.936667e+01 9.723223e+00
      vertex   4.457500e+01 5.936667e+01 9.683494e+00
      vertex   4.457500e+01 6.060000e+01 9.683494e+00
    endloop
  endfacet
  facet normal 3.826834e-01 1.330654e-15 9.238795e-01
    outer loop
      vertex   4.457500e+01 6.060000e+01 9.683494e+00
      vertex   4.457500e+01 5.936667e+01 9.683494e+00
      vertex   4.463530e+01 6.060000e+01 9.658519e+00
    endloop
  endfacet
  facet normal 3.826834e-01 -2.661308e-15 9.238795e-01
    outer loop
      vertex   4.463530e+01 6.060000e+01 9.658519e+00
      vertex   4.457500e+01 5.936667e+01 9.683494e+00
      vertex   4.463530e+01 5.936667e+01 9.658519e+00
    endloop
  endfacet
  facet normal 6.087614e-01 2.111137e-18 7.933533e-01
    outer loop
      vertex   4.457500e+01 6.060000e+01 9.683494e+00
      vertex   4.452322e+01 6.060000e+01 9.723223e+00
      vertex   4.452322e+01 5.936667e+01 9.723223e+00
    endloop
  endfacet
  facet normal 7.933533e-01 -0.000000e+00 6.087614e-01
    outer loop
      vertex   4.452322e+01 5.936667e+01 9.723223e+00
      vertex   4.452322e+01 6.060000e+01 9.723223e+00
      vertex   4.448349e+01 5.936667e+01 9.775000e+00
    endloop
  endfacet
  facet normal 7.933533e-01 -3.960785e-19 6.087614e-01
    outer loop
      vertex   4.452322e+01 5.936667e+01 9.723223e+00
      vertex   4.448349e+01 5.936667e+01 9.775000e+00
      vertex   4.448349e+01 5.813333e+01 9.775000e+00
    endloop
  endfacet
  facet normal 9.238795e-01 -0.000000e+00 3.826834e-01
    outer loop
      vertex   4.448349e+01 5.813333e+01 9.775000e+00
      vertex   4.448349e+01 5.936667e+01 9.775000e+00
      vertex   4.445852e+01 5.813333e+01 9.835295e+00
    endloop
  endfacet
  facet normal 9.238795e-01 -7.514680e-19 3.826834e-01
    outer loop
      vertex   4.448349e+01 5.813333e+01 9.775000e+00
      vertex   4.445852e+01 5.813333e+01 9.835295e+00
      vertex   4.445852e+01 5.690000e+01 9.835295e+00
    endloop
  endfacet
  facet normal 9.914449e-01 -0.000000e+00 1.305262e-01
    outer loop
      vertex   4.445852e+01 5.690000e+01 9.835295e+00
      vertex   4.445852e+01 5.813333e+01 9.835295e+00
      vertex   4.445000e+01 6.060000e+01 9.900000e+00
    endloop
  endfacet
  facet normal 9.914449e-01 1.992188e-20 1.305262e-01
    outer loop
      vertex   4.445852e+01 5.690000e+01 9.835295e+00
      vertex   4.445000e+01 6.060000e+01 9.900000e+00
      vertex   4.445000e+01 5.320000e+01 9.900000e+00
    endloop
  endfacet
  facet normal 7.933533e-01 -3.960785e-19 6.087614e-01
    outer loop
      vertex   4.452322e+01 6.060000e+01 9.723223e+00
      vertex   4.448349e+01 6.060000e+01 9.775000e+00
      vertex   4.448349e+01 5.936667e+01 9.775000e+00
    endloop
  endfacet
  facet normal 9.238795e-01 -0.000000e+00 3.826834e-01
    outer loop
      vertex   4.448349e+01 5.936667e+01 9.775000e+00
      vertex   4.448349e+01 6.060000e+01 9.775000e+00
      vertex   4.445852e+01 5.936667e+01 9.835295e+00
    endloop
  endfacet
  facet normal 9.238795e-01 -7.514680e-19 3.826834e-01
    outer loop
      vertex   4.448349e+01 5.936667e+01 9.775000e+00
      vertex   4.445852e+01 5.936667e+01 9.835295e+00
      vertex   4.445852e+01 5.813333e+01 9.835295e+00
    endloop
  endfacet
  facet normal 9.914449e-01 -0.000000e+00 1.305262e-01
    outer loop
      vertex   4.445852e+01 5.813333e+01 9.835295e+00
      vertex   4.445852e+01 5.936667e+01 9.835295e+00
      vertex   4.445000e+01 6.060000e+01 9.900000e+00
    endloop
  endfacet
  facet normal 9.238795e-01 -5.872509e-15 3.826834e-01
    outer loop
      vertex   4.448349e+01 6.060000e+01 9.775000e+00
      vertex   4.445852e+01 6.060000e+01 9.835295e+00
      vertex   4.445852e+01 5.936667e+01 9.835295e+00
    endloop
  endfacet
  facet normal 9.914449e-01 -5.899865e-15 1.305262e-01
    outer loop
      vertex   4.445852e+01 5.936667e+01 9.835295e+00
      vertex   4.445852e+01 6.060000e+01 9.835295e+00
      vertex   4.445000e+01 6.060000e+01 9.900000e+00
    endloop
  endfacet
  facet normal 7.933533e-01 -3.960785e-19 6.087614e-01
    outer loop
      vertex   4.448349e+01 5.320000e+01 9.775000e+00
      vertex   4.452322e+01 5.320000e+01 9.723223e+00
      vertex   4.452322e+01 5.443333e+01 9.723223e+00
    endloop
  endfacet
  facet normal 6.087614e-01 0.000000e+00 7.933533e-01
    outer loop
      vertex   4.452322e+01 5.443333e+01 9.723223e+00
      vertex   4.452322e+01 5.320000e+01 9.723223e+00
      vertex   4.457500e+01 5.443333e+01 9.683494e+00
    endloop
  endfacet
  facet normal 6.087614e-01 2.527861e-18 7.933533e-01
    outer loop
      vertex   4.452322e+01 5.443333e+01 9.723223e+00
      vertex   4.457500e+01 5.443333e+01 9.683494e+00
      vertex   4.457500e+01 5.566667e+01 9.683494e+00
    endloop
  endfacet
  facet normal 3.826834e-01 0.000000e+00 9.238795e-01
    outer loop
      vertex   4.457500e+01 5.566667e+01 9.683494e+00
      vertex   4.457500e+01 5.443333e+01 9.683494e+00
      vertex   4.463530e+01 5.566667e+01 9.658519e+00
    endloop
  endfacet
  facet normal 3.826834e-01 -6.984681e-19 9.238795e-01
    outer loop
      vertex   4.457500e+01 5.566667e+01 9.683494e+00
      vertex   4.463530e+01 5.566667e+01 9.658519e+00
      vertex   4.463530e+01 5.690000e+01 9.658519e+00
    endloop
  endfacet
  facet normal 1.305262e-01 0.000000e+00 9.914449e-01
    outer loop
      vertex   4.463530e+01 5.690000e+01 9.658519e+00
      vertex   4.463530e+01 5.566667e+01 9.658519e+00
      vertex   4.470000e+01 5.320000e+01 9.650000e+00
    endloop
  endfacet
  facet normal 1.305262e-01 -5.808851e-20 9.914449e-01
    outer loop
      vertex   4.463530e+01 5.690000e+01 9.658519e+00
      vertex   4.470000e+01 5.320000e+01 9.650000e+00
      vertex   4.470000e+01 6.060000e+01 9.650000e+00
    endloop
  endfacet
  facet normal 6.087614e-01 -1.140130e-15 7.933533e-01
    outer loop
      vertex   4.452322e+01 5.320000e+01 9.723223e+00
      vertex   4.457500e+01 5.320000e+01 9.683494e+00
      vertex   4.457500e+01 5.443333e+01 9.683494e+00
    endloop
  endfacet
  facet normal 3.826834e-01 -1.330654e-15 9.238795e-01
    outer loop
      vertex   4.457500e+01 5.443333e+01 9.683494e+00
      vertex   4.457500e+01 5.320000e+01 9.683494e+00
      vertex   4.463530e+01 5.443333e+01 9.658519e+00
    endloop
  endfacet
  facet normal 3.826834e-01 -6.984681e-19 9.238795e-01
    outer loop
      vertex   4.457500e+01 5.443333e+01 9.683494e+00
      vertex   4.463530e+01 5.443333e+01 9.658519e+00
      vertex   4.463530e+01 5.566667e+01 9.658519e+00
    endloop
  endfacet
  facet normal 1.305262e-01 0.000000e+00 9.914449e-01
    outer loop
      vertex   4.463530e+01 5.566667e+01 9.658519e+00
      vertex   4.463530e+01 5.443333e+01 9.658519e+00
      vertex   4.470000e+01 5.320000e+01 9.650000e+00
    endloop
  endfacet
  facet normal 3.826834e-01 2.660444e-15 9.238795e-01
    outer loop
      vertex   4.457500e+01 5.320000e+01 9.683494e+00
      vertex   4.463530e+01 5.320000e+01 9.658519e+00
      vertex   4.463530e+01 5.443333e+01 9.658519e+00
    endloop
  endfacet
  facet normal 1.305262e-01 2.855935e-15 9.914449e-01
    outer loop
      vertex   4.463530e+01 5.443333e+01 9.658519e+00
      vertex   4.463530e+01 5.320000e+01 9.658519e+00
      vertex   4.470000e+01 5.320000e+01 9.650000e+00
    endloop
  endfacet
  facet normal 3.826834e-01 -0.000000e+00 9.238795e-01
    outer loop
      vertex   4.463530e+01 5.813333e+01 9.658519e+00
      vertex   4.463530e+01 5.936667e+01 9.658519e+00
      vertex   4.457500e+01 5.813333e+01 9.683494e+00
    endloop
  endfacet
  facet normal 3.826834e-01 -0.000000e+00 9.238795e-01
    outer loop
      vertex   4.457500e+01 5.813333e+01 9.683494e+00
      vertex   4.463530e+01 5.936667e+01 9.658519e+00
      vertex   4.457500e+01 5.936667e+01 9.683494e+00
    endloop
  endfacet
  facet normal 6.087614e-01 -0.000000e+00 7.933533e-01
    outer loop
      vertex   4.457500e+01 5.813333e+01 9.683494e+00
      vertex   4.457500e+01 5.936667e+01 9.683494e+00
      vertex   4.452322e+01 5.813333e+01 9.723223e+00
    endloop
  endfacet
  facet normal 3.826834e-01 -6.984681e-19 9.238795e-01
    outer loop
      vertex   4.463530e+01 5.813333e+01 9.658519e+00
      vertex   4.457500e+01 5.813333e+01 9.683494e+00
      vertex   4.457500e+01 5.690000e+01 9.683494e+00
    endloop
  endfacet
  facet normal 6.087614e-01 -0.000000e+00 7.933533e-01
    outer loop
      vertex   4.457500e+01 5.690000e+01 9.683494e+00
      vertex   4.457500e+01 5.813333e+01 9.683494e+00
      vertex   4.452322e+01 5.690000e+01 9.723223e+00
    endloop
  endfacet
  facet normal 6.087614e-01 2.527861e-18 7.933533e-01
    outer loop
      vertex   4.457500e+01 5.690000e+01 9.683494e+00
      vertex   4.452322e+01 5.690000e+01 9.723223e+00
      vertex   4.452322e+01 5.566667e+01 9.723223e+00
    endloop
  endfacet
  facet normal 7.933533e-01 -0.000000e+00 6.087614e-01
    outer loop
      vertex   4.452322e+01 5.566667e+01 9.723223e+00
      vertex   4.452322e+01 5.690000e+01 9.723223e+00
      vertex   4.448349e+01 5.566667e+01 9.775000e+00
    endloop
  endfacet
  facet normal 7.933533e-01 -3.960785e-19 6.087614e-01
    outer loop
      vertex   4.452322e+01 5.566667e+01 9.723223e+00
      vertex   4.448349e+01 5.566667e+01 9.775000e+00
      vertex   4.448349e+01 5.443333e+01 9.775000e+00
    endloop
  endfacet
  facet normal 9.238795e-01 -0.000000e+00 3.826834e-01
    outer loop
      vertex   4.448349e+01 5.443333e+01 9.775000e+00
      vertex   4.448349e+01 5.566667e+01 9.775000e+00
      vertex   4.445852e+01 5.443333e+01 9.835295e+00
    endloop
  endfacet
  facet normal 6.087614e-01 -0.000000e+00 7.933533e-01
    outer loop
      vertex   4.452322e+01 5.690000e+01 9.723223e+00
      vertex   4.457500e+01 5.813333e+01 9.683494e+00
      vertex   4.452322e+01 5.813333e+01 9.723223e+00
    endloop
  endfacet
  facet normal 7.933533e-01 -0.000000e+00 6.087614e-01
    outer loop
      vertex   4.448349e+01 5.566667e+01 9.775000e+00
      vertex   4.452322e+01 5.690000e+01 9.723223e+00
      vertex   4.448349e+01 5.690000e+01 9.775000e+00
    endloop
  endfacet
  facet normal 7.933533e-01 -3.960785e-19 6.087614e-01
    outer loop
      vertex   4.448349e+01 5.690000e+01 9.775000e+00
      vertex   4.452322e+01 5.690000e+01 9.723223e+00
      vertex   4.452322e+01 5.813333e+01 9.723223e+00
    endloop
  endfacet
  facet normal 9.238795e-01 -0.000000e+00 3.826834e-01
    outer loop
      vertex   4.445852e+01 5.443333e+01 9.835295e+00
      vertex   4.448349e+01 5.566667e+01 9.775000e+00
      vertex   4.445852e+01 5.566667e+01 9.835295e+00
    endloop
  endfacet
  facet normal 9.238795e-01 -7.514680e-19 3.826834e-01
    outer loop
      vertex   4.445852e+01 5.566667e+01 9.835295e+00
      vertex   4.448349e+01 5.566667e+01 9.775000e+00
      vertex   4.448349e+01 5.690000e+01 9.775000e+00
    endloop
  endfacet
  facet normal 1.000000e+00 0.000000e+00 0.000000e+00
    outer loop
      vertex   4.445000e+01 6.060000e+01 1.290000e+01
      vertex   4.445000e+01 5.320000e+01 1.290000e+01
      vertex   4.445000e+01 6.060000e+01 9.900000e+00
    endloop
  endfacet
  facet normal 1.000000e+00 0.000000e+00 0.000000e+00
    outer loop
      vertex   4.445000e+01 6.060000e+01 9.900000e+00
      vertex   4.445000e+01 5.320000e+01 1.290000e+01
      vertex   4.445000e+01 5.320000e+01 9.900000e+00
    endloop
  endfacet
  facet normal 1.305262e-01 -2.855935e-15 9.914449e-01
    outer loop
      vertex   4.463530e+01 2.080000e+01 9.658519e+00
      vertex   4.463530e+01 1.956667e+01 9.658519e+00
      vertex   4.470000e+01 2.080000e+01 9.650000e+00
    endloop
  endfacet
  facet normal 1.305262e-01 -3.485311e-19 9.914449e-01
    outer loop
      vertex   4.470000e+01 2.080000e+01 9.650000e+00
      vertex   4.463530e+01 1.956667e+01 9.658519e+00
      vertex   4.463530e+01 1.833333e+01 9.658519e+00
    endloop
  endfacet
  facet normal 1.305262e-01 -3.485311e-19 9.914449e-01
    outer loop
      vertex   4.470000e+01 2.080000e+01 9.650000e+00
      vertex   4.463530e+01 1.833333e+01 9.658519e+00
      vertex   4.463530e+01 1.710000e+01 9.658519e+00
    endloop
  endfacet
  facet normal 3.826834e-01 -0.000000e+00 9.238795e-01
    outer loop
      vertex   4.463530e+01 1.710000e+01 9.658519e+00
      vertex   4.463530e+01 1.833333e+01 9.658519e+00
      vertex   4.457500e+01 1.710000e+01 9.683494e+00
    endloop
  endfacet
  facet normal 3.826834e-01 -6.984681e-19 9.238795e-01
    outer loop
      vertex   4.463530e+01 1.710000e+01 9.658519e+00
      vertex   4.457500e+01 1.710000e+01 9.683494e+00
      vertex   4.457500e+01 1.586667e+01 9.683494e+00
    endloop
  endfacet
  facet normal 6.087614e-01 -0.000000e+00 7.933533e-01
    outer loop
      vertex   4.457500e+01 1.586667e+01 9.683494e+00
      vertex   4.457500e+01 1.710000e+01 9.683494e+00
      vertex   4.452322e+01 1.586667e+01 9.723223e+00
    endloop
  endfacet
  facet normal 6.087614e-01 2.527861e-18 7.933533e-01
    outer loop
      vertex   4.457500e+01 1.586667e+01 9.683494e+00
      vertex   4.452322e+01 1.586667e+01 9.723223e+00
      vertex   4.452322e+01 1.463333e+01 9.723223e+00
    endloop
  endfacet
  facet normal 7.933533e-01 -0.000000e+00 6.087614e-01
    outer loop
      vertex   4.452322e+01 1.463333e+01 9.723223e+00
      vertex   4.452322e+01 1.586667e+01 9.723223e+00
      vertex   4.448349e+01 1.463333e+01 9.775000e+00
    endloop
  endfacet
  facet normal 7.933533e-01 -3.960785e-19 6.087614e-01
    outer loop
      vertex   4.452322e+01 1.463333e+01 9.723223e+00
      vertex   4.448349e+01 1.463333e+01 9.775000e+00
      vertex   4.448349e+01 1.340000e+01 9.775000e+00
    endloop
  endfacet
  facet normal 9.238795e-01 -0.000000e+00 3.826834e-01
    outer loop
      vertex   4.448349e+01 1.340000e+01 9.775000e+00
      vertex   4.448349e+01 1.463333e+01 9.775000e+00
      vertex   4.445852e+01 1.340000e+01 9.835295e+00
    endloop
  endfacet
  facet normal 9.238795e-01 5.873790e-15 3.826834e-01
    outer loop
      vertex   4.445852e+01 1.340000e+01 9.835295e+00
      vertex   4.448349e+01 1.463333e+01 9.775000e+00
      vertex   4.445852e+01 1.463333e+01 9.835295e+00
    endloop
  endfacet
  facet normal 9.914449e-01 5.899865e-15 1.305262e-01
    outer loop
      vertex   4.445852e+01 1.340000e+01 9.835295e+00
      vertex   4.445852e+01 1.463333e+01 9.835295e+00
      vertex   4.445000e+01 1.340000e+01 9.900000e+00
    endloop
  endfacet
  facet normal 9.914449e-01 1.195313e-19 1.305262e-01
    outer loop
      vertex   4.445000e+01 1.340000e+01 9.900000e+00
      vertex   4.445852e+01 1.463333e+01 9.835295e+00
      vertex   4.445852e+01 1.586667e+01 9.835295e+00
    endloop
  endfacet
  facet normal 9.914449e-01 1.195313e-19 1.305262e-01
    outer loop
      vertex   4.445000e+01 1.340000e+01 9.900000e+00
      vertex   4.445852e+01 1.586667e+01 9.835295e+00
      vertex   4.445852e+01 1.710000e+01 9.835295e+00
    endloop
  endfacet
  facet normal 9.238795e-01 0.000000e+00 3.826834e-01
    outer loop
      vertex   4.445852e+01 1.710000e+01 9.835295e+00
      vertex   4.445852e+01 1.586667e+01 9.835295e+00
      vertex   4.448349e+01 1.710000e+01 9.775000e+00
    endloop
  endfacet
  facet normal 9.238795e-01 -7.514680e-19 3.826834e-01
    outer loop
      vertex   4.445852e+01 1.710000e+01 9.835295e+00
      vertex   4.448349e+01 1.710000e+01 9.775000e+00
      vertex   4.448349e+01 1.833333e+01 9.775000e+00
    endloop
  endfacet
  facet normal 7.933533e-01 0.000000e+00 6.087614e-01
    outer loop
      vertex   4.448349e+01 1.833333e+01 9.775000e+00
      vertex   4.448349e+01 1.710000e+01 9.775000e+00
      vertex   4.452322e+01 1.833333e+01 9.723223e+00
    endloop
  endfacet
  facet normal 7.933533e-01 -3.960785e-19 6.087614e-01
    outer loop
      vertex   4.448349e+01 1.833333e+01 9.775000e+00
      vertex   4.452322e+01 1.833333e+01 9.723223e+00
      vertex   4.452322e+01 1.956667e+01 9.723223e+00
    endloop
  endfacet
  facet normal 6.087614e-01 0.000000e+00 7.933533e-01
    outer loop
      vertex   4.452322e+01 1.956667e+01 9.723223e+00
      vertex   4.452322e+01 1.833333e+01 9.723223e+00
      vertex   4.457500e+01 1.956667e+01 9.683494e+00
    endloop
  endfacet
  facet normal 6.087614e-01 1.144769e-15 7.933533e-01
    outer loop
      vertex   4.452322e+01 1.956667e+01 9.723223e+00
      vertex   4.457500e+01 1.956667e+01 9.683494e+00
      vertex   4.457500e+01 2.080000e+01 9.683494e+00
    endloop
  endfacet
  facet normal 3.826834e-01 1.330654e-15 9.238795e-01
    outer loop
      vertex   4.457500e+01 2.080000e+01 9.683494e+00
      vertex   4.457500e+01 1.956667e+01 9.683494e+00
      vertex   4.463530e+01 2.080000e+01 9.658519e+00
    endloop
  endfacet
  facet normal 3.826834e-01 -2.661308e-15 9.238795e-01
    outer loop
      vertex   4.463530e+01 2.080000e+01 9.658519e+00
      vertex   4.457500e+01 1.956667e+01 9.683494e+00
      vertex   4.463530e+01 1.956667e+01 9.658519e+00
    endloop
  endfacet
  facet normal 6.087614e-01 2.111137e-18 7.933533e-01
    outer loop
      vertex   4.457500e+01 2.080000e+01 9.683494e+00
      vertex   4.452322e+01 2.080000e+01 9.723223e+00
      vertex   4.452322e+01 1.956667e+01 9.723223e+00
    endloop
  endfacet
  facet normal 7.933533e-01 -0.000000e+00 6.087614e-01
    outer loop
      vertex   4.452322e+01 1.956667e+01 9.723223e+00
      vertex   4.452322e+01 2.080000e+01 9.723223e+00
      vertex   4.448349e+01 1.956667e+01 9.775000e+00
    endloop
  endfacet
  facet normal 7.933533e-01 -3.960785e-19 6.087614e-01
    outer loop
      vertex   4.452322e+01 1.956667e+01 9.723223e+00
      vertex   4.448349e+01 1.956667e+01 9.775000e+00
      vertex   4.448349e+01 1.833333e+01 9.775000e+00
    endloop
  endfacet
  facet normal 9.238795e-01 -0.000000e+00 3.826834e-01
    outer loop
      vertex   4.448349e+01 1.833333e+01 9.775000e+00
      vertex   4.448349e+01 1.956667e+01 9.775000e+00
      vertex   4.445852e+01 1.833333e+01 9.835295e+00
    endloop
  endfacet
  facet normal 9.238795e-01 -7.514680e-19 3.826834e-01
    outer loop
      vertex   4.448349e+01 1.833333e+01 9.775000e+00
      vertex   4.445852e+01 1.833333e+01 9.835295e+00
      vertex   4.445852e+01 1.710000e+01 9.835295e+00
    endloop
  endfacet
  facet normal 9.914449e-01 -0.000000e+00 1.305262e-01
    outer loop
      vertex   4.445852e+01 1.710000e+01 9.835295e+00
      vertex   4.445852e+01 1.833333e+01 9.835295e+00
      vertex   4.445000e+01 2.080000e+01 9.900000e+00
    endloop
  endfacet
  facet normal 9.914449e-01 1.992188e-20 1.305262e-01
    outer loop
      vertex   4.445852e+01 1.710000e+01 9.835295e+00
      vertex   4.445000e+01 2.080000e+01 9.900000e+00
      vertex   4.445000e+01 1.340000e+01 9.900000e+00
    endloop
  endfacet
  facet normal 7.933533e-01 -3.960785e-19 6.087614e-01
    outer loop
      vertex   4.452322e+01 2.080000e+01 9.723223e+00
      vertex   4.448349e+01 2.080000e+01 9.775000e+00
      vertex   4.448349e+01 1.956667e+01 9.775000e+00
    endloop
  endfacet
  facet normal 9.238795e-01 -0.000000e+00 3.826834e-01
    outer loop
      vertex   4.448349e+01 1.956667e+01 9.775000e+00
      vertex   4.448349e+01 2.080000e+01 9.775000e+00
      vertex   4.445852e+01 1.956667e+01 9.835295e+00
    endloop
  endfacet
  facet normal 9.238795e-01 -7.514680e-19 3.826834e-01
    outer loop
      vertex   4.448349e+01 1.956667e+01 9.775000e+00
      vertex   4.445852e+01 1.956667e+01 9.835295e+00
      vertex   4.445852e+01 1.833333e+01 9.835295e+00
    endloop
  endfacet
  facet normal 9.914449e-01 -0.000000e+00 1.305262e-01
    outer loop
      vertex   4.445852e+01 1.833333e+01 9.835295e+00
      vertex   4.445852e+01 1.956667e+01 9.835295e+00
      vertex   4.445000e+01 2.080000e+01 9.900000e+00
    endloop
  endfacet
  facet normal 9.238795e-01 -5.872509e-15 3.826834e-01
    outer loop
      vertex   4.448349e+01 2.080000e+01 9.775000e+00
      vertex   4.445852e+01 2.080000e+01 9.835295e+00
      vertex   4.445852e+01 1.956667e+01 9.835295e+00
    endloop
  endfacet
  facet normal 9.914449e-01 -5.899865e-15 1.305262e-01
    outer loop
      vertex   4.445852e+01 1.956667e+01 9.835295e+00
      vertex   4.445852e+01 2.080000e+01 9.835295e+00
      vertex   4.445000e+01 2.080000e+01 9.900000e+00
    endloop
  endfacet
  facet normal 7.933533e-01 -3.960785e-19 6.087614e-01
    outer loop
      vertex   4.448349e+01 1.340000e+01 9.775000e+00
      vertex   4.452322e+01 1.340000e+01 9.723223e+00
      vertex   4.452322e+01 1.463333e+01 9.723223e+00
    endloop
  endfacet
  facet normal 6.087614e-01 0.000000e+00 7.933533e-01
    outer loop
      vertex   4.452322e+01 1.463333e+01 9.723223e+00
      vertex   4.452322e+01 1.340000e+01 9.723223e+00
      vertex   4.457500e+01 1.463333e+01 9.683494e+00
    endloop
  endfacet
  facet normal 6.087614e-01 2.527861e-18 7.933533e-01
    outer loop
      vertex   4.452322e+01 1.463333e+01 9.723223e+00
      vertex   4.457500e+01 1.463333e+01 9.683494e+00
      vertex   4.457500e+01 1.586667e+01 9.683494e+00
    endloop
  endfacet
  facet normal 3.826834e-01 0.000000e+00 9.238795e-01
    outer loop
      vertex   4.457500e+01 1.586667e+01 9.683494e+00
      vertex   4.457500e+01 1.463333e+01 9.683494e+00
      vertex   4.463530e+01 1.586667e+01 9.658519e+00
    endloop
  endfacet
  facet normal 3.826834e-01 -6.984681e-19 9.238795e-01
    outer loop
      vertex   4.457500e+01 1.586667e+01 9.683494e+00
      vertex   4.463530e+01 1.586667e+01 9.658519e+00
      vertex   4.463530e+01 1.710000e+01 9.658519e+00
    endloop
  endfacet
  facet normal 1.305262e-01 0.000000e+00 9.914449e-01
    outer loop
      vertex   4.463530e+01 1.710000e+01 9.658519e+00
      vertex   4.463530e+01 1.586667e+01 9.658519e+00
      vertex   4.470000e+01 1.340000e+01 9.650000e+00
    endloop
  endfacet
  facet normal 1.305262e-01 -5.808851e-20 9.914449e-01
    outer loop
      vertex   4.463530e+01 1.710000e+01 9.658519e+00
      vertex   4.470000e+01 1.340000e+01 9.650000e+00
      vertex   4.470000e+01 2.080000e+01 9.650000e+00
    endloop
  endfacet
  facet normal 6.087614e-01 -1.140130e-15 7.933533e-01
    outer loop
      vertex   4.452322e+01 1.340000e+01 9.723223e+00
      vertex   4.457500e+01 1.340000e+01 9.683494e+00
      vertex   4.457500e+01 1.463333e+01 9.683494e+00
    endloop
  endfacet
  facet normal 3.826834e-01 -1.330654e-15 9.238795e-01
    outer loop
      vertex   4.457500e+01 1.463333e+01 9.683494e+00
      vertex   4.457500e+01 1.340000e+01 9.683494e+00
      vertex   4.463530e+01 1.463333e+01 9.658519e+00
    endloop
  endfacet
  facet normal 3.826834e-01 -6.984681e-19 9.238795e-01
    outer loop
      vertex   4.457500e+01 1.463333e+01 9.683494e+00
      vertex   4.463530e+01 1.463333e+01 9.658519e+00
      vertex   4.463530e+01 1.586667e+01 9.658519e+00
    endloop
  endfacet
  facet normal 1.305262e-01 0.000000e+00 9.914449e-01
    outer loop
      vertex   4.463530e+01 1.586667e+01 9.658519e+00
      vertex   4.463530e+01 1.463333e+01 9.658519e+00
      vertex   4.470000e+01 1.340000e+01 9.650000e+00
    endloop
  endfacet
  facet normal 3.826834e-01 2.660444e-15 9.238795e-01
    outer loop
      vertex   4.457500e+01 1.340000e+01 9.683494e+00
      vertex   4.463530e+01 1.340000e+01 9.658519e+00
      vertex   4.463530e+01 1.463333e+01 9.658519e+00
    endloop
  endfacet
  facet normal 1.305262e-01 2.855935e-15 9.914449e-01
    outer loop
      vertex   4.463530e+01 1.463333e+01 9.658519e+00
      vertex   4.463530e+01 1.340000e+01 9.658519e+00
      vertex   4.470000e+01 1.340000e+01 9.650000e+00
    endloop
  endfacet
  facet normal 3.826834e-01 -0.000000e+00 9.238795e-01
    outer loop
      vertex   4.463530e+01 1.833333e+01 9.658519e+00
      vertex   4.463530e+01 1.956667e+01 9.658519e+00
      vertex   4.457500e+01 1.833333e+01 9.683494e+00
    endloop
  endfacet
  facet normal 3.826834e-01 -0.000000e+00 9.238795e-01
    outer loop
      vertex   4.457500e+01 1.833333e+01 9.683494e+00
      vertex   4.463530e+01 1.956667e+01 9.658519e+00
      vertex   4.457500e+01 1.956667e+01 9.683494e+00
    endloop
  endfacet
  facet normal 6.087614e-01 -0.000000e+00 7.933533e-01
    outer loop
      vertex   4.457500e+01 1.833333e+01 9.683494e+00
      vertex   4.457500e+01 1.956667e+01 9.683494e+00
      vertex   4.452322e+01 1.833333e+01 9.723223e+00
    endloop
  endfacet
  facet normal 3.826834e-01 -6.984681e-19 9.238795e-01
    outer loop
      vertex   4.463530e+01 1.833333e+01 9.658519e+00
      vertex   4.457500e+01 1.833333e+01 9.683494e+00
      vertex   4.457500e+01 1.710000e+01 9.683494e+00
    endloop
  endfacet
  facet normal 6.087614e-01 -0.000000e+00 7.933533e-01
    outer loop
      vertex   4.457500e+01 1.710000e+01 9.683494e+00
      vertex   4.457500e+01 1.833333e+01 9.683494e+00
      vertex   4.452322e+01 1.710000e+01 9.723223e+00
    endloop
  endfacet
  facet normal 6.087614e-01 2.527861e-18 7.933533e-01
    outer loop
      vertex   4.457500e+01 1.710000e+01 9.683494e+00
      vertex   4.452322e+01 1.710000e+01 9.723223e+00
      vertex   4.452322e+01 1.586667e+01 9.723223e+00
    endloop
  endfacet
  facet normal 7.933533e-01 -0.000000e+00 6.087614e-01
    outer loop
      vertex   4.452322e+01 1.586667e+01 9.723223e+00
      vertex   4.452322e+01 1.710000e+01 9.723223e+00
      vertex   4.448349e+01 1.586667e+01 9.775000e+00
    endloop
  endfacet
  facet normal 7.933533e-01 -3.960785e-19 6.087614e-01
    outer loop
      vertex   4.452322e+01 1.586667e+01 9.723223e+00
      vertex   4.448349e+01 1.586667e+01 9.775000e+00
      vertex   4.448349e+01 1.463333e+01 9.775000e+00
    endloop
  endfacet
  facet normal 9.238795e-01 -0.000000e+00 3.826834e-01
    outer loop
      vertex   4.448349e+01 1.463333e+01 9.775000e+00
      vertex   4.448349e+01 1.586667e+01 9.775000e+00
      vertex   4.445852e+01 1.463333e+01 9.835295e+00
    endloop
  endfacet
  facet normal 6.087614e-01 -0.000000e+00 7.933533e-01
    outer loop
      vertex   4.452322e+01 1.710000e+01 9.723223e+00
      vertex   4.457500e+01 1.833333e+01 9.683494e+00
      vertex   4.452322e+01 1.833333e+01 9.723223e+00
    endloop
  endfacet
  facet normal 7.933533e-01 -0.000000e+00 6.087614e-01
    outer loop
      vertex   4.448349e+01 1.586667e+01 9.775000e+00
      vertex   4.452322e+01 1.710000e+01 9.723223e+00
      vertex   4.448349e+01 1.710000e+01 9.775000e+00
    endloop
  endfacet
  facet normal 7.933533e-01 -3.960785e-19 6.087614e-01
    outer loop
      vertex   4.448349e+01 1.710000e+01 9.775000e+00
      vertex   4.452322e+01 1.710000e+01 9.723223e+00
      vertex   4.452322e+01 1.833333e+01 9.723223e+00
    endloop
  endfacet
  facet normal 9.238795e-01 -0.000000e+00 3.826834e-01
    outer loop
      vertex   4.445852e+01 1.463333e+01 9.835295e+00
      vertex   4.448349e+01 1.586667e+01 9.775000e+00
      vertex   4.445852e+01 1.586667e+01 9.835295e+00
    endloop
  endfacet
  facet normal 9.238795e-01 -7.514680e-19 3.826834e-01
    outer loop
      vertex   4.445852e+01 1.586667e+01 9.835295e+00
      vertex   4.448349e+01 1.586667e+01 9.775000e+00
      vertex   4.448349e+01 1.710000e+01 9.775000e+00
    endloop
  endfacet
  facet normal 1.000000e+00 0.000000e+00 0.000000e+00
    outer loop
      vertex   4.445000e+01 2.080000e+01 1.289967e+01
      vertex   4.445000e+01 1.340000e+01 1.289967e+01
      vertex   4.445000e+01 2.080000e+01 9.900000e+00
    endloop
  endfacet
  facet normal 1.000000e+00 0.000000e+00 0.000000e+00
    outer loop
      vertex   4.445000e+01 2.080000e+01 9.900000e+00
      vertex   4.445000e+01 1.340000e+01 1.289967e+01
      vertex   4.445000e+01 1.340000e+01 9.900000e+00
    endloop
  endfacet
  facet normal 6.045011e-01 -2.212506e-08 7.966043e-01
    outer loop
      vertex   4.545000e+01 2.080000e+01 1.354967e+01
      vertex   4.400000e+01 2.080000e+01 1.465000e+01
      vertex   4.545000e+01 1.340000e+01 1.354967e+01
    endloop
  endfacet
  facet normal 6.045012e-01 -8.051402e-18 7.966043e-01
    outer loop
      vertex   4.545000e+01 1.340000e+01 1.354967e+01
      vertex   4.400000e+01 2.080000e+01 1.465000e+01
      vertex   4.400000e+01 1.340000e+01 1.465000e+01
    endloop
  endfacet
  facet normal 6.045011e-01 2.212507e-08 7.966043e-01
    outer loop
      vertex   4.545000e+01 5.320000e+01 1.354967e+01
      vertex   4.545000e+01 6.060000e+01 1.354967e+01
      vertex   4.400000e+01 5.320000e+01 1.465000e+01
    endloop
  endfacet
  facet normal 6.045012e-01 -0.000000e+00 7.966043e-01
    outer loop
      vertex   4.400000e+01 5.320000e+01 1.465000e+01
      vertex   4.545000e+01 6.060000e+01 1.354967e+01
      vertex   4.400000e+01 6.060000e+01 1.465000e+01
    endloop
  endfacet
  facet normal 0.000000e+00 0.000000e+00 1.000000e+00
    outer loop
      vertex   4.400000e+01 6.060000e+01 1.465000e+01
      vertex   4.360000e+01 6.060000e+01 1.465000e+01
      vertex   4.400000e+01 5.320000e+01 1.465000e+01
    endloop
  endfacet
  facet normal 0.000000e+00 0.000000e+00 1.000000e+00
    outer loop
      vertex   4.400000e+01 5.320000e+01 1.465000e+01
      vertex   4.360000e+01 6.060000e+01 1.465000e+01
      vertex   4.360000e+01 5.320000e+01 1.465000e+01
    endloop
  endfacet
  facet normal 0.000000e+00 1.000000e+00 0.000000e+00
    outer loop
      vertex   4.545000e+01 6.060000e+01 1.354967e+01
      vertex   4.470000e+01 6.060000e+01 1.315000e+01
      vertex   4.400000e+01 6.060000e+01 1.465000e+01
    endloop
  endfacet
  facet normal 0.000000e+00 1.000000e+00 0.000000e+00
    outer loop
      vertex   4.400000e+01 6.060000e+01 1.465000e+01
      vertex   4.470000e+01 6.060000e+01 1.315000e+01
      vertex   4.463530e+01 6.060000e+01 1.314148e+01
    endloop
  endfacet
  facet normal 0.000000e+00 1.000000e+00 0.000000e+00
    outer loop
      vertex   4.400000e+01 6.060000e+01 1.465000e+01
      vertex   4.463530e+01 6.060000e+01 1.314148e+01
      vertex   4.457500e+01 6.060000e+01 1.311651e+01
    endloop
  endfacet
  facet normal 0.000000e+00 1.000000e+00 0.000000e+00
    outer loop
      vertex   4.545000e+01 6.060000e+01 1.354967e+01
      vertex   4.545000e+01 6.060000e+01 1.315000e+01
      vertex   4.470000e+01 6.060000e+01 1.315000e+01
    endloop
  endfacet
  facet normal 0.000000e+00 1.000000e+00 0.000000e+00
    outer loop
      vertex   4.457500e+01 6.060000e+01 1.311651e+01
      vertex   4.452322e+01 6.060000e+01 1.307678e+01
      vertex   4.400000e+01 6.060000e+01 1.465000e+01
    endloop
  endfacet
  facet normal 0.000000e+00 1.000000e+00 0.000000e+00
    outer loop
      vertex   4.400000e+01 6.060000e+01 1.465000e+01
      vertex   4.452322e+01 6.060000e+01 1.307678e+01
      vertex   4.448349e+01 6.060000e+01 1.302500e+01
    endloop
  endfacet
  facet normal 0.000000e+00 1.000000e+00 0.000000e+00
    outer loop
      vertex   4.400000e+01 6.060000e+01 1.465000e+01
      vertex   4.448349e+01 6.060000e+01 1.302500e+01
      vertex   4.445852e+01 6.060000e+01 1.296470e+01
    endloop
  endfacet
  facet normal 0.000000e+00 1.000000e+00 0.000000e+00
    outer loop
      vertex   4.445852e+01 6.060000e+01 1.296470e+01
      vertex   4.445000e+01 6.060000e+01 1.290000e+01
      vertex   4.400000e+01 6.060000e+01 1.465000e+01
    endloop
  endfacet
  facet normal 0.000000e+00 1.000000e+00 0.000000e+00
    outer loop
      vertex   4.400000e+01 6.060000e+01 1.465000e+01
      vertex   4.445000e+01 6.060000e+01 1.290000e+01
      vertex   4.360000e+01 6.060000e+01 1.465000e+01
    endloop
  endfacet
  facet normal 0.000000e+00 1.000000e+00 0.000000e+00
    outer loop
      vertex   4.360000e+01 6.060000e+01 1.465000e+01
      vertex   4.445000e+01 6.060000e+01 1.290000e+01
      vertex   4.360000e+01 6.060000e+01 9.650000e+00
    endloop
  endfacet
  facet normal 0.000000e+00 1.000000e+00 0.000000e+00
    outer loop
      vertex   4.360000e+01 6.060000e+01 9.650000e+00
      vertex   4.445000e+01 6.060000e+01 1.290000e+01
      vertex   4.445000e+01 6.060000e+01 9.900000e+00
    endloop
  endfacet
  facet normal 0.000000e+00 1.000000e+00 0.000000e+00
    outer loop
      vertex   4.360000e+01 6.060000e+01 9.650000e+00
      vertex   4.445000e+01 6.060000e+01 9.900000e+00
      vertex   4.445852e+01 6.060000e+01 9.835295e+00
    endloop
  endfacet
  facet normal 0.000000e+00 1.000000e+00 0.000000e+00
    outer loop
      vertex   4.445852e+01 6.060000e+01 9.835295e+00
      vertex   4.448349e+01 6.060000e+01 9.775000e+00
      vertex   4.360000e+01 6.060000e+01 9.650000e+00
    endloop
  endfacet
  facet normal 0.000000e+00 1.000000e+00 0.000000e+00
    outer loop
      vertex   4.360000e+01 6.060000e+01 9.650000e+00
      vertex   4.448349e+01 6.060000e+01 9.775000e+00
      vertex   4.452322e+01 6.060000e+01 9.723223e+00
    endloop
  endfacet
  facet normal 0.000000e+00 1.000000e+00 0.000000e+00
    outer loop
      vertex   4.360000e+01 6.060000e+01 9.650000e+00
      vertex   4.452322e+01 6.060000e+01 9.723223e+00
      vertex   4.457500e+01 6.060000e+01 9.683494e+00
    endloop
  endfacet
  facet normal 0.000000e+00 1.000000e+00 0.000000e+00
    outer loop
      vertex   4.457500e+01 6.060000e+01 9.683494e+00
      vertex   4.463530e+01 6.060000e+01 9.658519e+00
      vertex   4.360000e+01 6.060000e+01 9.650000e+00
    endloop
  endfacet
  facet normal 0.000000e+00 1.000000e+00 0.000000e+00
    outer loop
      vertex   4.360000e+01 6.060000e+01 9.650000e+00
      vertex   4.463530e+01 6.060000e+01 9.658519e+00
      vertex   4.470000e+01 6.060000e+01 9.650000e+00
    endloop
  endfacet
  facet normal -2.812167e-07 1.000000e+00 5.272813e-07
    outer loop
      vertex   4.545000e+01 2.080000e+01 1.354967e+01
      vertex   4.470000e+01 2.080000e+01 1.314967e+01
      vertex   4.400000e+01 2.080000e+01 1.465000e+01
    endloop
  endfacet
  facet normal -1.446662e-05 1.000000e+00 -6.091125e-06
    outer loop
      vertex   4.400000e+01 2.080000e+01 1.465000e+01
      vertex   4.470000e+01 2.080000e+01 1.314967e+01
      vertex   4.463530e+01 2.080000e+01 1.314115e+01
    endloop
  endfacet
  facet normal 0.000000e+00 1.000000e+00 0.000000e+00
    outer loop
      vertex   4.400000e+01 2.080000e+01 1.465000e+01
      vertex   4.463530e+01 2.080000e+01 1.314115e+01
      vertex   4.457500e+01 2.080000e+01 1.311618e+01
    endloop
  endfacet
  facet normal 0.000000e+00 1.000000e+00 0.000000e+00
    outer loop
      vertex   4.545000e+01 2.080000e+01 1.354967e+01
      vertex   4.545000e+01 2.080000e+01 1.314967e+01
      vertex   4.470000e+01 2.080000e+01 1.314967e+01
    endloop
  endfacet
  facet normal 0.000000e+00 1.000000e+00 0.000000e+00
    outer loop
      vertex   4.457500e+01 2.080000e+01 1.311618e+01
      vertex   4.452322e+01 2.080000e+01 1.307645e+01
      vertex   4.400000e+01 2.080000e+01 1.465000e+01
    endloop
  endfacet
  facet normal 0.000000e+00 1.000000e+00 0.000000e+00
    outer loop
      vertex   4.400000e+01 2.080000e+01 1.465000e+01
      vertex   4.452322e+01 2.080000e+01 1.307645e+01
      vertex   4.448349e+01 2.080000e+01 1.302467e+01
    endloop
  endfacet
  facet normal 0.000000e+00 1.000000e+00 0.000000e+00
    outer loop
      vertex   4.400000e+01 2.080000e+01 1.465000e+01
      vertex   4.448349e+01 2.080000e+01 1.302467e+01
      vertex   4.445852e+01 2.080000e+01 1.296438e+01
    endloop
  endfacet
  facet normal 0.000000e+00 1.000000e+00 0.000000e+00
    outer loop
      vertex   4.445852e+01 2.080000e+01 1.296438e+01
      vertex   4.445000e+01 2.080000e+01 1.289967e+01
      vertex   4.400000e+01 2.080000e+01 1.465000e+01
    endloop
  endfacet
  facet normal 0.000000e+00 1.000000e+00 0.000000e+00
    outer loop
      vertex   4.400000e+01 2.080000e+01 1.465000e+01
      vertex   4.445000e+01 2.080000e+01 1.289967e+01
      vertex   4.360000e+01 2.080000e+01 1.465000e+01
    endloop
  endfacet
  facet normal 0.000000e+00 1.000000e+00 0.000000e+00
    outer loop
      vertex   4.360000e+01 2.080000e+01 1.465000e+01
      vertex   4.445000e+01 2.080000e+01 1.289967e+01
      vertex   4.360000e+01 2.080000e+01 9.650000e+00
    endloop
  endfacet
  facet normal 0.000000e+00 1.000000e+00 0.000000e+00
    outer loop
      vertex   4.360000e+01 2.080000e+01 9.650000e+00
      vertex   4.445000e+01 2.080000e+01 1.289967e+01
      vertex   4.445000e+01 2.080000e+01 9.900000e+00
    endloop
  endfacet
  facet normal 0.000000e+00 1.000000e+00 0.000000e+00
    outer loop
      vertex   4.360000e+01 2.080000e+01 9.650000e+00
      vertex   4.445000e+01 2.080000e+01 9.900000e+00
      vertex   4.445852e+01 2.080000e+01 9.835295e+00
    endloop
  endfacet
  facet normal 0.000000e+00 1.000000e+00 0.000000e+00
    outer loop
      vertex   4.445852e+01 2.080000e+01 9.835295e+00
      vertex   4.448349e+01 2.080000e+01 9.775000e+00
      vertex   4.360000e+01 2.080000e+01 9.650000e+00
    endloop
  endfacet
  facet normal 0.000000e+00 1.000000e+00 0.000000e+00
    outer loop
      vertex   4.360000e+01 2.080000e+01 9.650000e+00
      vertex   4.448349e+01 2.080000e+01 9.775000e+00
      vertex   4.452322e+01 2.080000e+01 9.723223e+00
    endloop
  endfacet
  facet normal 0.000000e+00 1.000000e+00 0.000000e+00
    outer loop
      vertex   4.360000e+01 2.080000e+01 9.650000e+00
      vertex   4.452322e+01 2.080000e+01 9.723223e+00
      vertex   4.457500e+01 2.080000e+01 9.683494e+00
    endloop
  endfacet
  facet normal 0.000000e+00 1.000000e+00 0.000000e+00
    outer loop
      vertex   4.457500e+01 2.080000e+01 9.683494e+00
      vertex   4.463530e+01 2.080000e+01 9.658519e+00
      vertex   4.360000e+01 2.080000e+01 9.650000e+00
    endloop
  endfacet
  facet normal 0.000000e+00 1.000000e+00 0.000000e+00
    outer loop
      vertex   4.360000e+01 2.080000e+01 9.650000e+00
      vertex   4.463530e+01 2.080000e+01 9.658519e+00
      vertex   4.470000e+01 2.080000e+01 9.650000e+00
    endloop
  endfacet
  facet normal 1.000000e+00 -3.660050e-08 0.000000e+00
    outer loop
      vertex   4.545000e+01 2.080000e+01 1.354967e+01
      vertex   4.545000e+01 1.340000e+01 1.354967e+01
      vertex   4.545000e+01 2.080000e+01 1.314967e+01
    endloop
  endfacet
  facet normal 1.000000e+00 1.625389e-22 6.771094e-07
    outer loop
      vertex   4.545000e+01 2.080000e+01 1.314967e+01
      vertex   4.545000e+01 1.340000e+01 1.354967e+01
      vertex   4.545000e+01 1.340000e+01 1.314967e+01
    endloop
  endfacet
  facet normal 1.000000e+00 3.660051e-08 0.000000e+00
    outer loop
      vertex   4.545000e+01 5.320000e+01 1.354967e+01
      vertex   4.545000e+01 5.320000e+01 1.315000e+01
      vertex   4.545000e+01 6.060000e+01 1.354967e+01
    endloop
  endfacet
  facet normal 1.000000e+00 -3.065858e-25 6.776662e-07
    outer loop
      vertex   4.545000e+01 6.060000e+01 1.354967e+01
      vertex   4.545000e+01 5.320000e+01 1.315000e+01
      vertex   4.545000e+01 6.060000e+01 1.315000e+01
    endloop
  endfacet
  facet normal -5.273626e-01 0.000000e+00 8.496404e-01
    outer loop
      vertex   2.000000e+00 5.320000e+01 1.465000e+01
      vertex   2.000000e+00 6.060000e+01 1.465000e+01
      vertex   5.500000e-01 5.320000e+01 1.375000e+01
    endloop
  endfacet
  facet normal -5.273626e-01 2.373609e-17 8.496404e-01
    outer loop
      vertex   5.500000e-01 5.320000e+01 1.375000e+01
      vertex   2.000000e+00 6.060000e+01 1.465000e+01
      vertex   5.500000e-01 6.060000e+01 1.375000e+01
    endloop
  endfacet
  facet normal -5.273626e-01 0.000000e+00 8.496404e-01
    outer loop
      vertex   2.000000e+00 2.080000e+01 1.465000e+01
      vertex   5.500000e-01 2.080000e+01 1.375000e+01
      vertex   2.000000e+00 1.340000e+01 1.465000e+01
    endloop
  endfacet
  facet normal -5.273626e-01 -2.961176e-17 8.496404e-01
    outer loop
      vertex   2.000000e+00 1.340000e+01 1.465000e+01
      vertex   5.500000e-01 2.080000e+01 1.375000e+01
      vertex   5.500000e-01 1.340000e+01 1.375000e+01
    endloop
  endfacet
  facet normal 2.220447e-14 -0.000000e+00 1.000000e+00
    outer loop
      vertex   2.000000e+00 1.340000e+01 1.465000e+01
      vertex   2.400000e+00 1.340000e+01 1.465000e+01
      vertex   2.000000e+00 2.080000e+01 1.465000e+01
    endloop
  endfacet
  facet normal 2.220447e-14 -1.332536e-30 1.000000e+00
    outer loop
      vertex   2.000000e+00 2.080000e+01 1.465000e+01
      vertex   2.400000e+00 1.340000e+01 1.465000e+01
      vertex   2.400000e+00 2.080000e+01 1.465000e+01
    endloop
  endfacet
  facet normal 2.069540e-15 -1.000000e+00 -3.334261e-15
    outer loop
      vertex   5.500000e-01 1.340000e+01 1.375000e+01
      vertex   1.300000e+00 1.340000e+01 1.315000e+01
      vertex   2.000000e+00 1.340000e+01 1.465000e+01
    endloop
  endfacet
  facet normal -2.937681e-16 -1.000000e+00 -2.231384e-15
    outer loop
      vertex   2.000000e+00 1.340000e+01 1.465000e+01
      vertex   1.300000e+00 1.340000e+01 1.315000e+01
      vertex   1.364705e+00 1.340000e+01 1.314148e+01
    endloop
  endfacet
  facet normal -8.306215e-16 -1.000000e+00 -2.005294e-15
    outer loop
      vertex   2.000000e+00 1.340000e+01 1.465000e+01
      vertex   1.364705e+00 1.340000e+01 1.314148e+01
      vertex   1.425000e+00 1.340000e+01 1.311651e+01
    endloop
  endfacet
  facet normal -3.365803e-28 -1.000000e+00 -5.921183e-15
    outer loop
      vertex   5.500000e-01 1.340000e+01 1.375000e+01
      vertex   5.500000e-01 1.340000e+01 1.315000e+01
      vertex   1.300000e+00 1.340000e+01 1.315000e+01
    endloop
  endfacet
  facet normal -1.380507e-15 -1.000000e+00 -1.799109e-15
    outer loop
      vertex   1.425000e+00 1.340000e+01 1.311651e+01
      vertex   1.476777e+00 1.340000e+01 1.307678e+01
      vertex   2.000000e+00 1.340000e+01 1.465000e+01
    endloop
  endfacet
  facet normal -2.053119e-15 -1.000000e+00 -1.575411e-15
    outer loop
      vertex   2.000000e+00 1.340000e+01 1.465000e+01
      vertex   1.476777e+00 1.340000e+01 1.307678e+01
      vertex   1.516506e+00 1.340000e+01 1.302500e+01
    endloop
  endfacet
  facet normal -3.071715e-15 -1.000000e+00 -1.272344e-15
    outer loop
      vertex   2.000000e+00 1.340000e+01 1.465000e+01
      vertex   1.516506e+00 1.340000e+01 1.302500e+01
      vertex   1.541481e+00 1.340000e+01 1.296470e+01
    endloop
  endfacet
  facet normal -5.221572e-15 -1.000000e+00 -6.874318e-16
    outer loop
      vertex   1.541481e+00 1.340000e+01 1.296470e+01
      vertex   1.550000e+00 1.340000e+01 1.290000e+01
      vertex   2.000000e+00 1.340000e+01 1.465000e+01
    endloop
  endfacet
  facet normal 8.881786e-15 -1.000000e+00 -4.314009e-15
    outer loop
      vertex   2.000000e+00 1.340000e+01 1.465000e+01
      vertex   1.550000e+00 1.340000e+01 1.290000e+01
      vertex   2.400000e+00 1.340000e+01 1.465000e+01
    endloop
  endfacet
  facet normal 0.000000e+00 -1.000000e+00 -0.000000e+00
    outer loop
      vertex   2.400000e+00 1.340000e+01 1.465000e+01
      vertex   1.550000e+00 1.340000e+01 1.290000e+01
      vertex   2.400000e+00 1.340000e+01 9.650000e+00
    endloop
  endfacet
  facet normal 0.000000e+00 -1.000000e+00 0.000000e+00
    outer loop
      vertex   2.400000e+00 1.340000e+01 9.650000e+00
      vertex   1.550000e+00 1.340000e+01 1.290000e+01
      vertex   1.550000e+00 1.340000e+01 9.900000e+00
    endloop
  endfacet
  facet normal 0.000000e+00 -1.000000e+00 0.000000e+00
    outer loop
      vertex   2.400000e+00 1.340000e+01 9.650000e+00
      vertex   1.550000e+00 1.340000e+01 9.900000e+00
      vertex   1.541481e+00 1.340000e+01 9.835295e+00
    endloop
  endfacet
  facet normal 0.000000e+00 -1.000000e+00 -0.000000e+00
    outer loop
      vertex   1.541481e+00 1.340000e+01 9.835295e+00
      vertex   1.516506e+00 1.340000e+01 9.775000e+00
      vertex   2.400000e+00 1.340000e+01 9.650000e+00
    endloop
  endfacet
  facet normal 0.000000e+00 -1.000000e+00 0.000000e+00
    outer loop
      vertex   2.400000e+00 1.340000e+01 9.650000e+00
      vertex   1.516506e+00 1.340000e+01 9.775000e+00
      vertex   1.476777e+00 1.340000e+01 9.723223e+00
    endloop
  endfacet
  facet normal 0.000000e+00 -1.000000e+00 0.000000e+00
    outer loop
      vertex   2.400000e+00 1.340000e+01 9.650000e+00
      vertex   1.476777e+00 1.340000e+01 9.723223e+00
      vertex   1.425000e+00 1.340000e+01 9.683494e+00
    endloop
  endfacet
  facet normal 0.000000e+00 -1.000000e+00 -0.000000e+00
    outer loop
      vertex   1.425000e+00 1.340000e+01 9.683494e+00
      vertex   1.364705e+00 1.340000e+01 9.658519e+00
      vertex   2.400000e+00 1.340000e+01 9.650000e+00
    endloop
  endfacet
  facet normal 0.000000e+00 -1.000000e+00 0.000000e+00
    outer loop
      vertex   2.400000e+00 1.340000e+01 9.650000e+00
      vertex   1.364705e+00 1.340000e+01 9.658519e+00
      vertex   1.300000e+00 1.340000e+01 9.650000e+00
    endloop
  endfacet
  facet normal 2.220447e-14 -0.000000e+00 1.000000e+00
    outer loop
      vertex   2.000000e+00 5.320000e+01 1.465000e+01
      vertex   2.400000e+00 5.320000e+01 1.465000e+01
      vertex   2.000000e+00 6.060000e+01 1.465000e+01
    endloop
  endfacet
  facet normal 2.220447e-14 -1.332536e-30 1.000000e+00
    outer loop
      vertex   2.000000e+00 6.060000e+01 1.465000e+01
      vertex   2.400000e+00 5.320000e+01 1.465000e+01
      vertex   2.400000e+00 6.060000e+01 1.465000e+01
    endloop
  endfacet
  facet normal -9.740937e-07 -1.000000e+00 -1.238254e-06
    outer loop
      vertex   5.500000e-01 5.320000e+01 1.375000e+01
      vertex   1.300000e+00 5.320000e+01 1.316000e+01
      vertex   2.000000e+00 5.320000e+01 1.465000e+01
    endloop
  endfacet
  facet normal -3.698776e-05 -1.000000e+00 1.568093e-05
    outer loop
      vertex   2.000000e+00 5.320000e+01 1.465000e+01
      vertex   1.300000e+00 5.320000e+01 1.316000e+01
      vertex   1.364705e+00 5.320000e+01 1.315148e+01
    endloop
  endfacet
  facet normal 0.000000e+00 -1.000000e+00 0.000000e+00
    outer loop
      vertex   2.000000e+00 5.320000e+01 1.465000e+01
      vertex   1.364705e+00 5.320000e+01 1.315148e+01
      vertex   1.425000e+00 5.320000e+01 1.312651e+01
    endloop
  endfacet
  facet normal 6.360804e-26 -1.000000e+00 1.168180e-12
    outer loop
      vertex   5.500000e-01 5.320000e+01 1.375000e+01
      vertex   5.500000e-01 5.320000e+01 1.316000e+01
      vertex   1.300000e+00 5.320000e+01 1.316000e+01
    endloop
  endfacet
  facet normal 0.000000e+00 -1.000000e+00 0.000000e+00
    outer loop
      vertex   1.425000e+00 5.320000e+01 1.312651e+01
      vertex   1.476777e+00 5.320000e+01 1.308678e+01
      vertex   2.000000e+00 5.320000e+01 1.465000e+01
    endloop
  endfacet
  facet normal 0.000000e+00 -1.000000e+00 0.000000e+00
    outer loop
      vertex   2.000000e+00 5.320000e+01 1.465000e+01
      vertex   1.476777e+00 5.320000e+01 1.308678e+01
      vertex   1.516506e+00 5.320000e+01 1.303500e+01
    endloop
  endfacet
  facet normal 0.000000e+00 -1.000000e+00 0.000000e+00
    outer loop
      vertex   2.000000e+00 5.320000e+01 1.465000e+01
      vertex   1.516506e+00 5.320000e+01 1.303500e+01
      vertex   1.541481e+00 5.320000e+01 1.297471e+01
    endloop
  endfacet
  facet normal 0.000000e+00 -1.000000e+00 0.000000e+00
    outer loop
      vertex   1.541481e+00 5.320000e+01 1.297471e+01
      vertex   1.550000e+00 5.320000e+01 1.291000e+01
      vertex   2.000000e+00 5.320000e+01 1.465000e+01
    endloop
  endfacet
  facet normal 0.000000e+00 -1.000000e+00 -0.000000e+00
    outer loop
      vertex   2.000000e+00 5.320000e+01 1.465000e+01
      vertex   1.550000e+00 5.320000e+01 1.291000e+01
      vertex   2.400000e+00 5.320000e+01 1.465000e+01
    endloop
  endfacet
  facet normal 0.000000e+00 -1.000000e+00 -0.000000e+00
    outer loop
      vertex   2.400000e+00 5.320000e+01 1.465000e+01
      vertex   1.550000e+00 5.320000e+01 1.291000e+01
      vertex   2.400000e+00 5.320000e+01 9.650000e+00
    endloop
  endfacet
  facet normal 0.000000e+00 -1.000000e+00 0.000000e+00
    outer loop
      vertex   2.400000e+00 5.320000e+01 9.650000e+00
      vertex   1.550000e+00 5.320000e+01 1.291000e+01
      vertex   1.550000e+00 5.320000e+01 9.900000e+00
    endloop
  endfacet
  facet normal 0.000000e+00 -1.000000e+00 0.000000e+00
    outer loop
      vertex   2.400000e+00 5.320000e+01 9.650000e+00
      vertex   1.550000e+00 5.320000e+01 9.900000e+00
      vertex   1.541481e+00 5.320000e+01 9.835295e+00
    endloop
  endfacet
  facet normal 0.000000e+00 -1.000000e+00 -0.000000e+00
    outer loop
      vertex   1.541481e+00 5.320000e+01 9.835295e+00
      vertex   1.516506e+00 5.320000e+01 9.775000e+00
      vertex   2.400000e+00 5.320000e+01 9.650000e+00
    endloop
  endfacet
  facet normal 0.000000e+00 -1.000000e+00 0.000000e+00
    outer loop
      vertex   2.400000e+00 5.320000e+01 9.650000e+00
      vertex   1.516506e+00 5.320000e+01 9.775000e+00
      vertex   1.476777e+00 5.320000e+01 9.723223e+00
    endloop
  endfacet
  facet normal 0.000000e+00 -1.000000e+00 0.000000e+00
    outer loop
      vertex   2.400000e+00 5.320000e+01 9.650000e+00
      vertex   1.476777e+00 5.320000e+01 9.723223e+00
      vertex   1.425000e+00 5.320000e+01 9.683494e+00
    endloop
  endfacet
  facet normal 0.000000e+00 -1.000000e+00 -0.000000e+00
    outer loop
      vertex   1.425000e+00 5.320000e+01 9.683494e+00
      vertex   1.364705e+00 5.320000e+01 9.658519e+00
      vertex   2.400000e+00 5.320000e+01 9.650000e+00
    endloop
  endfacet
  facet normal 0.000000e+00 -1.000000e+00 0.000000e+00
    outer loop
      vertex   2.400000e+00 5.320000e+01 9.650000e+00
      vertex   1.364705e+00 5.320000e+01 9.658519e+00
      vertex   1.300000e+00 5.320000e+01 9.650000e+00
    endloop
  endfacet
  facet normal -1.000000e+00 -4.500904e-17 5.551109e-16
    outer loop
      vertex   5.500000e-01 1.340000e+01 1.375000e+01
      vertex   5.500000e-01 2.080000e+01 1.375000e+01
      vertex   5.500000e-01 1.340000e+01 1.315000e+01
    endloop
  endfacet
  facet normal -1.000000e+00 0.000000e+00 0.000000e+00
    outer loop
      vertex   5.500000e-01 1.340000e+01 1.315000e+01
      vertex   5.500000e-01 2.080000e+01 1.375000e+01
      vertex   5.500000e-01 2.080000e+01 1.313657e+01
    endloop
  endfacet
  facet normal -1.000000e+00 4.500906e-17 -5.257870e-29
    outer loop
      vertex   5.500000e-01 5.320000e+01 1.375000e+01
      vertex   5.500000e-01 6.060000e+01 1.375000e+01
      vertex   5.500000e-01 5.320000e+01 1.316000e+01
    endloop
  endfacet
  facet normal -1.000000e+00 4.500906e-17 0.000000e+00
    outer loop
      vertex   5.500000e-01 5.320000e+01 1.316000e+01
      vertex   5.500000e-01 6.060000e+01 1.375000e+01
      vertex   5.500000e-01 6.060000e+01 1.315000e+01
    endloop
  endfacet
  facet normal 0.000000e+00 -1.000000e+00 0.000000e+00
    outer loop
      vertex   4.545000e+01 5.320000e+01 1.315000e+01
      vertex   4.545000e+01 5.320000e+01 1.354967e+01
      vertex   4.470000e+01 5.320000e+01 1.315000e+01
    endloop
  endfacet
  facet normal 0.000000e+00 -1.000000e+00 0.000000e+00
    outer loop
      vertex   4.470000e+01 5.320000e+01 1.315000e+01
      vertex   4.545000e+01 5.320000e+01 1.354967e+01
      vertex   4.400000e+01 5.320000e+01 1.465000e+01
    endloop
  endfacet
  facet normal -0.000000e+00 -1.000000e+00 0.000000e+00
    outer loop
      vertex   4.470000e+01 5.320000e+01 1.315000e+01
      vertex   4.400000e+01 5.320000e+01 1.465000e+01
      vertex   4.463530e+01 5.320000e+01 1.314148e+01
    endloop
  endfacet
  facet normal -0.000000e+00 -1.000000e+00 0.000000e+00
    outer loop
      vertex   4.463530e+01 5.320000e+01 1.314148e+01
      vertex   4.400000e+01 5.320000e+01 1.465000e+01
      vertex   4.457500e+01 5.320000e+01 1.311651e+01
    endloop
  endfacet
  facet normal -0.000000e+00 -1.000000e+00 0.000000e+00
    outer loop
      vertex   4.457500e+01 5.320000e+01 1.311651e+01
      vertex   4.400000e+01 5.320000e+01 1.465000e+01
      vertex   4.452322e+01 5.320000e+01 1.307678e+01
    endloop
  endfacet
  facet normal -0.000000e+00 -1.000000e+00 0.000000e+00
    outer loop
      vertex   4.452322e+01 5.320000e+01 1.307678e+01
      vertex   4.400000e+01 5.320000e+01 1.465000e+01
      vertex   4.448349e+01 5.320000e+01 1.302500e+01
    endloop
  endfacet
  facet normal -0.000000e+00 -1.000000e+00 0.000000e+00
    outer loop
      vertex   4.448349e+01 5.320000e+01 1.302500e+01
      vertex   4.400000e+01 5.320000e+01 1.465000e+01
      vertex   4.445852e+01 5.320000e+01 1.296470e+01
    endloop
  endfacet
  facet normal -0.000000e+00 -1.000000e+00 0.000000e+00
    outer loop
      vertex   4.445852e+01 5.320000e+01 1.296470e+01
      vertex   4.400000e+01 5.320000e+01 1.465000e+01
      vertex   4.445000e+01 5.320000e+01 1.290000e+01
    endloop
  endfacet
  facet normal 0.000000e+00 -1.000000e+00 0.000000e+00
    outer loop
      vertex   4.445000e+01 5.320000e+01 1.290000e+01
      vertex   4.400000e+01 5.320000e+01 1.465000e+01
      vertex   4.360000e+01 5.320000e+01 1.465000e+01
    endloop
  endfacet
  facet normal -0.000000e+00 -1.000000e+00 0.000000e+00
    outer loop
      vertex   4.445000e+01 5.320000e+01 1.290000e+01
      vertex   4.360000e+01 5.320000e+01 1.465000e+01
      vertex   4.360000e+01 5.320000e+01 9.650000e+00
    endloop
  endfacet
  facet normal 0.000000e+00 -1.000000e+00 0.000000e+00
    outer loop
      vertex   4.470000e+01 5.320000e+01 9.650000e+00
      vertex   4.463530e+01 5.320000e+01 9.658519e+00
      vertex   4.360000e+01 5.320000e+01 9.650000e+00
    endloop
  endfacet
  facet normal 0.000000e+00 -1.000000e+00 0.000000e+00
    outer loop
      vertex   4.360000e+01 5.320000e+01 9.650000e+00
      vertex   4.463530e+01 5.320000e+01 9.658519e+00
      vertex   4.457500e+01 5.320000e+01 9.683494e+00
    endloop
  endfacet
  facet normal 0.000000e+00 -1.000000e+00 0.000000e+00
    outer loop
      vertex   4.360000e+01 5.320000e+01 9.650000e+00
      vertex   4.457500e+01 5.320000e+01 9.683494e+00
      vertex   4.452322e+01 5.320000e+01 9.723223e+00
    endloop
  endfacet
  facet normal -0.000000e+00 -1.000000e+00 0.000000e+00
    outer loop
      vertex   4.452322e+01 5.320000e+01 9.723223e+00
      vertex   4.448349e+01 5.320000e+01 9.775000e+00
      vertex   4.360000e+01 5.320000e+01 9.650000e+00
    endloop
  endfacet
  facet normal 0.000000e+00 -1.000000e+00 0.000000e+00
    outer loop
      vertex   4.360000e+01 5.320000e+01 9.650000e+00
      vertex   4.448349e+01 5.320000e+01 9.775000e+00
      vertex   4.445852e+01 5.320000e+01 9.835295e+00
    endloop
  endfacet
  facet normal 0.000000e+00 -1.000000e+00 0.000000e+00
    outer loop
      vertex   4.360000e+01 5.320000e+01 9.650000e+00
      vertex   4.445852e+01 5.320000e+01 9.835295e+00
      vertex   4.445000e+01 5.320000e+01 9.900000e+00
    endloop
  endfacet
  facet normal -0.000000e+00 -1.000000e+00 0.000000e+00
    outer loop
      vertex   4.445000e+01 5.320000e+01 9.900000e+00
      vertex   4.445000e+01 5.320000e+01 1.290000e+01
      vertex   4.360000e+01 5.320000e+01 9.650000e+00
    endloop
  endfacet
  facet normal -0.000000e+00 1.000000e+00 0.000000e+00
    outer loop
      vertex   5.500000e-01 6.060000e+01 1.315000e+01
      vertex   5.500000e-01 6.060000e+01 1.375000e+01
      vertex   1.300000e+00 6.060000e+01 1.315000e+01
    endloop
  endfacet
  facet normal 0.000000e+00 1.000000e+00 -0.000000e+00
    outer loop
      vertex   1.300000e+00 6.060000e+01 1.315000e+01
      vertex   5.500000e-01 6.060000e+01 1.375000e+01
      vertex   2.000000e+00 6.060000e+01 1.465000e+01
    endloop
  endfacet
  facet normal -0.000000e+00 1.000000e+00 0.000000e+00
    outer loop
      vertex   1.300000e+00 6.060000e+01 1.315000e+01
      vertex   2.000000e+00 6.060000e+01 1.465000e+01
      vertex   1.364705e+00 6.060000e+01 1.314148e+01
    endloop
  endfacet
  facet normal -0.000000e+00 1.000000e+00 0.000000e+00
    outer loop
      vertex   1.364705e+00 6.060000e+01 1.314148e+01
      vertex   2.000000e+00 6.060000e+01 1.465000e+01
      vertex   1.425000e+00 6.060000e+01 1.311651e+01
    endloop
  endfacet
  facet normal -0.000000e+00 1.000000e+00 0.000000e+00
    outer loop
      vertex   1.425000e+00 6.060000e+01 1.311651e+01
      vertex   2.000000e+00 6.060000e+01 1.465000e+01
      vertex   1.476777e+00 6.060000e+01 1.307678e+01
    endloop
  endfacet
  facet normal -0.000000e+00 1.000000e+00 0.000000e+00
    outer loop
      vertex   1.476777e+00 6.060000e+01 1.307678e+01
      vertex   2.000000e+00 6.060000e+01 1.465000e+01
      vertex   1.516506e+00 6.060000e+01 1.302500e+01
    endloop
  endfacet
  facet normal -0.000000e+00 1.000000e+00 0.000000e+00
    outer loop
      vertex   1.516506e+00 6.060000e+01 1.302500e+01
      vertex   2.000000e+00 6.060000e+01 1.465000e+01
      vertex   1.541481e+00 6.060000e+01 1.296470e+01
    endloop
  endfacet
  facet normal -0.000000e+00 1.000000e+00 0.000000e+00
    outer loop
      vertex   1.541481e+00 6.060000e+01 1.296470e+01
      vertex   2.000000e+00 6.060000e+01 1.465000e+01
      vertex   1.550000e+00 6.060000e+01 1.290000e+01
    endloop
  endfacet
  facet normal 0.000000e+00 1.000000e+00 0.000000e+00
    outer loop
      vertex   1.550000e+00 6.060000e+01 1.290000e+01
      vertex   2.000000e+00 6.060000e+01 1.465000e+01
      vertex   2.400000e+00 6.060000e+01 1.465000e+01
    endloop
  endfacet
  facet normal -0.000000e+00 1.000000e+00 0.000000e+00
    outer loop
      vertex   1.550000e+00 6.060000e+01 1.290000e+01
      vertex   2.400000e+00 6.060000e+01 1.465000e+01
      vertex   2.400000e+00 6.060000e+01 9.650000e+00
    endloop
  endfacet
  facet normal 0.000000e+00 1.000000e+00 0.000000e+00
    outer loop
      vertex   1.300000e+00 6.060000e+01 9.650000e+00
      vertex   1.364705e+00 6.060000e+01 9.658519e+00
      vertex   2.400000e+00 6.060000e+01 9.650000e+00
    endloop
  endfacet
  facet normal 0.000000e+00 1.000000e+00 0.000000e+00
    outer loop
      vertex   2.400000e+00 6.060000e+01 9.650000e+00
      vertex   1.364705e+00 6.060000e+01 9.658519e+00
      vertex   1.425000e+00 6.060000e+01 9.683494e+00
    endloop
  endfacet
  facet normal 0.000000e+00 1.000000e+00 0.000000e+00
    outer loop
      vertex   2.400000e+00 6.060000e+01 9.650000e+00
      vertex   1.425000e+00 6.060000e+01 9.683494e+00
      vertex   1.476777e+00 6.060000e+01 9.723223e+00
    endloop
  endfacet
  facet normal -0.000000e+00 1.000000e+00 0.000000e+00
    outer loop
      vertex   1.476777e+00 6.060000e+01 9.723223e+00
      vertex   1.516506e+00 6.060000e+01 9.775000e+00
      vertex   2.400000e+00 6.060000e+01 9.650000e+00
    endloop
  endfacet
  facet normal 0.000000e+00 1.000000e+00 0.000000e+00
    outer loop
      vertex   2.400000e+00 6.060000e+01 9.650000e+00
      vertex   1.516506e+00 6.060000e+01 9.775000e+00
      vertex   1.541481e+00 6.060000e+01 9.835295e+00
    endloop
  endfacet
  facet normal 0.000000e+00 1.000000e+00 0.000000e+00
    outer loop
      vertex   2.400000e+00 6.060000e+01 9.650000e+00
      vertex   1.541481e+00 6.060000e+01 9.835295e+00
      vertex   1.550000e+00 6.060000e+01 9.900000e+00
    endloop
  endfacet
  facet normal -0.000000e+00 1.000000e+00 0.000000e+00
    outer loop
      vertex   1.550000e+00 6.060000e+01 9.900000e+00
      vertex   1.550000e+00 6.060000e+01 1.290000e+01
      vertex   2.400000e+00 6.060000e+01 9.650000e+00
    endloop
  endfacet
  facet normal 0.000000e+00 -1.000000e+00 7.487834e-07
    outer loop
      vertex   4.545000e+01 1.340000e+01 1.314967e+01
      vertex   4.545000e+01 1.340000e+01 1.354967e+01
      vertex   4.470000e+01 1.340000e+01 1.314967e+01
    endloop
  endfacet
  facet normal 2.345234e-07 -1.000000e+00 3.090521e-07
    outer loop
      vertex   4.470000e+01 1.340000e+01 1.314967e+01
      vertex   4.545000e+01 1.340000e+01 1.354967e+01
      vertex   4.400000e+01 1.340000e+01 1.465000e+01
    endloop
  endfacet
  facet normal -4.385809e-06 -1.000000e+00 -1.846631e-06
    outer loop
      vertex   4.470000e+01 1.340000e+01 1.314967e+01
      vertex   4.400000e+01 1.340000e+01 1.465000e+01
      vertex   4.463530e+01 1.340000e+01 1.314115e+01
    endloop
  endfacet
  facet normal -0.000000e+00 -1.000000e+00 0.000000e+00
    outer loop
      vertex   4.463530e+01 1.340000e+01 1.314115e+01
      vertex   4.400000e+01 1.340000e+01 1.465000e+01
      vertex   4.457500e+01 1.340000e+01 1.311618e+01
    endloop
  endfacet
  facet normal -0.000000e+00 -1.000000e+00 0.000000e+00
    outer loop
      vertex   4.457500e+01 1.340000e+01 1.311618e+01
      vertex   4.400000e+01 1.340000e+01 1.465000e+01
      vertex   4.452322e+01 1.340000e+01 1.307645e+01
    endloop
  endfacet
  facet normal -0.000000e+00 -1.000000e+00 0.000000e+00
    outer loop
      vertex   4.452322e+01 1.340000e+01 1.307645e+01
      vertex   4.400000e+01 1.340000e+01 1.465000e+01
      vertex   4.448349e+01 1.340000e+01 1.302467e+01
    endloop
  endfacet
  facet normal -0.000000e+00 -1.000000e+00 0.000000e+00
    outer loop
      vertex   4.448349e+01 1.340000e+01 1.302467e+01
      vertex   4.400000e+01 1.340000e+01 1.465000e+01
      vertex   4.445852e+01 1.340000e+01 1.296438e+01
    endloop
  endfacet
  facet normal -0.000000e+00 -1.000000e+00 0.000000e+00
    outer loop
      vertex   4.445852e+01 1.340000e+01 1.296438e+01
      vertex   4.400000e+01 1.340000e+01 1.465000e+01
      vertex   4.445000e+01 1.340000e+01 1.289967e+01
    endloop
  endfacet
  facet normal 0.000000e+00 -1.000000e+00 0.000000e+00
    outer loop
      vertex   4.445000e+01 1.340000e+01 1.289967e+01
      vertex   4.400000e+01 1.340000e+01 1.465000e+01
      vertex   4.360000e+01 1.340000e+01 1.465000e+01
    endloop
  endfacet
  facet normal -0.000000e+00 -1.000000e+00 0.000000e+00
    outer loop
      vertex   4.445000e+01 1.340000e+01 1.289967e+01
      vertex   4.360000e+01 1.340000e+01 1.465000e+01
      vertex   4.360000e+01 1.340000e+01 9.650000e+00
    endloop
  endfacet
  facet normal 0.000000e+00 -1.000000e+00 0.000000e+00
    outer loop
      vertex   4.470000e+01 1.340000e+01 9.650000e+00
      vertex   4.463530e+01 1.340000e+01 9.658519e+00
      vertex   4.360000e+01 1.340000e+01 9.650000e+00
    endloop
  endfacet
  facet normal 0.000000e+00 -1.000000e+00 0.000000e+00
    outer loop
      vertex   4.360000e+01 1.340000e+01 9.650000e+00
      vertex   4.463530e+01 1.340000e+01 9.658519e+00
      vertex   4.457500e+01 1.340000e+01 9.683494e+00
    endloop
  endfacet
  facet normal 0.000000e+00 -1.000000e+00 0.000000e+00
    outer loop
      vertex   4.360000e+01 1.340000e+01 9.650000e+00
      vertex   4.457500e+01 1.340000e+01 9.683494e+00
      vertex   4.452322e+01 1.340000e+01 9.723223e+00
    endloop
  endfacet
  facet normal -0.000000e+00 -1.000000e+00 0.000000e+00
    outer loop
      vertex   4.452322e+01 1.340000e+01 9.723223e+00
      vertex   4.448349e+01 1.340000e+01 9.775000e+00
      vertex   4.360000e+01 1.340000e+01 9.650000e+00
    endloop
  endfacet
  facet normal 0.000000e+00 -1.000000e+00 0.000000e+00
    outer loop
      vertex   4.360000e+01 1.340000e+01 9.650000e+00
      vertex   4.448349e+01 1.340000e+01 9.775000e+00
      vertex   4.445852e+01 1.340000e+01 9.835295e+00
    endloop
  endfacet
  facet normal 0.000000e+00 -1.000000e+00 0.000000e+00
    outer loop
      vertex   4.360000e+01 1.340000e+01 9.650000e+00
      vertex   4.445852e+01 1.340000e+01 9.835295e+00
      vertex   4.445000e+01 1.340000e+01 9.900000e+00
    endloop
  endfacet
  facet normal -0.000000e+00 -1.000000e+00 0.000000e+00
    outer loop
      vertex   4.445000e+01 1.340000e+01 9.900000e+00
      vertex   4.445000e+01 1.340000e+01 1.289967e+01
      vertex   4.360000e+01 1.340000e+01 9.650000e+00
    endloop
  endfacet
  facet normal 0.000000e+00 0.000000e+00 1.000000e+00
    outer loop
      vertex   4.400000e+01 2.080000e+01 1.465000e+01
      vertex   4.360000e+01 2.080000e+01 1.465000e+01
      vertex   4.400000e+01 1.340000e+01 1.465000e+01
    endloop
  endfacet
  facet normal 0.000000e+00 0.000000e+00 1.000000e+00
    outer loop
      vertex   4.400000e+01 1.340000e+01 1.465000e+01
      vertex   4.360000e+01 2.080000e+01 1.465000e+01
      vertex   4.360000e+01 1.340000e+01 1.465000e+01
    endloop
  endfacet
  facet normal -0.000000e+00 0.000000e+00 1.000000e+00
    outer loop
      vertex   2.220000e+01 1.000000e+00 9.650000e+00
      vertex   2.775000e+01 1.000000e+00 9.650000e+00
      vertex   2.220000e+01 2.400000e+00 9.650000e+00
    endloop
  endfacet
  facet normal -0.000000e+00 0.000000e+00 1.000000e+00
    outer loop
      vertex   2.220000e+01 2.400000e+00 9.650000e+00
      vertex   2.775000e+01 1.000000e+00 9.650000e+00
      vertex   2.775000e+01 2.400000e+00 9.650000e+00
    endloop
  endfacet
  facet normal -0.000000e+00 1.000000e+00 0.000000e+00
    outer loop
      vertex   5.500000e-01 2.080000e+01 1.313657e+01
      vertex   5.500000e-01 2.080000e+01 1.375000e+01
      vertex   1.300000e+00 2.080000e+01 1.313657e+01
    endloop
  endfacet
  facet normal 0.000000e+00 1.000000e+00 -0.000000e+00
    outer loop
      vertex   1.300000e+00 2.080000e+01 1.313657e+01
      vertex   5.500000e-01 2.080000e+01 1.375000e+01
      vertex   2.000000e+00 2.080000e+01 1.465000e+01
    endloop
  endfacet
  facet normal -0.000000e+00 1.000000e+00 0.000000e+00
    outer loop
      vertex   1.300000e+00 2.080000e+01 1.313657e+01
      vertex   2.000000e+00 2.080000e+01 1.465000e+01
      vertex   1.364705e+00 2.080000e+01 1.312805e+01
    endloop
  endfacet
  facet normal -0.000000e+00 1.000000e+00 0.000000e+00
    outer loop
      vertex   1.364705e+00 2.080000e+01 1.312805e+01
      vertex   2.000000e+00 2.080000e+01 1.465000e+01
      vertex   1.425000e+00 2.080000e+01 1.310308e+01
    endloop
  endfacet
  facet normal -0.000000e+00 1.000000e+00 0.000000e+00
    outer loop
      vertex   1.425000e+00 2.080000e+01 1.310308e+01
      vertex   2.000000e+00 2.080000e+01 1.465000e+01
      vertex   1.476777e+00 2.080000e+01 1.306335e+01
    endloop
  endfacet
  facet normal -0.000000e+00 1.000000e+00 0.000000e+00
    outer loop
      vertex   1.476777e+00 2.080000e+01 1.306335e+01
      vertex   2.000000e+00 2.080000e+01 1.465000e+01
      vertex   1.516506e+00 2.080000e+01 1.301157e+01
    endloop
  endfacet
  facet normal -0.000000e+00 1.000000e+00 0.000000e+00
    outer loop
      vertex   1.516506e+00 2.080000e+01 1.301157e+01
      vertex   2.000000e+00 2.080000e+01 1.465000e+01
      vertex   1.541481e+00 2.080000e+01 1.295127e+01
    endloop
  endfacet
  facet normal -0.000000e+00 1.000000e+00 0.000000e+00
    outer loop
      vertex   1.541481e+00 2.080000e+01 1.295127e+01
      vertex   2.000000e+00 2.080000e+01 1.465000e+01
      vertex   1.550000e+00 2.080000e+01 1.288657e+01
    endloop
  endfacet
  facet normal 0.000000e+00 1.000000e+00 0.000000e+00
    outer loop
      vertex   1.550000e+00 2.080000e+01 1.288657e+01
      vertex   2.000000e+00 2.080000e+01 1.465000e+01
      vertex   2.400000e+00 2.080000e+01 1.465000e+01
    endloop
  endfacet
  facet normal -0.000000e+00 1.000000e+00 0.000000e+00
    outer loop
      vertex   1.550000e+00 2.080000e+01 1.288657e+01
      vertex   2.400000e+00 2.080000e+01 1.465000e+01
      vertex   2.400000e+00 2.080000e+01 9.650000e+00
    endloop
  endfacet
  facet normal 0.000000e+00 1.000000e+00 0.000000e+00
    outer loop
      vertex   1.300000e+00 2.080000e+01 9.650000e+00
      vertex   1.364705e+00 2.080000e+01 9.658519e+00
      vertex   2.400000e+00 2.080000e+01 9.650000e+00
    endloop
  endfacet
  facet normal 0.000000e+00 1.000000e+00 0.000000e+00
    outer loop
      vertex   2.400000e+00 2.080000e+01 9.650000e+00
      vertex   1.364705e+00 2.080000e+01 9.658519e+00
      vertex   1.425000e+00 2.080000e+01 9.683494e+00
    endloop
  endfacet
  facet normal 0.000000e+00 1.000000e+00 0.000000e+00
    outer loop
      vertex   2.400000e+00 2.080000e+01 9.650000e+00
      vertex   1.425000e+00 2.080000e+01 9.683494e+00
      vertex   1.476777e+00 2.080000e+01 9.723223e+00
    endloop
  endfacet
  facet normal -0.000000e+00 1.000000e+00 0.000000e+00
    outer loop
      vertex   1.476777e+00 2.080000e+01 9.723223e+00
      vertex   1.516506e+00 2.080000e+01 9.775000e+00
      vertex   2.400000e+00 2.080000e+01 9.650000e+00
    endloop
  endfacet
  facet normal 0.000000e+00 1.000000e+00 0.000000e+00
    outer loop
      vertex   2.400000e+00 2.080000e+01 9.650000e+00
      vertex   1.516506e+00 2.080000e+01 9.775000e+00
      vertex   1.541481e+00 2.080000e+01 9.835295e+00
    endloop
  endfacet
  facet normal 0.000000e+00 1.000000e+00 0.000000e+00
    outer loop
      vertex   2.400000e+00 2.080000e+01 9.650000e+00
      vertex   1.541481e+00 2.080000e+01 9.835295e+00
      vertex   1.550000e+00 2.080000e+01 9.900000e+00
    endloop
  endfacet
  facet normal -0.000000e+00 1.000000e+00 0.000000e+00
    outer loop
      vertex   1.550000e+00 2.080000e+01 9.900000e+00
      vertex   1.550000e+00 2.080000e+01 1.288657e+01
      vertex   2.400000e+00 2.080000e+01 9.650000e+00
    endloop
  endfacet
  facet normal -1.000000e+00 0.000000e+00 0.000000e+00
    outer loop
      vertex   3.672923e+01 7.160000e+01 4.400000e+00
      vertex   3.672923e+01 6.892500e+01 4.400000e+00
      vertex   3.672923e+01 7.160000e+01 5.400000e+00
    endloop
  endfacet
  facet normal -1.000000e+00 -0.000000e+00 0.000000e+00
    outer loop
      vertex   3.672923e+01 7.160000e+01 5.400000e+00
      vertex   3.672923e+01 6.892500e+01 4.400000e+00
      vertex   3.672923e+01 6.892500e+01 5.400000e+00
    endloop
  endfacet
  facet normal 0.000000e+00 0.000000e+00 -1.000000e+00
    outer loop
      vertex   3.875000e+01 7.160000e+01 4.400000e+00
      vertex   3.875154e+01 7.160000e+01 4.400000e+00
      vertex   3.875000e+01 6.892500e+01 4.400000e+00
    endloop
  endfacet
  facet normal 0.000000e+00 0.000000e+00 -1.000000e+00
    outer loop
      vertex   3.875000e+01 6.892500e+01 4.400000e+00
      vertex   3.875154e+01 7.160000e+01 4.400000e+00
      vertex   3.875154e+01 6.892500e+01 4.400000e+00
    endloop
  endfacet
  facet normal 0.000000e+00 0.000000e+00 -1.000000e+00
    outer loop
      vertex   3.672923e+01 7.160000e+01 4.400000e+00
      vertex   3.675000e+01 7.160000e+01 4.400000e+00
      vertex   3.672923e+01 6.892500e+01 4.400000e+00
    endloop
  endfacet
  facet normal 0.000000e+00 0.000000e+00 -1.000000e+00
    outer loop
      vertex   3.672923e+01 6.892500e+01 4.400000e+00
      vertex   3.675000e+01 7.160000e+01 4.400000e+00
      vertex   3.675000e+01 6.892500e+01 4.400000e+00
    endloop
  endfacet
  facet normal 1.000000e+00 0.000000e+00 0.000000e+00
    outer loop
      vertex   3.875154e+01 7.160000e+01 5.400000e+00
      vertex   3.875154e+01 6.892500e+01 5.400000e+00
      vertex   3.875154e+01 7.160000e+01 4.400000e+00
    endloop
  endfacet
  facet normal 1.000000e+00 0.000000e+00 0.000000e+00
    outer loop
      vertex   3.875154e+01 7.160000e+01 4.400000e+00
      vertex   3.875154e+01 6.892500e+01 5.400000e+00
      vertex   3.875154e+01 6.892500e+01 4.400000e+00
    endloop
  endfacet
  facet normal 0.000000e+00 -1.000000e+00 0.000000e+00
    outer loop
      vertex   3.875154e+01 6.892500e+01 4.400000e+00
      vertex   3.875154e+01 6.892500e+01 5.400000e+00
      vertex   3.875000e+01 6.892500e+01 4.400000e+00
    endloop
  endfacet
  facet normal 0.000000e+00 -1.000000e+00 0.000000e+00
    outer loop
      vertex   3.875000e+01 6.892500e+01 4.400000e+00
      vertex   3.875154e+01 6.892500e+01 5.400000e+00
      vertex   3.675000e+01 6.892500e+01 4.400000e+00
    endloop
  endfacet
  facet normal 0.000000e+00 -1.000000e+00 0.000000e+00
    outer loop
      vertex   3.675000e+01 6.892500e+01 4.400000e+00
      vertex   3.875154e+01 6.892500e+01 5.400000e+00
      vertex   3.672923e+01 6.892500e+01 5.400000e+00
    endloop
  endfacet
  facet normal 0.000000e+00 -1.000000e+00 0.000000e+00
    outer loop
      vertex   3.675000e+01 6.892500e+01 4.400000e+00
      vertex   3.672923e+01 6.892500e+01 5.400000e+00
      vertex   3.672923e+01 6.892500e+01 4.400000e+00
    endloop
  endfacet
  facet normal 0.000000e+00 0.000000e+00 1.000000e+00
    outer loop
      vertex   3.875154e+01 7.160000e+01 5.400000e+00
      vertex   3.672923e+01 7.160000e+01 5.400000e+00
      vertex   3.875154e+01 6.892500e+01 5.400000e+00
    endloop
  endfacet
  facet normal 0.000000e+00 0.000000e+00 1.000000e+00
    outer loop
      vertex   3.875154e+01 6.892500e+01 5.400000e+00
      vertex   3.672923e+01 7.160000e+01 5.400000e+00
      vertex   3.672923e+01 6.892500e+01 5.400000e+00
    endloop
  endfacet
  facet normal -0.000000e+00 -1.000000e+00 -0.000000e+00
    outer loop
      vertex   3.675000e+01 7.160000e+01 4.400000e+00
      vertex   3.672923e+01 7.160000e+01 4.400000e+00
      vertex   3.675000e+01 7.160000e+01 2.150000e+00
    endloop
  endfacet
  facet normal 0.000000e+00 -1.000000e+00 0.000000e+00
    outer loop
      vertex   3.675000e+01 7.160000e+01 2.150000e+00
      vertex   3.672923e+01 7.160000e+01 4.400000e+00
      vertex   9.400000e+00 7.160000e+01 2.150000e+00
    endloop
  endfacet
  facet normal 0.000000e+00 -1.000000e+00 0.000000e+00
    outer loop
      vertex   9.400000e+00 7.160000e+01 2.150000e+00
      vertex   3.672923e+01 7.160000e+01 4.400000e+00
      vertex   9.400000e+00 7.160000e+01 5.400000e+00
    endloop
  endfacet
  facet normal 0.000000e+00 -1.000000e+00 0.000000e+00
    outer loop
      vertex   9.400000e+00 7.160000e+01 5.400000e+00
      vertex   3.672923e+01 7.160000e+01 4.400000e+00
      vertex   3.672923e+01 7.160000e+01 5.400000e+00
    endloop
  endfacet
  facet normal 0.000000e+00 -1.000000e+00 0.000000e+00
    outer loop
      vertex   9.400000e+00 7.160000e+01 5.400000e+00
      vertex   3.672923e+01 7.160000e+01 5.400000e+00
      vertex   4.360000e+01 7.160000e+01 9.650000e+00
    endloop
  endfacet
  facet normal 0.000000e+00 -1.000000e+00 0.000000e+00
    outer loop
      vertex   4.360000e+01 7.160000e+01 9.650000e+00
      vertex   3.672923e+01 7.160000e+01 5.400000e+00
      vertex   3.875154e+01 7.160000e+01 5.400000e+00
    endloop
  endfacet
  facet normal 0.000000e+00 -1.000000e+00 0.000000e+00
    outer loop
      vertex   4.360000e+01 7.160000e+01 9.650000e+00
      vertex   3.875154e+01 7.160000e+01 5.400000e+00
      vertex   4.360000e+01 7.160000e+01 2.150000e+00
    endloop
  endfacet
  facet normal 0.000000e+00 -1.000000e+00 0.000000e+00
    outer loop
      vertex   4.360000e+01 7.160000e+01 2.150000e+00
      vertex   3.875154e+01 7.160000e+01 5.400000e+00
      vertex   3.875154e+01 7.160000e+01 4.400000e+00
    endloop
  endfacet
  facet normal 0.000000e+00 -1.000000e+00 0.000000e+00
    outer loop
      vertex   4.360000e+01 7.160000e+01 2.150000e+00
      vertex   3.875154e+01 7.160000e+01 4.400000e+00
      vertex   3.875000e+01 7.160000e+01 2.150000e+00
    endloop
  endfacet
  facet normal 0.000000e+00 -1.000000e+00 0.000000e+00
    outer loop
      vertex   3.875000e+01 7.160000e+01 2.150000e+00
      vertex   3.875154e+01 7.160000e+01 4.400000e+00
      vertex   3.875000e+01 7.160000e+01 4.400000e+00
    endloop
  endfacet
  facet normal -0.000000e+00 -1.000000e+00 0.000000e+00
    outer loop
      vertex   4.360000e+01 7.160000e+01 9.650000e+00
      vertex   2.400000e+00 7.160000e+01 9.650000e+00
      vertex   9.400000e+00 7.160000e+01 5.400000e+00
    endloop
  endfacet
  facet normal 0.000000e+00 -1.000000e+00 0.000000e+00
    outer loop
      vertex   9.400000e+00 7.160000e+01 5.400000e+00
      vertex   2.400000e+00 7.160000e+01 9.650000e+00
      vertex   7.400000e+00 7.160000e+01 5.400000e+00
    endloop
  endfacet
  facet normal -0.000000e+00 -1.000000e+00 0.000000e+00
    outer loop
      vertex   7.400000e+00 7.160000e+01 5.400000e+00
      vertex   2.400000e+00 7.160000e+01 9.650000e+00
      vertex   2.400000e+00 7.160000e+01 2.150000e+00
    endloop
  endfacet
  facet normal 0.000000e+00 -1.000000e+00 -0.000000e+00
    outer loop
      vertex   7.400000e+00 7.160000e+01 5.400000e+00
      vertex   2.400000e+00 7.160000e+01 2.150000e+00
      vertex   7.400000e+00 7.160000e+01 2.150000e+00
    endloop
  endfacet
  facet normal 0.000000e+00 -1.000000e+00 0.000000e+00
    outer loop
      vertex   7.400000e+00 6.875000e+01 4.400000e+00
      vertex   9.400000e+00 6.875000e+01 4.400000e+00
      vertex   7.400000e+00 6.875000e+01 5.400000e+00
    endloop
  endfacet
  facet normal 0.000000e+00 -1.000000e+00 0.000000e+00
    outer loop
      vertex   7.400000e+00 6.875000e+01 5.400000e+00
      vertex   9.400000e+00 6.875000e+01 4.400000e+00
      vertex   9.400000e+00 6.875000e+01 5.400000e+00
    endloop
  endfacet
  facet normal 0.000000e+00 0.000000e+00 1.000000e+00
    outer loop
      vertex   7.400000e+00 6.875000e+01 5.400000e+00
      vertex   9.400000e+00 6.875000e+01 5.400000e+00
      vertex   7.400000e+00 7.160000e+01 5.400000e+00
    endloop
  endfacet
  facet normal -0.000000e+00 0.000000e+00 1.000000e+00
    outer loop
      vertex   7.400000e+00 7.160000e+01 5.400000e+00
      vertex   9.400000e+00 6.875000e+01 5.400000e+00
      vertex   9.400000e+00 7.160000e+01 5.400000e+00
    endloop
  endfacet
  facet normal 0.000000e+00 0.000000e+00 1.000000e+00
    outer loop
      vertex   9.400000e+00 6.875000e+01 4.400000e+00
      vertex   7.400000e+00 6.875000e+01 4.400000e+00
      vertex   9.400000e+00 6.660000e+01 4.400000e+00
    endloop
  endfacet
  facet normal 0.000000e+00 0.000000e+00 1.000000e+00
    outer loop
      vertex   9.400000e+00 6.660000e+01 4.400000e+00
      vertex   7.400000e+00 6.875000e+01 4.400000e+00
      vertex   7.400000e+00 6.660000e+01 4.400000e+00
    endloop
  endfacet
  facet normal -1.000000e+00 5.111818e-17 0.000000e+00
    outer loop
      vertex   1.000000e+00 2.250000e+00 9.650000e+00
      vertex   1.000000e+00 7.175000e+01 9.650000e+00
      vertex   1.000000e+00 2.250000e+00 8.650000e+00
    endloop
  endfacet
  facet normal -1.000000e+00 5.111818e-17 0.000000e+00
    outer loop
      vertex   1.000000e+00 2.250000e+00 8.650000e+00
      vertex   1.000000e+00 7.175000e+01 9.650000e+00
      vertex   1.000000e+00 7.175000e+01 8.650000e+00
    endloop
  endfacet
  facet normal -9.914449e-01 1.305262e-01 0.000000e+00
    outer loop
      vertex   1.000000e+00 7.175000e+01 8.650000e+00
      vertex   1.000000e+00 7.175000e+01 9.650000e+00
      vertex   1.042593e+00 7.207352e+01 8.650000e+00
    endloop
  endfacet
  facet normal -9.914449e-01 1.305262e-01 0.000000e+00
    outer loop
      vertex   1.042593e+00 7.207352e+01 8.650000e+00
      vertex   1.000000e+00 7.175000e+01 9.650000e+00
      vertex   1.042593e+00 7.207352e+01 9.650000e+00
    endloop
  endfacet
  facet normal -9.238795e-01 3.826834e-01 0.000000e+00
    outer loop
      vertex   1.042593e+00 7.207352e+01 8.650000e+00
      vertex   1.042593e+00 7.207352e+01 9.650000e+00
      vertex   1.167468e+00 7.237500e+01 8.650000e+00
    endloop
  endfacet
  facet normal -9.238795e-01 3.826834e-01 0.000000e+00
    outer loop
      vertex   1.167468e+00 7.237500e+01 8.650000e+00
      vertex   1.042593e+00 7.207352e+01 9.650000e+00
      vertex   1.167468e+00 7.237500e+01 9.650000e+00
    endloop
  endfacet
  facet normal -7.933533e-01 6.087614e-01 0.000000e+00
    outer loop
      vertex   1.167468e+00 7.237500e+01 8.650000e+00
      vertex   1.167468e+00 7.237500e+01 9.650000e+00
      vertex   1.366117e+00 7.263388e+01 8.650000e+00
    endloop
  endfacet
  facet normal -7.933533e-01 6.087614e-01 0.000000e+00
    outer loop
      vertex   1.366117e+00 7.263388e+01 8.650000e+00
      vertex   1.167468e+00 7.237500e+01 9.650000e+00
      vertex   1.366117e+00 7.263388e+01 9.650000e+00
    endloop
  endfacet
  facet normal -6.087614e-01 7.933533e-01 0.000000e+00
    outer loop
      vertex   1.366117e+00 7.263388e+01 8.650000e+00
      vertex   1.366117e+00 7.263388e+01 9.650000e+00
      vertex   1.625000e+00 7.283253e+01 8.650000e+00
    endloop
  endfacet
  facet normal -6.087614e-01 7.933533e-01 0.000000e+00
    outer loop
      vertex   1.625000e+00 7.283253e+01 8.650000e+00
      vertex   1.366117e+00 7.263388e+01 9.650000e+00
      vertex   1.625000e+00 7.283253e+01 9.650000e+00
    endloop
  endfacet
  facet normal -3.826834e-01 9.238795e-01 0.000000e+00
    outer loop
      vertex   1.625000e+00 7.283253e+01 8.650000e+00
      vertex   1.625000e+00 7.283253e+01 9.650000e+00
      vertex   1.926476e+00 7.295741e+01 8.650000e+00
    endloop
  endfacet
  facet normal -3.826834e-01 9.238795e-01 0.000000e+00
    outer loop
      vertex   1.926476e+00 7.295741e+01 8.650000e+00
      vertex   1.625000e+00 7.283253e+01 9.650000e+00
      vertex   1.926476e+00 7.295741e+01 9.650000e+00
    endloop
  endfacet
  facet normal -1.305262e-01 9.914449e-01 0.000000e+00
    outer loop
      vertex   1.926476e+00 7.295741e+01 8.650000e+00
      vertex   1.926476e+00 7.295741e+01 9.650000e+00
      vertex   2.250000e+00 7.300000e+01 8.650000e+00
    endloop
  endfacet
  facet normal -1.305262e-01 9.914449e-01 0.000000e+00
    outer loop
      vertex   2.250000e+00 7.300000e+01 8.650000e+00
      vertex   1.926476e+00 7.295741e+01 9.650000e+00
      vertex   2.250000e+00 7.300000e+01 9.650000e+00
    endloop
  endfacet
  facet normal -0.000000e+00 1.000000e+00 0.000000e+00
    outer loop
      vertex   2.250000e+00 7.300000e+01 9.650000e+00
      vertex   4.375000e+01 7.300000e+01 9.650000e+00
      vertex   2.250000e+00 7.300000e+01 8.650000e+00
    endloop
  endfacet
  facet normal 0.000000e+00 1.000000e+00 0.000000e+00
    outer loop
      vertex   2.250000e+00 7.300000e+01 8.650000e+00
      vertex   4.375000e+01 7.300000e+01 9.650000e+00
      vertex   4.375000e+01 7.300000e+01 8.650000e+00
    endloop
  endfacet
  facet normal 1.305262e-01 9.914449e-01 -0.000000e+00
    outer loop
      vertex   4.375000e+01 7.300000e+01 8.650000e+00
      vertex   4.375000e+01 7.300000e+01 9.650000e+00
      vertex   4.407352e+01 7.295741e+01 8.650000e+00
    endloop
  endfacet
  facet normal 1.305262e-01 9.914449e-01 -0.000000e+00
    outer loop
      vertex   4.407352e+01 7.295741e+01 8.650000e+00
      vertex   4.375000e+01 7.300000e+01 9.650000e+00
      vertex   4.407352e+01 7.295741e+01 9.650000e+00
    endloop
  endfacet
  facet normal 3.826834e-01 9.238795e-01 -0.000000e+00
    outer loop
      vertex   4.407352e+01 7.295741e+01 8.650000e+00
      vertex   4.407352e+01 7.295741e+01 9.650000e+00
      vertex   4.437500e+01 7.283253e+01 8.650000e+00
    endloop
  endfacet
  facet normal 3.826834e-01 9.238795e-01 -0.000000e+00
    outer loop
      vertex   4.437500e+01 7.283253e+01 8.650000e+00
      vertex   4.407352e+01 7.295741e+01 9.650000e+00
      vertex   4.437500e+01 7.283253e+01 9.650000e+00
    endloop
  endfacet
  facet normal 6.087614e-01 7.933533e-01 -0.000000e+00
    outer loop
      vertex   4.437500e+01 7.283253e+01 8.650000e+00
      vertex   4.437500e+01 7.283253e+01 9.650000e+00
      vertex   4.463388e+01 7.263388e+01 8.650000e+00
    endloop
  endfacet
  facet normal 6.087614e-01 7.933533e-01 -0.000000e+00
    outer loop
      vertex   4.463388e+01 7.263388e+01 8.650000e+00
      vertex   4.437500e+01 7.283253e+01 9.650000e+00
      vertex   4.463388e+01 7.263388e+01 9.650000e+00
    endloop
  endfacet
  facet normal 7.933533e-01 6.087614e-01 -0.000000e+00
    outer loop
      vertex   4.463388e+01 7.263388e+01 8.650000e+00
      vertex   4.463388e+01 7.263388e+01 9.650000e+00
      vertex   4.483253e+01 7.237500e+01 8.650000e+00
    endloop
  endfacet
  facet normal 7.933533e-01 6.087614e-01 -0.000000e+00
    outer loop
      vertex   4.483253e+01 7.237500e+01 8.650000e+00
      vertex   4.463388e+01 7.263388e+01 9.650000e+00
      vertex   4.483253e+01 7.237500e+01 9.650000e+00
    endloop
  endfacet
  facet normal 9.238795e-01 3.826834e-01 -0.000000e+00
    outer loop
      vertex   4.483253e+01 7.237500e+01 8.650000e+00
      vertex   4.483253e+01 7.237500e+01 9.650000e+00
      vertex   4.495741e+01 7.207352e+01 8.650000e+00
    endloop
  endfacet
  facet normal 9.238795e-01 3.826834e-01 -0.000000e+00
    outer loop
      vertex   4.495741e+01 7.207352e+01 8.650000e+00
      vertex   4.483253e+01 7.237500e+01 9.650000e+00
      vertex   4.495741e+01 7.207352e+01 9.650000e+00
    endloop
  endfacet
  facet normal 9.914449e-01 1.305262e-01 -0.000000e+00
    outer loop
      vertex   4.495741e+01 7.207352e+01 8.650000e+00
      vertex   4.495741e+01 7.207352e+01 9.650000e+00
      vertex   4.500000e+01 7.175000e+01 8.650000e+00
    endloop
  endfacet
  facet normal 9.914449e-01 1.305262e-01 -0.000000e+00
    outer loop
      vertex   4.500000e+01 7.175000e+01 8.650000e+00
      vertex   4.495741e+01 7.207352e+01 9.650000e+00
      vertex   4.500000e+01 7.175000e+01 9.650000e+00
    endloop
  endfacet
  facet normal 1.000000e+00 0.000000e+00 0.000000e+00
    outer loop
      vertex   4.500000e+01 7.175000e+01 9.650000e+00
      vertex   4.500000e+01 2.250000e+00 9.650000e+00
      vertex   4.500000e+01 7.175000e+01 8.650000e+00
    endloop
  endfacet
  facet normal 1.000000e+00 0.000000e+00 0.000000e+00
    outer loop
      vertex   4.500000e+01 7.175000e+01 8.650000e+00
      vertex   4.500000e+01 2.250000e+00 9.650000e+00
      vertex   4.500000e+01 2.250000e+00 8.650000e+00
    endloop
  endfacet
  facet normal 9.914449e-01 -1.305262e-01 0.000000e+00
    outer loop
      vertex   4.500000e+01 2.250000e+00 8.650000e+00
      vertex   4.500000e+01 2.250000e+00 9.650000e+00
      vertex   4.495741e+01 1.926476e+00 8.650000e+00
    endloop
  endfacet
  facet normal 9.914449e-01 -1.305262e-01 0.000000e+00
    outer loop
      vertex   4.495741e+01 1.926476e+00 8.650000e+00
      vertex   4.500000e+01 2.250000e+00 9.650000e+00
      vertex   4.495741e+01 1.926476e+00 9.650000e+00
    endloop
  endfacet
  facet normal 9.238795e-01 -3.826834e-01 0.000000e+00
    outer loop
      vertex   4.495741e+01 1.926476e+00 8.650000e+00
      vertex   4.495741e+01 1.926476e+00 9.650000e+00
      vertex   4.483253e+01 1.625000e+00 8.650000e+00
    endloop
  endfacet
  facet normal 9.238795e-01 -3.826834e-01 0.000000e+00
    outer loop
      vertex   4.483253e+01 1.625000e+00 8.650000e+00
      vertex   4.495741e+01 1.926476e+00 9.650000e+00
      vertex   4.483253e+01 1.625000e+00 9.650000e+00
    endloop
  endfacet
  facet normal 7.933533e-01 -6.087614e-01 0.000000e+00
    outer loop
      vertex   4.483253e+01 1.625000e+00 8.650000e+00
      vertex   4.483253e+01 1.625000e+00 9.650000e+00
      vertex   4.463388e+01 1.366117e+00 8.650000e+00
    endloop
  endfacet
  facet normal 7.933533e-01 -6.087614e-01 0.000000e+00
    outer loop
      vertex   4.463388e+01 1.366117e+00 8.650000e+00
      vertex   4.483253e+01 1.625000e+00 9.650000e+00
      vertex   4.463388e+01 1.366117e+00 9.650000e+00
    endloop
  endfacet
  facet normal 6.087614e-01 -7.933533e-01 0.000000e+00
    outer loop
      vertex   4.463388e+01 1.366117e+00 8.650000e+00
      vertex   4.463388e+01 1.366117e+00 9.650000e+00
      vertex   4.437500e+01 1.167468e+00 8.650000e+00
    endloop
  endfacet
  facet normal 6.087614e-01 -7.933533e-01 0.000000e+00
    outer loop
      vertex   4.437500e+01 1.167468e+00 8.650000e+00
      vertex   4.463388e+01 1.366117e+00 9.650000e+00
      vertex   4.437500e+01 1.167468e+00 9.650000e+00
    endloop
  endfacet
  facet normal 3.826834e-01 -9.238795e-01 0.000000e+00
    outer loop
      vertex   4.437500e+01 1.167468e+00 8.650000e+00
      vertex   4.437500e+01 1.167468e+00 9.650000e+00
      vertex   4.407352e+01 1.042593e+00 8.650000e+00
    endloop
  endfacet
  facet normal 3.826834e-01 -9.238795e-01 0.000000e+00
    outer loop
      vertex   4.407352e+01 1.042593e+00 8.650000e+00
      vertex   4.437500e+01 1.167468e+00 9.650000e+00
      vertex   4.407352e+01 1.042593e+00 9.650000e+00
    endloop
  endfacet
  facet normal 1.305262e-01 -9.914449e-01 0.000000e+00
    outer loop
      vertex   4.407352e+01 1.042593e+00 8.650000e+00
      vertex   4.407352e+01 1.042593e+00 9.650000e+00
      vertex   4.375000e+01 1.000000e+00 8.650000e+00
    endloop
  endfacet
  facet normal 1.305262e-01 -9.914449e-01 0.000000e+00
    outer loop
      vertex   4.375000e+01 1.000000e+00 8.650000e+00
      vertex   4.407352e+01 1.042593e+00 9.650000e+00
      vertex   4.375000e+01 1.000000e+00 9.650000e+00
    endloop
  endfacet
  facet normal 0.000000e+00 -1.000000e+00 6.661338e-16
    outer loop
      vertex   2.220000e+01 1.000000e+00 8.650000e+00
      vertex   2.775000e+01 1.000000e+00 8.650000e+00
      vertex   2.220000e+01 1.000000e+00 9.650000e+00
    endloop
  endfacet
  facet normal -4.000804e-17 -1.000000e+00 4.440892e-16
    outer loop
      vertex   2.220000e+01 1.000000e+00 9.650000e+00
      vertex   2.775000e+01 1.000000e+00 8.650000e+00
      vertex   2.775000e+01 1.000000e+00 9.650000e+00
    endloop
  endfacet
  facet normal -1.305262e-01 -9.914449e-01 0.000000e+00
    outer loop
      vertex   2.250000e+00 1.000000e+00 8.650000e+00
      vertex   2.250000e+00 1.000000e+00 9.650000e+00
      vertex   1.926476e+00 1.042593e+00 8.650000e+00
    endloop
  endfacet
  facet normal -1.305262e-01 -9.914449e-01 0.000000e+00
    outer loop
      vertex   1.926476e+00 1.042593e+00 8.650000e+00
      vertex   2.250000e+00 1.000000e+00 9.650000e+00
      vertex   1.926476e+00 1.042593e+00 9.650000e+00
    endloop
  endfacet
  facet normal -3.826834e-01 -9.238795e-01 0.000000e+00
    outer loop
      vertex   1.926476e+00 1.042593e+00 8.650000e+00
      vertex   1.926476e+00 1.042593e+00 9.650000e+00
      vertex   1.625000e+00 1.167468e+00 8.650000e+00
    endloop
  endfacet
  facet normal -3.826834e-01 -9.238795e-01 0.000000e+00
    outer loop
      vertex   1.625000e+00 1.167468e+00 8.650000e+00
      vertex   1.926476e+00 1.042593e+00 9.650000e+00
      vertex   1.625000e+00 1.167468e+00 9.650000e+00
    endloop
  endfacet
  facet normal -6.087614e-01 -7.933533e-01 0.000000e+00
    outer loop
      vertex   1.625000e+00 1.167468e+00 8.650000e+00
      vertex   1.625000e+00 1.167468e+00 9.650000e+00
      vertex   1.366117e+00 1.366117e+00 8.650000e+00
    endloop
  endfacet
  facet normal -6.087614e-01 -7.933533e-01 0.000000e+00
    outer loop
      vertex   1.366117e+00 1.366117e+00 8.650000e+00
      vertex   1.625000e+00 1.167468e+00 9.650000e+00
      vertex   1.366117e+00 1.366117e+00 9.650000e+00
    endloop
  endfacet
  facet normal -7.933533e-01 -6.087614e-01 0.000000e+00
    outer loop
      vertex   1.366117e+00 1.366117e+00 8.650000e+00
      vertex   1.366117e+00 1.366117e+00 9.650000e+00
      vertex   1.167468e+00 1.625000e+00 8.650000e+00
    endloop
  endfacet
  facet normal -7.933533e-01 -6.087614e-01 0.000000e+00
    outer loop
      vertex   1.167468e+00 1.625000e+00 8.650000e+00
      vertex   1.366117e+00 1.366117e+00 9.650000e+00
      vertex   1.167468e+00 1.625000e+00 9.650000e+00
    endloop
  endfacet
  facet normal -9.238795e-01 -3.826834e-01 0.000000e+00
    outer loop
      vertex   1.167468e+00 1.625000e+00 8.650000e+00
      vertex   1.167468e+00 1.625000e+00 9.650000e+00
      vertex   1.042593e+00 1.926476e+00 8.650000e+00
    endloop
  endfacet
  facet normal -9.238795e-01 -3.826834e-01 0.000000e+00
    outer loop
      vertex   1.042593e+00 1.926476e+00 8.650000e+00
      vertex   1.167468e+00 1.625000e+00 9.650000e+00
      vertex   1.042593e+00 1.926476e+00 9.650000e+00
    endloop
  endfacet
  facet normal -9.914449e-01 -1.305262e-01 0.000000e+00
    outer loop
      vertex   1.042593e+00 1.926476e+00 8.650000e+00
      vertex   1.042593e+00 1.926476e+00 9.650000e+00
      vertex   1.000000e+00 2.250000e+00 8.650000e+00
    endloop
  endfacet
  facet normal -9.914449e-01 -1.305262e-01 0.000000e+00
    outer loop
      vertex   1.000000e+00 2.250000e+00 8.650000e+00
      vertex   1.042593e+00 1.926476e+00 9.650000e+00
      vertex   1.000000e+00 2.250000e+00 9.650000e+00
    endloop
  endfacet
  facet normal 1.000000e+00 0.000000e+00 0.000000e+00
    outer loop
      vertex   4.600000e+01 2.250000e+00 1.500000e+00
      vertex   4.600000e+01 7.175000e+01 1.500000e+00
      vertex   4.600000e+01 2.250000e+00 8.650000e+00
    endloop
  endfacet
  facet normal 1.000000e+00 -0.000000e+00 0.000000e+00
    outer loop
      vertex   4.600000e+01 2.250000e+00 8.650000e+00
      vertex   4.600000e+01 7.175000e+01 1.500000e+00
      vertex   4.600000e+01 7.175000e+01 8.650000e+00
    endloop
  endfacet
  facet normal 0.000000e+00 -1.000000e+00 0.000000e+00
    outer loop
      vertex   3.675000e+01 6.660000e+01 2.150000e+00
      vertex   3.875000e+01 6.660000e+01 2.150000e+00
      vertex   3.675000e+01 6.660000e+01 4.400000e+00
    endloop
  endfacet
  facet normal 0.000000e+00 -1.000000e+00 0.000000e+00
    outer loop
      vertex   3.675000e+01 6.660000e+01 4.400000e+00
      vertex   3.875000e+01 6.660000e+01 2.150000e+00
      vertex   3.875000e+01 6.660000e+01 4.400000e+00
    endloop
  endfacet
  facet normal -1.000000e+00 -0.000000e+00 -0.000000e+00
    outer loop
      vertex   3.675000e+01 7.160000e+01 4.400000e+00
      vertex   3.675000e+01 7.160000e+01 2.150000e+00
      vertex   3.675000e+01 6.892500e+01 4.400000e+00
    endloop
  endfacet
  facet normal -1.000000e+00 0.000000e+00 -0.000000e+00
    outer loop
      vertex   3.675000e+01 6.892500e+01 4.400000e+00
      vertex   3.675000e+01 7.160000e+01 2.150000e+00
      vertex   3.675000e+01 6.660000e+01 2.150000e+00
    endloop
  endfacet
  facet normal -1.000000e+00 -0.000000e+00 0.000000e+00
    outer loop
      vertex   3.675000e+01 6.892500e+01 4.400000e+00
      vertex   3.675000e+01 6.660000e+01 2.150000e+00
      vertex   3.675000e+01 6.660000e+01 4.400000e+00
    endloop
  endfacet
  facet normal 1.000000e+00 -0.000000e+00 0.000000e+00
    outer loop
      vertex   3.875000e+01 6.660000e+01 4.400000e+00
      vertex   3.875000e+01 6.660000e+01 2.150000e+00
      vertex   3.875000e+01 6.892500e+01 4.400000e+00
    endloop
  endfacet
  facet normal 1.000000e+00 0.000000e+00 0.000000e+00
    outer loop
      vertex   3.875000e+01 6.892500e+01 4.400000e+00
      vertex   3.875000e+01 6.660000e+01 2.150000e+00
      vertex   3.875000e+01 7.160000e+01 2.150000e+00
    endloop
  endfacet
  facet normal 1.000000e+00 -0.000000e+00 0.000000e+00
    outer loop
      vertex   3.875000e+01 6.892500e+01 4.400000e+00
      vertex   3.875000e+01 7.160000e+01 2.150000e+00
      vertex   3.875000e+01 7.160000e+01 4.400000e+00
    endloop
  endfacet
  facet normal 0.000000e+00 0.000000e+00 1.000000e+00
    outer loop
      vertex   3.875000e+01 6.892500e+01 4.400000e+00
      vertex   3.675000e+01 6.892500e+01 4.400000e+00
      vertex   3.875000e+01 6.660000e+01 4.400000e+00
    endloop
  endfacet
  facet normal 0.000000e+00 0.000000e+00 1.000000e+00
    outer loop
      vertex   3.875000e+01 6.660000e+01 4.400000e+00
      vertex   3.675000e+01 6.892500e+01 4.400000e+00
      vertex   3.675000e+01 6.660000e+01 4.400000e+00
    endloop
  endfacet
  facet normal 0.000000e+00 1.000000e+00 -0.000000e+00
    outer loop
      vertex   4.900000e+00 1.973156e+01 2.150000e+00
      vertex   2.400000e+00 1.973156e+01 2.150000e+00
      vertex   4.900000e+00 1.973156e+01 4.400000e+00
    endloop
  endfacet
  facet normal 0.000000e+00 1.000000e+00 0.000000e+00
    outer loop
      vertex   4.900000e+00 1.973156e+01 4.400000e+00
      vertex   2.400000e+00 1.973156e+01 2.150000e+00
      vertex   2.400000e+00 1.973156e+01 4.400000e+00
    endloop
  endfacet
  facet normal 1.000000e+00 0.000000e+00 0.000000e+00
    outer loop
      vertex   4.900000e+00 1.823156e+01 2.150000e+00
      vertex   4.900000e+00 1.973156e+01 2.150000e+00
      vertex   4.900000e+00 1.823156e+01 4.400000e+00
    endloop
  endfacet
  facet normal 1.000000e+00 -0.000000e+00 0.000000e+00
    outer loop
      vertex   4.900000e+00 1.823156e+01 4.400000e+00
      vertex   4.900000e+00 1.973156e+01 2.150000e+00
      vertex   4.900000e+00 1.973156e+01 4.400000e+00
    endloop
  endfacet
  facet normal 0.000000e+00 -1.000000e+00 0.000000e+00
    outer loop
      vertex   2.400000e+00 1.823156e+01 2.150000e+00
      vertex   4.900000e+00 1.823156e+01 2.150000e+00
      vertex   2.400000e+00 1.823156e+01 4.400000e+00
    endloop
  endfacet
  facet normal 0.000000e+00 -1.000000e+00 0.000000e+00
    outer loop
      vertex   2.400000e+00 1.823156e+01 4.400000e+00
      vertex   4.900000e+00 1.823156e+01 2.150000e+00
      vertex   4.900000e+00 1.823156e+01 4.400000e+00
    endloop
  endfacet
  facet normal 0.000000e+00 0.000000e+00 1.000000e+00
    outer loop
      vertex   2.400000e+00 1.823156e+01 4.400000e+00
      vertex   4.900000e+00 1.823156e+01 4.400000e+00
      vertex   2.400000e+00 1.973156e+01 4.400000e+00
    endloop
  endfacet
  facet normal -0.000000e+00 0.000000e+00 1.000000e+00
    outer loop
      vertex   2.400000e+00 1.973156e+01 4.400000e+00
      vertex   4.900000e+00 1.823156e+01 4.400000e+00
      vertex   4.900000e+00 1.973156e+01 4.400000e+00
    endloop
  endfacet
  facet normal -0.000000e+00 0.000000e+00 1.000000e+00
    outer loop
      vertex   2.203334e+01 6.550000e+01 2.150000e+00
      vertex   4.900000e+00 1.973156e+01 2.150000e+00
      vertex   2.256267e+01 6.550000e+01 2.150000e+00
    endloop
  endfacet
  facet normal 0.000000e+00 0.000000e+00 1.000000e+00
    outer loop
      vertex   2.256267e+01 6.550000e+01 2.150000e+00
      vertex   4.900000e+00 1.973156e+01 2.150000e+00
      vertex   4.110000e+01 2.007956e+01 2.150000e+00
    endloop
  endfacet
  facet normal -9.966853e-17 -4.067746e-17 1.000000e+00
    outer loop
      vertex   2.256267e+01 6.550000e+01 2.150000e+00
      vertex   4.110000e+01 2.007956e+01 2.150000e+00
      vertex   2.701833e+01 6.550000e+01 2.150000e+00
    endloop
  endfacet
  facet normal 5.255200e-32 -9.777300e-18 1.000000e+00
    outer loop
      vertex   2.701833e+01 6.550000e+01 2.150000e+00
      vertex   4.110000e+01 2.007956e+01 2.150000e+00
      vertex   2.966226e+01 6.550000e+01 2.150000e+00
    endloop
  endfacet
  facet normal 3.882667e-17 0.000000e+00 1.000000e+00
    outer loop
      vertex   2.966226e+01 6.550000e+01 2.150000e+00
      vertex   4.110000e+01 2.007956e+01 2.150000e+00
      vertex   4.110000e+01 5.852989e+01 2.150000e+00
    endloop
  endfacet
  facet normal 5.781911e-17 3.116602e-17 1.000000e+00
    outer loop
      vertex   2.966226e+01 6.550000e+01 2.150000e+00
      vertex   4.110000e+01 5.852989e+01 2.150000e+00
      vertex   3.675000e+01 6.660000e+01 2.150000e+00
    endloop
  endfacet
  facet normal 0.000000e+00 0.000000e+00 1.000000e+00
    outer loop
      vertex   3.675000e+01 6.660000e+01 2.150000e+00
      vertex   4.110000e+01 5.852989e+01 2.150000e+00
      vertex   4.110000e+01 6.002989e+01 2.150000e+00
    endloop
  endfacet
  facet normal -0.000000e+00 0.000000e+00 1.000000e+00
    outer loop
      vertex   3.675000e+01 6.660000e+01 2.150000e+00
      vertex   4.110000e+01 6.002989e+01 2.150000e+00
      vertex   3.875000e+01 6.660000e+01 2.150000e+00
    endloop
  endfacet
  facet normal -0.000000e+00 0.000000e+00 1.000000e+00
    outer loop
      vertex   3.875000e+01 6.660000e+01 2.150000e+00
      vertex   4.110000e+01 6.002989e+01 2.150000e+00
      vertex   4.360000e+01 7.160000e+01 2.150000e+00
    endloop
  endfacet
  facet normal 0.000000e+00 0.000000e+00 1.000000e+00
    outer loop
      vertex   3.875000e+01 6.660000e+01 2.150000e+00
      vertex   4.360000e+01 7.160000e+01 2.150000e+00
      vertex   3.875000e+01 7.160000e+01 2.150000e+00
    endloop
  endfacet
  facet normal 0.000000e+00 0.000000e+00 1.000000e+00
    outer loop
      vertex   2.203334e+01 6.950000e+01 2.150000e+00
      vertex   2.151220e+01 6.950000e+01 2.150000e+00
      vertex   2.203334e+01 6.550000e+01 2.150000e+00
    endloop
  endfacet
  facet normal 0.000000e+00 0.000000e+00 1.000000e+00
    outer loop
      vertex   2.203334e+01 6.550000e+01 2.150000e+00
      vertex   2.151220e+01 6.950000e+01 2.150000e+00
      vertex   2.041533e+01 6.550000e+01 2.150000e+00
    endloop
  endfacet
  facet normal 0.000000e+00 0.000000e+00 1.000000e+00
    outer loop
      vertex   2.203334e+01 6.550000e+01 2.150000e+00
      vertex   2.041533e+01 6.550000e+01 2.150000e+00
      vertex   4.900000e+00 1.973156e+01 2.150000e+00
    endloop
  endfacet
  facet normal -8.703675e-16 2.950514e-16 1.000000e+00
    outer loop
      vertex   4.900000e+00 1.973156e+01 2.150000e+00
      vertex   2.041533e+01 6.550000e+01 2.150000e+00
      vertex   1.990510e+01 6.550000e+01 2.150000e+00
    endloop
  endfacet
  facet normal 0.000000e+00 9.702958e-18 1.000000e+00
    outer loop
      vertex   4.900000e+00 1.973156e+01 2.150000e+00
      vertex   1.990510e+01 6.550000e+01 2.150000e+00
      vertex   1.797059e+01 6.550000e+01 2.150000e+00
    endloop
  endfacet
  facet normal 0.000000e+00 0.000000e+00 1.000000e+00
    outer loop
      vertex   1.797059e+01 6.550000e+01 2.150000e+00
      vertex   1.990510e+01 6.550000e+01 2.150000e+00
      vertex   1.881915e+01 6.854775e+01 2.150000e+00
    endloop
  endfacet
  facet normal -0.000000e+00 0.000000e+00 1.000000e+00
    outer loop
      vertex   1.881915e+01 6.854775e+01 2.150000e+00
      vertex   1.990510e+01 6.550000e+01 2.150000e+00
      vertex   1.906199e+01 6.854775e+01 2.150000e+00
    endloop
  endfacet
  facet normal 0.000000e+00 0.000000e+00 1.000000e+00
    outer loop
      vertex   1.881915e+01 6.854775e+01 2.150000e+00
      vertex   1.906199e+01 6.854775e+01 2.150000e+00
      vertex   1.902924e+01 6.866471e+01 2.150000e+00
    endloop
  endfacet
  facet normal -1.645690e-16 1.153288e-15 1.000000e+00
    outer loop
      vertex   2.473184e+01 6.950000e+01 2.150000e+00
      vertex   3.675000e+01 7.160000e+01 2.150000e+00
      vertex   2.203334e+01 6.950000e+01 2.150000e+00
    endloop
  endfacet
  facet normal 0.000000e+00 -0.000000e+00 1.000000e+00
    outer loop
      vertex   2.203334e+01 6.950000e+01 2.150000e+00
      vertex   3.675000e+01 7.160000e+01 2.150000e+00
      vertex   9.400000e+00 7.160000e+01 2.150000e+00
    endloop
  endfacet
  facet normal 0.000000e+00 0.000000e+00 1.000000e+00
    outer loop
      vertex   2.203334e+01 6.950000e+01 2.150000e+00
      vertex   9.400000e+00 7.160000e+01 2.150000e+00
      vertex   2.151220e+01 6.950000e+01 2.150000e+00
    endloop
  endfacet
  facet normal -8.346605e-16 -4.814082e-15 1.000000e+00
    outer loop
      vertex   2.151220e+01 6.950000e+01 2.150000e+00
      vertex   9.400000e+00 7.160000e+01 2.150000e+00
      vertex   2.098014e+01 6.950000e+01 2.150000e+00
    endloop
  endfacet
  facet normal 0.000000e+00 -2.114711e-16 1.000000e+00
    outer loop
      vertex   2.098014e+01 6.950000e+01 2.150000e+00
      vertex   9.400000e+00 7.160000e+01 2.150000e+00
      vertex   1.926936e+01 6.950000e+01 2.150000e+00
    endloop
  endfacet
  facet normal 0.000000e+00 0.000000e+00 1.000000e+00
    outer loop
      vertex   2.098014e+01 6.950000e+01 2.150000e+00
      vertex   1.926936e+01 6.950000e+01 2.150000e+00
      vertex   1.984235e+01 6.747544e+01 2.150000e+00
    endloop
  endfacet
  facet normal -5.330058e-16 -9.408017e-16 1.000000e+00
    outer loop
      vertex   2.473184e+01 6.902797e+01 2.150000e+00
      vertex   2.715149e+01 6.860119e+01 2.150000e+00
      vertex   2.473184e+01 6.950000e+01 2.150000e+00
    endloop
  endfacet
  facet normal 4.853243e-16 1.800613e-15 1.000000e+00
    outer loop
      vertex   2.473184e+01 6.950000e+01 2.150000e+00
      vertex   2.715149e+01 6.860119e+01 2.150000e+00
      vertex   2.722170e+01 6.882890e+01 2.150000e+00
    endloop
  endfacet
  facet normal 0.000000e+00 0.000000e+00 1.000000e+00
    outer loop
      vertex   2.473184e+01 6.950000e+01 2.150000e+00
      vertex   2.722170e+01 6.882890e+01 2.150000e+00
      vertex   2.734452e+01 6.903190e+01 2.150000e+00
    endloop
  endfacet
  facet normal -2.047280e-16 4.067502e-16 1.000000e+00
    outer loop
      vertex   2.256267e+01 6.902797e+01 2.150000e+00
      vertex   2.443989e+01 6.778922e+01 2.150000e+00
      vertex   2.473184e+01 6.902797e+01 2.150000e+00
    endloop
  endfacet
  facet normal 7.590664e-16 1.796005e-16 1.000000e+00
    outer loop
      vertex   2.473184e+01 6.902797e+01 2.150000e+00
      vertex   2.443989e+01 6.778922e+01 2.150000e+00
      vertex   2.516567e+01 6.719441e+01 2.150000e+00
    endloop
  endfacet
  facet normal -2.943195e-16 -6.963810e-17 1.000000e+00
    outer loop
      vertex   2.473184e+01 6.902797e+01 2.150000e+00
      vertex   2.516567e+01 6.719441e+01 2.150000e+00
      vertex   2.667454e+01 6.719441e+01 2.150000e+00
    endloop
  endfacet
  facet normal -2.365679e-16 3.584993e-16 1.000000e+00
    outer loop
      vertex   2.256267e+01 6.902797e+01 2.150000e+00
      vertex   2.256267e+01 6.778922e+01 2.150000e+00
      vertex   2.443989e+01 6.778922e+01 2.150000e+00
    endloop
  endfacet
  facet normal -1.591579e-16 -9.408011e-16 1.000000e+00
    outer loop
      vertex   2.443989e+01 6.778922e+01 2.150000e+00
      vertex   2.443989e+01 6.731719e+01 2.150000e+00
      vertex   2.516567e+01 6.719441e+01 2.150000e+00
    endloop
  endfacet
  facet normal 0.000000e+00 0.000000e+00 1.000000e+00
    outer loop
      vertex   2.516567e+01 6.719441e+01 2.150000e+00
      vertex   2.443989e+01 6.731719e+01 2.150000e+00
      vertex   2.516567e+01 6.670055e+01 2.150000e+00
    endloop
  endfacet
  facet normal 0.000000e+00 0.000000e+00 1.000000e+00
    outer loop
      vertex   2.516567e+01 6.670055e+01 2.150000e+00
      vertex   2.443989e+01 6.731719e+01 2.150000e+00
      vertex   2.256267e+01 6.550000e+01 2.150000e+00
    endloop
  endfacet
  facet normal -9.966853e-17 2.160995e-16 1.000000e+00
    outer loop
      vertex   2.516567e+01 6.670055e+01 2.150000e+00
      vertex   2.256267e+01 6.550000e+01 2.150000e+00
      vertex   2.701833e+01 6.550000e+01 2.150000e+00
    endloop
  endfacet
  facet normal -2.365679e-16 2.443824e-16 1.000000e+00
    outer loop
      vertex   2.443989e+01 6.731719e+01 2.150000e+00
      vertex   2.256267e+01 6.731719e+01 2.150000e+00
      vertex   2.256267e+01 6.550000e+01 2.150000e+00
    endloop
  endfacet
  facet normal -2.943195e-16 -8.428235e-17 1.000000e+00
    outer loop
      vertex   2.516567e+01 6.670055e+01 2.150000e+00
      vertex   2.701833e+01 6.550000e+01 2.150000e+00
      vertex   2.667454e+01 6.670055e+01 2.150000e+00
    endloop
  endfacet
  facet normal -1.612838e-14 -4.618578e-15 1.000000e+00
    outer loop
      vertex   2.667454e+01 6.670055e+01 2.150000e+00
      vertex   2.701833e+01 6.550000e+01 2.150000e+00
      vertex   2.702088e+01 6.558725e+01 2.150000e+00
    endloop
  endfacet
  facet normal 1.145573e-14 3.962728e-15 1.000000e+00
    outer loop
      vertex   2.667454e+01 6.670055e+01 2.150000e+00
      vertex   2.702088e+01 6.558725e+01 2.150000e+00
      vertex   2.702984e+01 6.567342e+01 2.150000e+00
    endloop
  endfacet
  facet normal -0.000000e+00 0.000000e+00 1.000000e+00
    outer loop
      vertex   2.667454e+01 6.670055e+01 2.150000e+00
      vertex   2.739760e+01 6.637312e+01 2.150000e+00
      vertex   2.667454e+01 6.719441e+01 2.150000e+00
    endloop
  endfacet
  facet normal 0.000000e+00 0.000000e+00 1.000000e+00
    outer loop
      vertex   2.667454e+01 6.719441e+01 2.150000e+00
      vertex   2.739760e+01 6.637312e+01 2.150000e+00
      vertex   2.754933e+01 6.653430e+01 2.150000e+00
    endloop
  endfacet
  facet normal -0.000000e+00 0.000000e+00 1.000000e+00
    outer loop
      vertex   2.667454e+01 6.719441e+01 2.150000e+00
      vertex   2.754933e+01 6.653430e+01 2.150000e+00
      vertex   2.711110e+01 6.835948e+01 2.150000e+00
    endloop
  endfacet
  facet normal 0.000000e+00 0.000000e+00 1.000000e+00
    outer loop
      vertex   2.711110e+01 6.835948e+01 2.150000e+00
      vertex   2.754933e+01 6.653430e+01 2.150000e+00
      vertex   2.770656e+01 6.668968e+01 2.150000e+00
    endloop
  endfacet
  facet normal 0.000000e+00 0.000000e+00 1.000000e+00
    outer loop
      vertex   2.711110e+01 6.835948e+01 2.150000e+00
      vertex   2.770656e+01 6.668968e+01 2.150000e+00
      vertex   2.761588e+01 6.830764e+01 2.150000e+00
    endloop
  endfacet
  facet normal -2.559408e-15 -1.434483e-16 1.000000e+00
    outer loop
      vertex   2.761588e+01 6.830764e+01 2.150000e+00
      vertex   2.770656e+01 6.668968e+01 2.150000e+00
      vertex   2.787184e+01 6.683659e+01 2.150000e+00
    endloop
  endfacet
  facet normal 2.063048e-15 6.608524e-16 1.000000e+00
    outer loop
      vertex   2.761588e+01 6.830764e+01 2.150000e+00
      vertex   2.787184e+01 6.683659e+01 2.150000e+00
      vertex   2.804153e+01 6.697885e+01 2.150000e+00
    endloop
  endfacet
  facet normal -2.552308e-31 9.702958e-18 1.000000e+00
    outer loop
      vertex   1.797059e+01 6.550000e+01 2.150000e+00
      vertex   1.743034e+01 6.550000e+01 2.150000e+00
      vertex   4.900000e+00 1.973156e+01 2.150000e+00
    endloop
  endfacet
  facet normal 3.544111e-17 -8.127825e-34 1.000000e+00
    outer loop
      vertex   4.900000e+00 1.973156e+01 2.150000e+00
      vertex   1.743034e+01 6.550000e+01 2.150000e+00
      vertex   4.900000e+00 5.846029e+01 2.150000e+00
    endloop
  endfacet
  facet normal 0.000000e+00 -0.000000e+00 1.000000e+00
    outer loop
      vertex   4.900000e+00 1.973156e+01 2.150000e+00
      vertex   4.900000e+00 5.846029e+01 2.150000e+00
      vertex   2.400000e+00 1.973156e+01 2.150000e+00
    endloop
  endfacet
  facet normal 0.000000e+00 0.000000e+00 1.000000e+00
    outer loop
      vertex   2.400000e+00 1.973156e+01 2.150000e+00
      vertex   4.900000e+00 5.846029e+01 2.150000e+00
      vertex   2.400000e+00 5.846029e+01 2.150000e+00
    endloop
  endfacet
  facet normal 5.140832e-17 -2.842085e-17 1.000000e+00
    outer loop
      vertex   4.900000e+00 5.846029e+01 2.150000e+00
      vertex   1.743034e+01 6.550000e+01 2.150000e+00
      vertex   9.400000e+00 6.660000e+01 2.150000e+00
    endloop
  endfacet
  facet normal 5.738730e-17 1.522760e-17 1.000000e+00
    outer loop
      vertex   9.400000e+00 6.660000e+01 2.150000e+00
      vertex   1.743034e+01 6.550000e+01 2.150000e+00
      vertex   1.636895e+01 6.950000e+01 2.150000e+00
    endloop
  endfacet
  facet normal 6.372399e-17 -0.000000e+00 1.000000e+00
    outer loop
      vertex   9.400000e+00 6.660000e+01 2.150000e+00
      vertex   1.636895e+01 6.950000e+01 2.150000e+00
      vertex   9.400000e+00 7.160000e+01 2.150000e+00
    endloop
  endfacet
  facet normal 0.000000e+00 -2.114711e-16 1.000000e+00
    outer loop
      vertex   9.400000e+00 7.160000e+01 2.150000e+00
      vertex   1.636895e+01 6.950000e+01 2.150000e+00
      vertex   1.691192e+01 6.950000e+01 2.150000e+00
    endloop
  endfacet
  facet normal 1.748254e-30 -2.114711e-16 1.000000e+00
    outer loop
      vertex   9.400000e+00 7.160000e+01 2.150000e+00
      vertex   1.691192e+01 6.950000e+01 2.150000e+00
      vertex   1.863089e+01 6.950000e+01 2.150000e+00
    endloop
  endfacet
  facet normal 0.000000e+00 0.000000e+00 1.000000e+00
    outer loop
      vertex   1.863089e+01 6.950000e+01 2.150000e+00
      vertex   1.691192e+01 6.950000e+01 2.150000e+00
      vertex   1.752038e+01 6.687790e+01 2.150000e+00
    endloop
  endfacet
  facet normal 0.000000e+00 0.000000e+00 1.000000e+00
    outer loop
      vertex   1.863089e+01 6.950000e+01 2.150000e+00
      vertex   1.752038e+01 6.687790e+01 2.150000e+00
      vertex   1.786963e+01 6.679877e+01 2.150000e+00
    endloop
  endfacet
  facet normal 0.000000e+00 0.000000e+00 1.000000e+00
    outer loop
      vertex   1.786963e+01 6.679877e+01 2.150000e+00
      vertex   1.752038e+01 6.687790e+01 2.150000e+00
      vertex   1.756698e+01 6.667415e+01 2.150000e+00
    endloop
  endfacet
  facet normal 0.000000e+00 0.000000e+00 1.000000e+00
    outer loop
      vertex   1.786963e+01 6.679877e+01 2.150000e+00
      vertex   1.756698e+01 6.667415e+01 2.150000e+00
      vertex   1.782325e+01 6.661425e+01 2.150000e+00
    endloop
  endfacet
  facet normal 0.000000e+00 0.000000e+00 1.000000e+00
    outer loop
      vertex   1.782325e+01 6.661425e+01 2.150000e+00
      vertex   1.756698e+01 6.667415e+01 2.150000e+00
      vertex   1.761124e+01 6.646992e+01 2.150000e+00
    endloop
  endfacet
  facet normal 0.000000e+00 0.000000e+00 1.000000e+00
    outer loop
      vertex   1.782325e+01 6.661425e+01 2.150000e+00
      vertex   1.761124e+01 6.646992e+01 2.150000e+00
      vertex   1.777785e+01 6.642949e+01 2.150000e+00
    endloop
  endfacet
  facet normal 0.000000e+00 0.000000e+00 1.000000e+00
    outer loop
      vertex   1.777785e+01 6.642949e+01 2.150000e+00
      vertex   1.761124e+01 6.646992e+01 2.150000e+00
      vertex   1.765158e+01 6.626488e+01 2.150000e+00
    endloop
  endfacet
  facet normal 0.000000e+00 0.000000e+00 1.000000e+00
    outer loop
      vertex   1.777785e+01 6.642949e+01 2.150000e+00
      vertex   1.765158e+01 6.626488e+01 2.150000e+00
      vertex   1.773345e+01 6.624448e+01 2.150000e+00
    endloop
  endfacet
  facet normal 0.000000e+00 0.000000e+00 1.000000e+00
    outer loop
      vertex   1.773345e+01 6.624448e+01 2.150000e+00
      vertex   1.765158e+01 6.626488e+01 2.150000e+00
      vertex   1.768955e+01 6.605935e+01 2.150000e+00
    endloop
  endfacet
  facet normal 0.000000e+00 -2.114711e-16 1.000000e+00
    outer loop
      vertex   1.863089e+01 6.950000e+01 2.150000e+00
      vertex   1.926936e+01 6.950000e+01 2.150000e+00
      vertex   9.400000e+00 7.160000e+01 2.150000e+00
    endloop
  endfacet
  facet normal 0.000000e+00 0.000000e+00 1.000000e+00
    outer loop
      vertex   2.098014e+01 6.950000e+01 2.150000e+00
      vertex   1.984235e+01 6.747544e+01 2.150000e+00
      vertex   2.035258e+01 6.692974e+01 2.150000e+00
    endloop
  endfacet
  facet normal 0.000000e+00 0.000000e+00 1.000000e+00
    outer loop
      vertex   2.035258e+01 6.692974e+01 2.150000e+00
      vertex   1.984235e+01 6.747544e+01 2.150000e+00
      vertex   1.993640e+01 6.712498e+01 2.150000e+00
    endloop
  endfacet
  facet normal 0.000000e+00 0.000000e+00 1.000000e+00
    outer loop
      vertex   2.035258e+01 6.692974e+01 2.150000e+00
      vertex   1.993640e+01 6.712498e+01 2.150000e+00
      vertex   2.002181e+01 6.677262e+01 2.150000e+00
    endloop
  endfacet
  facet normal 0.000000e+00 -0.000000e+00 1.000000e+00
    outer loop
      vertex   2.009228e+01 6.641700e+01 2.150000e+00
      vertex   2.024804e+01 6.649567e+01 2.150000e+00
      vertex   2.002181e+01 6.677262e+01 2.150000e+00
    endloop
  endfacet
  facet normal 0.000000e+00 0.000000e+00 1.000000e+00
    outer loop
      vertex   2.002181e+01 6.677262e+01 2.150000e+00
      vertex   2.024804e+01 6.649567e+01 2.150000e+00
      vertex   2.029944e+01 6.671291e+01 2.150000e+00
    endloop
  endfacet
  facet normal -0.000000e+00 0.000000e+00 1.000000e+00
    outer loop
      vertex   2.002181e+01 6.677262e+01 2.150000e+00
      vertex   2.029944e+01 6.671291e+01 2.150000e+00
      vertex   2.035258e+01 6.692974e+01 2.150000e+00
    endloop
  endfacet
  facet normal 0.000000e+00 -0.000000e+00 1.000000e+00
    outer loop
      vertex   2.015340e+01 6.605935e+01 2.150000e+00
      vertex   2.019972e+01 6.627774e+01 2.150000e+00
      vertex   2.009228e+01 6.641700e+01 2.150000e+00
    endloop
  endfacet
  facet normal -0.000000e+00 0.000000e+00 1.000000e+00
    outer loop
      vertex   2.009228e+01 6.641700e+01 2.150000e+00
      vertex   2.019972e+01 6.627774e+01 2.150000e+00
      vertex   2.024804e+01 6.649567e+01 2.150000e+00
    endloop
  endfacet
  facet normal 0.000000e+00 0.000000e+00 1.000000e+00
    outer loop
      vertex   1.881915e+01 6.854775e+01 2.150000e+00
      vertex   1.902924e+01 6.866471e+01 2.150000e+00
      vertex   1.885053e+01 6.866456e+01 2.150000e+00
    endloop
  endfacet
  facet normal 0.000000e+00 0.000000e+00 1.000000e+00
    outer loop
      vertex   1.885053e+01 6.866456e+01 2.150000e+00
      vertex   1.902924e+01 6.866471e+01 2.150000e+00
      vertex   1.899711e+01 6.878184e+01 2.150000e+00
    endloop
  endfacet
  facet normal 0.000000e+00 0.000000e+00 1.000000e+00
    outer loop
      vertex   1.885053e+01 6.866456e+01 2.150000e+00
      vertex   1.899711e+01 6.878184e+01 2.150000e+00
      vertex   1.888072e+01 6.878167e+01 2.150000e+00
    endloop
  endfacet
  facet normal 0.000000e+00 0.000000e+00 1.000000e+00
    outer loop
      vertex   1.888072e+01 6.878167e+01 2.150000e+00
      vertex   1.899711e+01 6.878184e+01 2.150000e+00
      vertex   1.896623e+01 6.889930e+01 2.150000e+00
    endloop
  endfacet
  facet normal -7.779371e-15 5.655706e-15 1.000000e+00
    outer loop
      vertex   1.888072e+01 6.878167e+01 2.150000e+00
      vertex   1.896623e+01 6.889930e+01 2.150000e+00
      vertex   1.890910e+01 6.889924e+01 2.150000e+00
    endloop
  endfacet
  facet normal -7.771327e-15 -1.963392e-15 1.000000e+00
    outer loop
      vertex   1.890910e+01 6.889924e+01 2.150000e+00
      vertex   1.896623e+01 6.889930e+01 2.150000e+00
      vertex   1.893648e+01 6.901705e+01 2.150000e+00
    endloop
  endfacet
  facet normal 0.000000e+00 0.000000e+00 1.000000e+00
    outer loop
      vertex   2.770046e+01 6.597203e+01 2.150000e+00
      vertex   2.966226e+01 6.597203e+01 2.150000e+00
      vertex   2.774737e+01 6.604205e+01 2.150000e+00
    endloop
  endfacet
  facet normal -0.000000e+00 0.000000e+00 1.000000e+00
    outer loop
      vertex   2.774737e+01 6.604205e+01 2.150000e+00
      vertex   2.966226e+01 6.597203e+01 2.150000e+00
      vertex   2.779704e+01 6.610991e+01 2.150000e+00
    endloop
  endfacet
  facet normal -4.799635e-16 -6.492869e-15 1.000000e+00
    outer loop
      vertex   2.779704e+01 6.610991e+01 2.150000e+00
      vertex   2.966226e+01 6.597203e+01 2.150000e+00
      vertex   2.785115e+01 6.617431e+01 2.150000e+00
    endloop
  endfacet
  facet normal 9.443711e-16 6.260110e-15 1.000000e+00
    outer loop
      vertex   2.785115e+01 6.617431e+01 2.150000e+00
      vertex   2.966226e+01 6.597203e+01 2.150000e+00
      vertex   2.790783e+01 6.623670e+01 2.150000e+00
    endloop
  endfacet
  facet normal -0.000000e+00 0.000000e+00 1.000000e+00
    outer loop
      vertex   2.790783e+01 6.623670e+01 2.150000e+00
      vertex   2.966226e+01 6.597203e+01 2.150000e+00
      vertex   2.804539e+01 6.636769e+01 2.150000e+00
    endloop
  endfacet
  facet normal -0.000000e+00 0.000000e+00 1.000000e+00
    outer loop
      vertex   2.804539e+01 6.636769e+01 2.150000e+00
      vertex   2.966226e+01 6.597203e+01 2.150000e+00
      vertex   2.818584e+01 6.649548e+01 2.150000e+00
    endloop
  endfacet
  facet normal -8.997628e-16 -2.537857e-15 1.000000e+00
    outer loop
      vertex   2.818584e+01 6.649548e+01 2.150000e+00
      vertex   2.966226e+01 6.597203e+01 2.150000e+00
      vertex   2.832972e+01 6.661945e+01 2.150000e+00
    endloop
  endfacet
  facet normal 1.330157e-15 2.051839e-15 1.000000e+00
    outer loop
      vertex   2.832972e+01 6.661945e+01 2.150000e+00
      vertex   2.966226e+01 6.597203e+01 2.150000e+00
      vertex   2.847536e+01 6.674147e+01 2.150000e+00
    endloop
  endfacet
  facet normal -0.000000e+00 0.000000e+00 1.000000e+00
    outer loop
      vertex   2.847536e+01 6.674147e+01 2.150000e+00
      vertex   2.966226e+01 6.597203e+01 2.150000e+00
      vertex   2.867201e+01 6.690929e+01 2.150000e+00
    endloop
  endfacet
  facet normal -0.000000e+00 0.000000e+00 1.000000e+00
    outer loop
      vertex   2.867201e+01 6.690929e+01 2.150000e+00
      vertex   2.966226e+01 6.597203e+01 2.150000e+00
      vertex   2.886488e+01 6.708111e+01 2.150000e+00
    endloop
  endfacet
  facet normal -1.411040e-15 -1.014477e-15 1.000000e+00
    outer loop
      vertex   2.886488e+01 6.708111e+01 2.150000e+00
      vertex   2.966226e+01 6.597203e+01 2.150000e+00
      vertex   2.905065e+01 6.726048e+01 2.150000e+00
    endloop
  endfacet
  facet normal 1.892766e-15 5.538092e-16 1.000000e+00
    outer loop
      vertex   2.905065e+01 6.726048e+01 2.150000e+00
      vertex   2.966226e+01 6.597203e+01 2.150000e+00
      vertex   2.923116e+01 6.744543e+01 2.150000e+00
    endloop
  endfacet
  facet normal 3.458499e-15 1.011931e-15 1.000000e+00
    outer loop
      vertex   2.923116e+01 6.744543e+01 2.150000e+00
      vertex   2.966226e+01 6.597203e+01 2.150000e+00
      vertex   2.932643e+01 6.755866e+01 2.150000e+00
    endloop
  endfacet
  facet normal -4.211581e-15 -6.115394e-16 1.000000e+00
    outer loop
      vertex   2.932643e+01 6.755866e+01 2.150000e+00
      vertex   2.966226e+01 6.597203e+01 2.150000e+00
      vertex   2.941477e+01 6.767647e+01 2.150000e+00
    endloop
  endfacet
  facet normal -0.000000e+00 0.000000e+00 1.000000e+00
    outer loop
      vertex   2.941477e+01 6.767647e+01 2.150000e+00
      vertex   2.966226e+01 6.597203e+01 2.150000e+00
      vertex   2.949073e+01 6.780247e+01 2.150000e+00
    endloop
  endfacet
  facet normal -0.000000e+00 0.000000e+00 1.000000e+00
    outer loop
      vertex   2.949073e+01 6.780247e+01 2.150000e+00
      vertex   2.966226e+01 6.597203e+01 2.150000e+00
      vertex   2.955858e+01 6.793383e+01 2.150000e+00
    endloop
  endfacet
  facet normal -0.000000e+00 0.000000e+00 1.000000e+00
    outer loop
      vertex   2.955858e+01 6.793383e+01 2.150000e+00
      vertex   2.966226e+01 6.597203e+01 2.150000e+00
      vertex   2.959955e+01 6.804845e+01 2.150000e+00
    endloop
  endfacet
  facet normal -1.246979e-14 -3.766231e-16 1.000000e+00
    outer loop
      vertex   2.959955e+01 6.804845e+01 2.150000e+00
      vertex   2.966226e+01 6.597203e+01 2.150000e+00
      vertex   2.963165e+01 6.816490e+01 2.150000e+00
    endloop
  endfacet
  facet normal 2.491393e-14 1.453411e-16 1.000000e+00
    outer loop
      vertex   2.963165e+01 6.816490e+01 2.150000e+00
      vertex   2.966226e+01 6.597203e+01 2.150000e+00
      vertex   2.964877e+01 6.828444e+01 2.150000e+00
    endloop
  endfacet
  facet normal 6.262363e-17 3.653294e-19 1.000000e+00
    outer loop
      vertex   2.964877e+01 6.828444e+01 2.150000e+00
      vertex   2.966226e+01 6.597203e+01 2.150000e+00
      vertex   3.675000e+01 6.660000e+01 2.150000e+00
    endloop
  endfacet
  facet normal 6.157083e-17 -4.073058e-18 1.000000e+00
    outer loop
      vertex   2.964877e+01 6.828444e+01 2.150000e+00
      vertex   3.675000e+01 6.660000e+01 2.150000e+00
      vertex   2.965681e+01 6.840587e+01 2.150000e+00
    endloop
  endfacet
  facet normal 6.260780e-17 0.000000e+00 1.000000e+00
    outer loop
      vertex   2.965681e+01 6.840587e+01 2.150000e+00
      vertex   3.675000e+01 6.660000e+01 2.150000e+00
      vertex   3.675000e+01 7.160000e+01 2.150000e+00
    endloop
  endfacet
  facet normal 5.951518e-17 6.867764e-18 1.000000e+00
    outer loop
      vertex   2.965681e+01 6.840587e+01 2.150000e+00
      vertex   3.675000e+01 7.160000e+01 2.150000e+00
      vertex   2.963112e+01 6.862845e+01 2.150000e+00
    endloop
  endfacet
  facet normal 5.597783e-17 1.534212e-17 1.000000e+00
    outer loop
      vertex   2.963112e+01 6.862845e+01 2.150000e+00
      vertex   3.675000e+01 7.160000e+01 2.150000e+00
      vertex   2.957380e+01 6.883758e+01 2.150000e+00
    endloop
  endfacet
  facet normal 5.041026e-17 2.980553e-17 1.000000e+00
    outer loop
      vertex   2.957380e+01 6.883758e+01 2.150000e+00
      vertex   3.675000e+01 7.160000e+01 2.150000e+00
      vertex   2.946349e+01 6.902416e+01 2.150000e+00
    endloop
  endfacet
  facet normal 4.721649e-17 3.884004e-17 1.000000e+00
    outer loop
      vertex   2.946349e+01 6.902416e+01 2.150000e+00
      vertex   3.675000e+01 7.160000e+01 2.150000e+00
      vertex   2.932120e+01 6.919714e+01 2.150000e+00
    endloop
  endfacet
  facet normal 7.286317e-16 -2.067852e-15 1.000000e+00
    outer loop
      vertex   2.932120e+01 6.919714e+01 2.150000e+00
      vertex   3.675000e+01 7.160000e+01 2.150000e+00
      vertex   2.911618e+01 6.933965e+01 2.150000e+00
    endloop
  endfacet
  facet normal -6.952398e-16 2.740956e-15 1.000000e+00
    outer loop
      vertex   2.911618e+01 6.933965e+01 2.150000e+00
      vertex   3.675000e+01 7.160000e+01 2.150000e+00
      vertex   2.889814e+01 6.944637e+01 2.150000e+00
    endloop
  endfacet
  facet normal 2.475184e-17 1.159627e-16 1.000000e+00
    outer loop
      vertex   2.889814e+01 6.944637e+01 2.150000e+00
      vertex   3.675000e+01 7.160000e+01 2.150000e+00
      vertex   2.865978e+01 6.949724e+01 2.150000e+00
    endloop
  endfacet
  facet normal 1.248823e-17 1.631461e-16 1.000000e+00
    outer loop
      vertex   2.865978e+01 6.949724e+01 2.150000e+00
      vertex   3.675000e+01 7.160000e+01 2.150000e+00
      vertex   2.840988e+01 6.951637e+01 2.150000e+00
    endloop
  endfacet
  facet normal -2.100738e-17 2.972186e-16 1.000000e+00
    outer loop
      vertex   2.840988e+01 6.951637e+01 2.150000e+00
      vertex   3.675000e+01 7.160000e+01 2.150000e+00
      vertex   2.816333e+01 6.949895e+01 2.150000e+00
    endloop
  endfacet
  facet normal 6.488509e-20 2.110997e-16 1.000000e+00
    outer loop
      vertex   2.816333e+01 6.949895e+01 2.150000e+00
      vertex   3.675000e+01 7.160000e+01 2.150000e+00
      vertex   2.473184e+01 6.950000e+01 2.150000e+00
    endloop
  endfacet
  facet normal 0.000000e+00 0.000000e+00 1.000000e+00
    outer loop
      vertex   2.816333e+01 6.949895e+01 2.150000e+00
      vertex   2.473184e+01 6.950000e+01 2.150000e+00
      vertex   2.792691e+01 6.945182e+01 2.150000e+00
    endloop
  endfacet
  facet normal 0.000000e+00 0.000000e+00 1.000000e+00
    outer loop
      vertex   2.792691e+01 6.945182e+01 2.150000e+00
      vertex   2.473184e+01 6.950000e+01 2.150000e+00
      vertex   2.770834e+01 6.935228e+01 2.150000e+00
    endloop
  endfacet
  facet normal 0.000000e+00 0.000000e+00 1.000000e+00
    outer loop
      vertex   2.770834e+01 6.935228e+01 2.150000e+00
      vertex   2.473184e+01 6.950000e+01 2.150000e+00
      vertex   2.750128e+01 6.921896e+01 2.150000e+00
    endloop
  endfacet
  facet normal 0.000000e+00 0.000000e+00 1.000000e+00
    outer loop
      vertex   2.750128e+01 6.921896e+01 2.150000e+00
      vertex   2.473184e+01 6.950000e+01 2.150000e+00
      vertex   2.734452e+01 6.903190e+01 2.150000e+00
    endloop
  endfacet
  facet normal 6.265600e-17 0.000000e+00 1.000000e+00
    outer loop
      vertex   2.966226e+01 6.597203e+01 2.150000e+00
      vertex   2.966226e+01 6.550000e+01 2.150000e+00
      vertex   3.675000e+01 6.660000e+01 2.150000e+00
    endloop
  endfacet
  facet normal -9.089927e-15 -3.144356e-15 1.000000e+00
    outer loop
      vertex   2.702984e+01 6.567342e+01 2.150000e+00
      vertex   2.704951e+01 6.575778e+01 2.150000e+00
      vertex   2.667454e+01 6.670055e+01 2.150000e+00
    endloop
  endfacet
  facet normal 6.833854e-15 3.189133e-15 1.000000e+00
    outer loop
      vertex   2.667454e+01 6.670055e+01 2.150000e+00
      vertex   2.704951e+01 6.575778e+01 2.150000e+00
      vertex   2.707563e+01 6.584106e+01 2.150000e+00
    endloop
  endfacet
  facet normal 0.000000e+00 0.000000e+00 1.000000e+00
    outer loop
      vertex   2.667454e+01 6.670055e+01 2.150000e+00
      vertex   2.707563e+01 6.584106e+01 2.150000e+00
      vertex   2.714014e+01 6.598367e+01 2.150000e+00
    endloop
  endfacet
  facet normal 0.000000e+00 -0.000000e+00 1.000000e+00
    outer loop
      vertex   2.714014e+01 6.598367e+01 2.150000e+00
      vertex   2.721366e+01 6.612086e+01 2.150000e+00
      vertex   2.667454e+01 6.670055e+01 2.150000e+00
    endloop
  endfacet
  facet normal 0.000000e+00 0.000000e+00 1.000000e+00
    outer loop
      vertex   2.667454e+01 6.670055e+01 2.150000e+00
      vertex   2.721366e+01 6.612086e+01 2.150000e+00
      vertex   2.730151e+01 6.624947e+01 2.150000e+00
    endloop
  endfacet
  facet normal 0.000000e+00 0.000000e+00 1.000000e+00
    outer loop
      vertex   2.667454e+01 6.670055e+01 2.150000e+00
      vertex   2.730151e+01 6.624947e+01 2.150000e+00
      vertex   2.739760e+01 6.637312e+01 2.150000e+00
    endloop
  endfacet
  facet normal 0.000000e+00 -0.000000e+00 1.000000e+00
    outer loop
      vertex   2.804153e+01 6.697885e+01 2.150000e+00
      vertex   2.827736e+01 6.717449e+01 2.150000e+00
      vertex   2.761588e+01 6.830764e+01 2.150000e+00
    endloop
  endfacet
  facet normal 0.000000e+00 0.000000e+00 1.000000e+00
    outer loop
      vertex   2.761588e+01 6.830764e+01 2.150000e+00
      vertex   2.827736e+01 6.717449e+01 2.150000e+00
      vertex   2.850567e+01 6.737781e+01 2.150000e+00
    endloop
  endfacet
  facet normal -4.461090e-16 -4.268983e-16 1.000000e+00
    outer loop
      vertex   2.761588e+01 6.830764e+01 2.150000e+00
      vertex   2.850567e+01 6.737781e+01 2.150000e+00
      vertex   2.795768e+01 6.899073e+01 2.150000e+00
    endloop
  endfacet
  facet normal 2.913021e-15 7.143652e-16 1.000000e+00
    outer loop
      vertex   2.795768e+01 6.899073e+01 2.150000e+00
      vertex   2.850567e+01 6.737781e+01 2.150000e+00
      vertex   2.809275e+01 6.906158e+01 2.150000e+00
    endloop
  endfacet
  facet normal -0.000000e+00 0.000000e+00 1.000000e+00
    outer loop
      vertex   2.809275e+01 6.906158e+01 2.150000e+00
      vertex   2.850567e+01 6.737781e+01 2.150000e+00
      vertex   2.824183e+01 6.909614e+01 2.150000e+00
    endloop
  endfacet
  facet normal -0.000000e+00 0.000000e+00 1.000000e+00
    outer loop
      vertex   2.824183e+01 6.909614e+01 2.150000e+00
      vertex   2.850567e+01 6.737781e+01 2.150000e+00
      vertex   2.839896e+01 6.910982e+01 2.150000e+00
    endloop
  endfacet
  facet normal 0.000000e+00 0.000000e+00 1.000000e+00
    outer loop
      vertex   2.839896e+01 6.910982e+01 2.150000e+00
      vertex   2.850567e+01 6.737781e+01 2.150000e+00
      vertex   2.871967e+01 6.759572e+01 2.150000e+00
    endloop
  endfacet
  facet normal 0.000000e+00 0.000000e+00 1.000000e+00
    outer loop
      vertex   2.839896e+01 6.910982e+01 2.150000e+00
      vertex   2.871967e+01 6.759572e+01 2.150000e+00
      vertex   2.854890e+01 6.909655e+01 2.150000e+00
    endloop
  endfacet
  facet normal 0.000000e+00 0.000000e+00 1.000000e+00
    outer loop
      vertex   2.854890e+01 6.909655e+01 2.150000e+00
      vertex   2.871967e+01 6.759572e+01 2.150000e+00
      vertex   2.869131e+01 6.906356e+01 2.150000e+00
    endloop
  endfacet
  facet normal 0.000000e+00 0.000000e+00 1.000000e+00
    outer loop
      vertex   2.869131e+01 6.906356e+01 2.150000e+00
      vertex   2.871967e+01 6.759572e+01 2.150000e+00
      vertex   2.892284e+01 6.782469e+01 2.150000e+00
    endloop
  endfacet
  facet normal 0.000000e+00 0.000000e+00 1.000000e+00
    outer loop
      vertex   2.869131e+01 6.906356e+01 2.150000e+00
      vertex   2.892284e+01 6.782469e+01 2.150000e+00
      vertex   2.882071e+01 6.899644e+01 2.150000e+00
    endloop
  endfacet
  facet normal 0.000000e+00 0.000000e+00 1.000000e+00
    outer loop
      vertex   2.882071e+01 6.899644e+01 2.150000e+00
      vertex   2.892284e+01 6.782469e+01 2.150000e+00
      vertex   2.901196e+01 6.796091e+01 2.150000e+00
    endloop
  endfacet
  facet normal 0.000000e+00 0.000000e+00 1.000000e+00
    outer loop
      vertex   2.882071e+01 6.899644e+01 2.150000e+00
      vertex   2.901196e+01 6.796091e+01 2.150000e+00
      vertex   2.894194e+01 6.890791e+01 2.150000e+00
    endloop
  endfacet
  facet normal 0.000000e+00 0.000000e+00 1.000000e+00
    outer loop
      vertex   2.894194e+01 6.890791e+01 2.150000e+00
      vertex   2.901196e+01 6.796091e+01 2.150000e+00
      vertex   2.903077e+01 6.880068e+01 2.150000e+00
    endloop
  endfacet
  facet normal 0.000000e+00 0.000000e+00 1.000000e+00
    outer loop
      vertex   2.903077e+01 6.880068e+01 2.150000e+00
      vertex   2.901196e+01 6.796091e+01 2.150000e+00
      vertex   2.908474e+01 6.810319e+01 2.150000e+00
    endloop
  endfacet
  facet normal 0.000000e+00 0.000000e+00 1.000000e+00
    outer loop
      vertex   2.903077e+01 6.880068e+01 2.150000e+00
      vertex   2.908474e+01 6.810319e+01 2.150000e+00
      vertex   2.912814e+01 6.825637e+01 2.150000e+00
    endloop
  endfacet
  facet normal 0.000000e+00 0.000000e+00 1.000000e+00
    outer loop
      vertex   2.915203e+01 6.841678e+01 2.150000e+00
      vertex   2.913577e+01 6.855510e+01 2.150000e+00
      vertex   2.912814e+01 6.825637e+01 2.150000e+00
    endloop
  endfacet
  facet normal 0.000000e+00 -0.000000e+00 1.000000e+00
    outer loop
      vertex   2.912814e+01 6.825637e+01 2.150000e+00
      vertex   2.913577e+01 6.855510e+01 2.150000e+00
      vertex   2.909976e+01 6.868495e+01 2.150000e+00
    endloop
  endfacet
  facet normal 0.000000e+00 0.000000e+00 1.000000e+00
    outer loop
      vertex   2.912814e+01 6.825637e+01 2.150000e+00
      vertex   2.909976e+01 6.868495e+01 2.150000e+00
      vertex   2.903077e+01 6.880068e+01 2.150000e+00
    endloop
  endfacet
  facet normal -4.828828e-15 1.766103e-15 1.000000e+00
    outer loop
      vertex   2.795768e+01 6.899073e+01 2.150000e+00
      vertex   2.783143e+01 6.889700e+01 2.150000e+00
      vertex   2.761588e+01 6.830764e+01 2.150000e+00
    endloop
  endfacet
  facet normal 0.000000e+00 0.000000e+00 1.000000e+00
    outer loop
      vertex   2.761588e+01 6.830764e+01 2.150000e+00
      vertex   2.783143e+01 6.889700e+01 2.150000e+00
      vertex   2.773597e+01 6.876547e+01 2.150000e+00
    endloop
  endfacet
  facet normal 1.533845e-14 -4.023253e-15 1.000000e+00
    outer loop
      vertex   2.761588e+01 6.830764e+01 2.150000e+00
      vertex   2.773597e+01 6.876547e+01 2.150000e+00
      vertex   2.762958e+01 6.847026e+01 2.150000e+00
    endloop
  endfacet
  facet normal 1.106212e-14 -2.482175e-15 1.000000e+00
    outer loop
      vertex   2.762958e+01 6.847026e+01 2.150000e+00
      vertex   2.773597e+01 6.876547e+01 2.150000e+00
      vertex   2.766428e+01 6.862489e+01 2.150000e+00
    endloop
  endfacet
  facet normal -1.688712e-16 6.327732e-17 1.000000e+00
    outer loop
      vertex   2.667454e+01 6.719441e+01 2.150000e+00
      vertex   2.711110e+01 6.835948e+01 2.150000e+00
      vertex   2.473184e+01 6.902797e+01 2.150000e+00
    endloop
  endfacet
  facet normal -6.713391e-16 -1.725098e-15 1.000000e+00
    outer loop
      vertex   2.473184e+01 6.902797e+01 2.150000e+00
      vertex   2.711110e+01 6.835948e+01 2.150000e+00
      vertex   2.715149e+01 6.860119e+01 2.150000e+00
    endloop
  endfacet
  facet normal 0.000000e+00 0.000000e+00 1.000000e+00
    outer loop
      vertex   4.900000e+00 5.846029e+01 2.150000e+00
      vertex   9.400000e+00 6.660000e+01 2.150000e+00
      vertex   4.900000e+00 5.996029e+01 2.150000e+00
    endloop
  endfacet
  facet normal 0.000000e+00 0.000000e+00 1.000000e+00
    outer loop
      vertex   4.900000e+00 5.996029e+01 2.150000e+00
      vertex   9.400000e+00 6.660000e+01 2.150000e+00
      vertex   7.400000e+00 6.660000e+01 2.150000e+00
    endloop
  endfacet
  facet normal 0.000000e+00 -0.000000e+00 1.000000e+00
    outer loop
      vertex   4.900000e+00 5.996029e+01 2.150000e+00
      vertex   7.400000e+00 6.660000e+01 2.150000e+00
      vertex   2.400000e+00 7.160000e+01 2.150000e+00
    endloop
  endfacet
  facet normal -0.000000e+00 0.000000e+00 1.000000e+00
    outer loop
      vertex   2.400000e+00 7.160000e+01 2.150000e+00
      vertex   7.400000e+00 6.660000e+01 2.150000e+00
      vertex   7.400000e+00 7.160000e+01 2.150000e+00
    endloop
  endfacet
  facet normal 0.000000e+00 0.000000e+00 1.000000e+00
    outer loop
      vertex   2.400000e+00 7.160000e+01 2.150000e+00
      vertex   2.400000e+00 5.996029e+01 2.150000e+00
      vertex   4.900000e+00 5.996029e+01 2.150000e+00
    endloop
  endfacet
  facet normal 0.000000e+00 0.000000e+00 1.000000e+00
    outer loop
      vertex   4.110000e+01 2.007956e+01 2.150000e+00
      vertex   4.900000e+00 1.973156e+01 2.150000e+00
      vertex   4.110000e+01 1.857956e+01 2.150000e+00
    endloop
  endfacet
  facet normal 0.000000e+00 0.000000e+00 1.000000e+00
    outer loop
      vertex   4.110000e+01 1.857956e+01 2.150000e+00
      vertex   4.900000e+00 1.973156e+01 2.150000e+00
      vertex   4.900000e+00 1.823156e+01 2.150000e+00
    endloop
  endfacet
  facet normal 0.000000e+00 0.000000e+00 1.000000e+00
    outer loop
      vertex   4.110000e+01 1.857956e+01 2.150000e+00
      vertex   4.900000e+00 1.823156e+01 2.150000e+00
      vertex   4.360000e+01 2.400000e+00 2.150000e+00
    endloop
  endfacet
  facet normal 0.000000e+00 0.000000e+00 1.000000e+00
    outer loop
      vertex   4.360000e+01 2.400000e+00 2.150000e+00
      vertex   4.900000e+00 1.823156e+01 2.150000e+00
      vertex   2.400000e+00 2.400000e+00 2.150000e+00
    endloop
  endfacet
  facet normal 0.000000e+00 0.000000e+00 1.000000e+00
    outer loop
      vertex   2.400000e+00 2.400000e+00 2.150000e+00
      vertex   4.900000e+00 1.823156e+01 2.150000e+00
      vertex   2.400000e+00 1.823156e+01 2.150000e+00
    endloop
  endfacet
  facet normal 0.000000e+00 -0.000000e+00 1.000000e+00
    outer loop
      vertex   4.360000e+01 2.400000e+00 2.150000e+00
      vertex   4.360000e+01 1.857956e+01 2.150000e+00
      vertex   4.110000e+01 1.857956e+01 2.150000e+00
    endloop
  endfacet
  facet normal 0.000000e+00 0.000000e+00 1.000000e+00
    outer loop
      vertex   4.110000e+01 2.007956e+01 2.150000e+00
      vertex   4.360000e+01 2.007956e+01 2.150000e+00
      vertex   4.110000e+01 5.852989e+01 2.150000e+00
    endloop
  endfacet
  facet normal -0.000000e+00 0.000000e+00 1.000000e+00
    outer loop
      vertex   4.110000e+01 5.852989e+01 2.150000e+00
      vertex   4.360000e+01 2.007956e+01 2.150000e+00
      vertex   4.360000e+01 5.852989e+01 2.150000e+00
    endloop
  endfacet
  facet normal 0.000000e+00 0.000000e+00 1.000000e+00
    outer loop
      vertex   4.110000e+01 6.002989e+01 2.150000e+00
      vertex   4.360000e+01 6.002989e+01 2.150000e+00
      vertex   4.360000e+01 7.160000e+01 2.150000e+00
    endloop
  endfacet
  facet normal 0.000000e+00 -1.000000e+00 0.000000e+00
    outer loop
      vertex   4.110000e+01 5.852989e+01 2.150000e+00
      vertex   4.360000e+01 5.852989e+01 2.150000e+00
      vertex   4.110000e+01 5.852989e+01 4.400000e+00
    endloop
  endfacet
  facet normal 0.000000e+00 -1.000000e+00 0.000000e+00
    outer loop
      vertex   4.110000e+01 5.852989e+01 4.400000e+00
      vertex   4.360000e+01 5.852989e+01 2.150000e+00
      vertex   4.360000e+01 5.852989e+01 4.400000e+00
    endloop
  endfacet
  facet normal -1.000000e+00 0.000000e+00 0.000000e+00
    outer loop
      vertex   4.110000e+01 6.002989e+01 2.150000e+00
      vertex   4.110000e+01 5.852989e+01 2.150000e+00
      vertex   4.110000e+01 6.002989e+01 4.400000e+00
    endloop
  endfacet
  facet normal -1.000000e+00 -0.000000e+00 0.000000e+00
    outer loop
      vertex   4.110000e+01 6.002989e+01 4.400000e+00
      vertex   4.110000e+01 5.852989e+01 2.150000e+00
      vertex   4.110000e+01 5.852989e+01 4.400000e+00
    endloop
  endfacet
  facet normal 0.000000e+00 1.000000e+00 -0.000000e+00
    outer loop
      vertex   4.360000e+01 6.002989e+01 2.150000e+00
      vertex   4.110000e+01 6.002989e+01 2.150000e+00
      vertex   4.360000e+01 6.002989e+01 4.400000e+00
    endloop
  endfacet
  facet normal 0.000000e+00 1.000000e+00 0.000000e+00
    outer loop
      vertex   4.360000e+01 6.002989e+01 4.400000e+00
      vertex   4.110000e+01 6.002989e+01 2.150000e+00
      vertex   4.110000e+01 6.002989e+01 4.400000e+00
    endloop
  endfacet
  facet normal 0.000000e+00 0.000000e+00 1.000000e+00
    outer loop
      vertex   4.360000e+01 6.002989e+01 4.400000e+00
      vertex   4.110000e+01 6.002989e+01 4.400000e+00
      vertex   4.360000e+01 5.852989e+01 4.400000e+00
    endloop
  endfacet
  facet normal 0.000000e+00 0.000000e+00 1.000000e+00
    outer loop
      vertex   4.360000e+01 5.852989e+01 4.400000e+00
      vertex   4.110000e+01 6.002989e+01 4.400000e+00
      vertex   4.110000e+01 5.852989e+01 4.400000e+00
    endloop
  endfacet
  facet normal -1.000000e+00 0.000000e+00 0.000000e+00
    outer loop
      vertex   4.360000e+01 6.002989e+01 2.150000e+00
      vertex   4.360000e+01 6.002989e+01 4.400000e+00
      vertex   4.360000e+01 7.160000e+01 2.150000e+00
    endloop
  endfacet
  facet normal -1.000000e+00 1.842358e-16 9.473903e-16
    outer loop
      vertex   4.360000e+01 7.160000e+01 2.150000e+00
      vertex   4.360000e+01 6.002989e+01 4.400000e+00
      vertex   4.360000e+01 7.160000e+01 9.650000e+00
    endloop
  endfacet
  facet normal -1.000000e+00 6.459479e-16 -7.014463e-17
    outer loop
      vertex   4.360000e+01 7.160000e+01 9.650000e+00
      vertex   4.360000e+01 6.002989e+01 4.400000e+00
      vertex   4.360000e+01 6.060000e+01 9.650000e+00
    endloop
  endfacet
  facet normal -1.000000e+00 0.000000e+00 0.000000e+00
    outer loop
      vertex   4.360000e+01 6.060000e+01 9.650000e+00
      vertex   4.360000e+01 6.002989e+01 4.400000e+00
      vertex   4.360000e+01 5.852989e+01 4.400000e+00
    endloop
  endfacet
  facet normal -1.000000e+00 -0.000000e+00 0.000000e+00
    outer loop
      vertex   4.360000e+01 6.060000e+01 9.650000e+00
      vertex   4.360000e+01 5.852989e+01 4.400000e+00
      vertex   4.360000e+01 5.320000e+01 9.650000e+00
    endloop
  endfacet
  facet normal -1.000000e+00 0.000000e+00 -0.000000e+00
    outer loop
      vertex   4.360000e+01 5.320000e+01 9.650000e+00
      vertex   4.360000e+01 5.852989e+01 4.400000e+00
      vertex   4.360000e+01 2.007956e+01 4.400000e+00
    endloop
  endfacet
  facet normal -1.000000e+00 -0.000000e+00 0.000000e+00
    outer loop
      vertex   4.360000e+01 5.320000e+01 9.650000e+00
      vertex   4.360000e+01 2.007956e+01 4.400000e+00
      vertex   4.360000e+01 2.080000e+01 9.650000e+00
    endloop
  endfacet
  facet normal -1.000000e+00 0.000000e+00 0.000000e+00
    outer loop
      vertex   4.360000e+01 2.080000e+01 9.650000e+00
      vertex   4.360000e+01 2.007956e+01 4.400000e+00
      vertex   4.360000e+01 1.857956e+01 4.400000e+00
    endloop
  endfacet
  facet normal -1.000000e+00 -0.000000e+00 0.000000e+00
    outer loop
      vertex   4.360000e+01 2.080000e+01 9.650000e+00
      vertex   4.360000e+01 1.857956e+01 4.400000e+00
      vertex   4.360000e+01 1.340000e+01 9.650000e+00
    endloop
  endfacet
  facet normal -1.000000e+00 -6.459479e-16 -6.372817e-16
    outer loop
      vertex   4.360000e+01 1.340000e+01 9.650000e+00
      vertex   4.360000e+01 1.857956e+01 4.400000e+00
      vertex   4.360000e+01 2.400000e+00 9.650000e+00
    endloop
  endfacet
  facet normal -1.000000e+00 -1.317482e-16 9.473903e-16
    outer loop
      vertex   4.360000e+01 2.400000e+00 9.650000e+00
      vertex   4.360000e+01 1.857956e+01 4.400000e+00
      vertex   4.360000e+01 2.400000e+00 2.150000e+00
    endloop
  endfacet
  facet normal -1.000000e+00 0.000000e+00 0.000000e+00
    outer loop
      vertex   4.360000e+01 2.400000e+00 2.150000e+00
      vertex   4.360000e+01 1.857956e+01 4.400000e+00
      vertex   4.360000e+01 1.857956e+01 2.150000e+00
    endloop
  endfacet
  facet normal -1.000000e+00 0.000000e+00 0.000000e+00
    outer loop
      vertex   4.360000e+01 5.852989e+01 2.150000e+00
      vertex   4.360000e+01 2.007956e+01 2.150000e+00
      vertex   4.360000e+01 5.852989e+01 4.400000e+00
    endloop
  endfacet
  facet normal -1.000000e+00 -0.000000e+00 0.000000e+00
    outer loop
      vertex   4.360000e+01 5.852989e+01 4.400000e+00
      vertex   4.360000e+01 2.007956e+01 2.150000e+00
      vertex   4.360000e+01 2.007956e+01 4.400000e+00
    endloop
  endfacet
  facet normal -1.000000e+00 0.000000e+00 0.000000e+00
    outer loop
      vertex   4.360000e+01 1.340000e+01 1.465000e+01
      vertex   4.360000e+01 2.080000e+01 1.465000e+01
      vertex   4.360000e+01 1.340000e+01 9.650000e+00
    endloop
  endfacet
  facet normal -1.000000e+00 0.000000e+00 0.000000e+00
    outer loop
      vertex   4.360000e+01 1.340000e+01 9.650000e+00
      vertex   4.360000e+01 2.080000e+01 1.465000e+01
      vertex   4.360000e+01 2.080000e+01 9.650000e+00
    endloop
  endfacet
  facet normal -1.000000e+00 0.000000e+00 0.000000e+00
    outer loop
      vertex   4.360000e+01 5.320000e+01 1.465000e+01
      vertex   4.360000e+01 6.060000e+01 1.465000e+01
      vertex   4.360000e+01 5.320000e+01 9.650000e+00
    endloop
  endfacet
  facet normal -1.000000e+00 0.000000e+00 0.000000e+00
    outer loop
      vertex   4.360000e+01 5.320000e+01 9.650000e+00
      vertex   4.360000e+01 6.060000e+01 1.465000e+01
      vertex   4.360000e+01 6.060000e+01 9.650000e+00
    endloop
  endfacet
  facet normal -1.000000e+00 0.000000e+00 -0.000000e+00
    outer loop
      vertex   7.400000e+00 7.160000e+01 5.400000e+00
      vertex   7.400000e+00 7.160000e+01 2.150000e+00
      vertex   7.400000e+00 6.875000e+01 4.400000e+00
    endloop
  endfacet
  facet normal -1.000000e+00 0.000000e+00 -0.000000e+00
    outer loop
      vertex   7.400000e+00 6.875000e+01 4.400000e+00
      vertex   7.400000e+00 7.160000e+01 2.150000e+00
      vertex   7.400000e+00 6.660000e+01 2.150000e+00
    endloop
  endfacet
  facet normal -1.000000e+00 -0.000000e+00 0.000000e+00
    outer loop
      vertex   7.400000e+00 6.875000e+01 4.400000e+00
      vertex   7.400000e+00 6.660000e+01 2.150000e+00
      vertex   7.400000e+00 6.660000e+01 4.400000e+00
    endloop
  endfacet
  facet normal -1.000000e+00 0.000000e+00 0.000000e+00
    outer loop
      vertex   7.400000e+00 6.875000e+01 4.400000e+00
      vertex   7.400000e+00 6.875000e+01 5.400000e+00
      vertex   7.400000e+00 7.160000e+01 5.400000e+00
    endloop
  endfacet
  facet normal 1.000000e+00 -0.000000e+00 0.000000e+00
    outer loop
      vertex   9.400000e+00 6.660000e+01 4.400000e+00
      vertex   9.400000e+00 6.660000e+01 2.150000e+00
      vertex   9.400000e+00 6.875000e+01 4.400000e+00
    endloop
  endfacet
  facet normal 1.000000e+00 0.000000e+00 0.000000e+00
    outer loop
      vertex   9.400000e+00 6.875000e+01 4.400000e+00
      vertex   9.400000e+00 6.660000e+01 2.150000e+00
      vertex   9.400000e+00 7.160000e+01 2.150000e+00
    endloop
  endfacet
  facet normal 1.000000e+00 -0.000000e+00 0.000000e+00
    outer loop
      vertex   9.400000e+00 6.875000e+01 4.400000e+00
      vertex   9.400000e+00 7.160000e+01 2.150000e+00
      vertex   9.400000e+00 7.160000e+01 5.400000e+00
    endloop
  endfacet
  facet normal 1.000000e+00 0.000000e+00 0.000000e+00
    outer loop
      vertex   9.400000e+00 7.160000e+01 5.400000e+00
      vertex   9.400000e+00 6.875000e+01 5.400000e+00
      vertex   9.400000e+00 6.875000e+01 4.400000e+00
    endloop
  endfacet
  facet normal 0.000000e+00 -1.000000e+00 0.000000e+00
    outer loop
      vertex   7.400000e+00 6.660000e+01 2.150000e+00
      vertex   9.400000e+00 6.660000e+01 2.150000e+00
      vertex   7.400000e+00 6.660000e+01 4.400000e+00
    endloop
  endfacet
  facet normal 0.000000e+00 -1.000000e+00 0.000000e+00
    outer loop
      vertex   7.400000e+00 6.660000e+01 4.400000e+00
      vertex   9.400000e+00 6.660000e+01 2.150000e+00
      vertex   9.400000e+00 6.660000e+01 4.400000e+00
    endloop
  endfacet
  facet normal 0.000000e+00 1.000000e+00 -0.000000e+00
    outer loop
      vertex   4.900000e+00 5.996029e+01 2.150000e+00
      vertex   2.400000e+00 5.996029e+01 2.150000e+00
      vertex   4.900000e+00 5.996029e+01 4.400000e+00
    endloop
  endfacet
  facet normal 0.000000e+00 1.000000e+00 0.000000e+00
    outer loop
      vertex   4.900000e+00 5.996029e+01 4.400000e+00
      vertex   2.400000e+00 5.996029e+01 2.150000e+00
      vertex   2.400000e+00 5.996029e+01 4.400000e+00
    endloop
  endfacet
  facet normal 1.000000e+00 0.000000e+00 0.000000e+00
    outer loop
      vertex   4.900000e+00 5.846029e+01 2.150000e+00
      vertex   4.900000e+00 5.996029e+01 2.150000e+00
      vertex   4.900000e+00 5.846029e+01 4.400000e+00
    endloop
  endfacet
  facet normal 1.000000e+00 -0.000000e+00 0.000000e+00
    outer loop
      vertex   4.900000e+00 5.846029e+01 4.400000e+00
      vertex   4.900000e+00 5.996029e+01 2.150000e+00
      vertex   4.900000e+00 5.996029e+01 4.400000e+00
    endloop
  endfacet
  facet normal 0.000000e+00 -1.000000e+00 0.000000e+00
    outer loop
      vertex   2.400000e+00 5.846029e+01 2.150000e+00
      vertex   4.900000e+00 5.846029e+01 2.150000e+00
      vertex   2.400000e+00 5.846029e+01 4.400000e+00
    endloop
  endfacet
  facet normal 0.000000e+00 -1.000000e+00 0.000000e+00
    outer loop
      vertex   2.400000e+00 5.846029e+01 4.400000e+00
      vertex   4.900000e+00 5.846029e+01 2.150000e+00
      vertex   4.900000e+00 5.846029e+01 4.400000e+00
    endloop
  endfacet
  facet normal 0.000000e+00 0.000000e+00 1.000000e+00
    outer loop
      vertex   2.400000e+00 5.846029e+01 4.400000e+00
      vertex   4.900000e+00 5.846029e+01 4.400000e+00
      vertex   2.400000e+00 5.996029e+01 4.400000e+00
    endloop
  endfacet
  facet normal -0.000000e+00 0.000000e+00 1.000000e+00
    outer loop
      vertex   2.400000e+00 5.996029e+01 4.400000e+00
      vertex   4.900000e+00 5.846029e+01 4.400000e+00
      vertex   4.900000e+00 5.996029e+01 4.400000e+00
    endloop
  endfacet
  facet normal 0.000000e+00 -1.000000e+00 0.000000e+00
    outer loop
      vertex   4.110000e+01 1.857956e+01 2.150000e+00
      vertex   4.360000e+01 1.857956e+01 2.150000e+00
      vertex   4.110000e+01 1.857956e+01 4.400000e+00
    endloop
  endfacet
  facet normal 0.000000e+00 -1.000000e+00 0.000000e+00
    outer loop
      vertex   4.110000e+01 1.857956e+01 4.400000e+00
      vertex   4.360000e+01 1.857956e+01 2.150000e+00
      vertex   4.360000e+01 1.857956e+01 4.400000e+00
    endloop
  endfacet
  facet normal -1.000000e+00 0.000000e+00 0.000000e+00
    outer loop
      vertex   4.110000e+01 2.007956e+01 2.150000e+00
      vertex   4.110000e+01 1.857956e+01 2.150000e+00
      vertex   4.110000e+01 2.007956e+01 4.400000e+00
    endloop
  endfacet
  facet normal -1.000000e+00 -0.000000e+00 0.000000e+00
    outer loop
      vertex   4.110000e+01 2.007956e+01 4.400000e+00
      vertex   4.110000e+01 1.857956e+01 2.150000e+00
      vertex   4.110000e+01 1.857956e+01 4.400000e+00
    endloop
  endfacet
  facet normal 0.000000e+00 1.000000e+00 -0.000000e+00
    outer loop
      vertex   4.360000e+01 2.007956e+01 2.150000e+00
      vertex   4.110000e+01 2.007956e+01 2.150000e+00
      vertex   4.360000e+01 2.007956e+01 4.400000e+00
    endloop
  endfacet
  facet normal 0.000000e+00 1.000000e+00 0.000000e+00
    outer loop
      vertex   4.360000e+01 2.007956e+01 4.400000e+00
      vertex   4.110000e+01 2.007956e+01 2.150000e+00
      vertex   4.110000e+01 2.007956e+01 4.400000e+00
    endloop
  endfacet
  facet normal 0.000000e+00 0.000000e+00 1.000000e+00
    outer loop
      vertex   4.360000e+01 2.007956e+01 4.400000e+00
      vertex   4.110000e+01 2.007956e+01 4.400000e+00
      vertex   4.360000e+01 1.857956e+01 4.400000e+00
    endloop
  endfacet
  facet normal 0.000000e+00 0.000000e+00 1.000000e+00
    outer loop
      vertex   4.360000e+01 1.857956e+01 4.400000e+00
      vertex   4.110000e+01 2.007956e+01 4.400000e+00
      vertex   4.110000e+01 1.857956e+01 4.400000e+00
    endloop
  endfacet
  facet normal -0.000000e+00 1.000000e+00 0.000000e+00
    outer loop
      vertex   2.220000e+01 2.400000e+00 9.650000e+00
      vertex   2.775000e+01 2.400000e+00 9.650000e+00
      vertex   2.220000e+01 2.400000e+00 7.045000e+00
    endloop
  endfacet
  facet normal -0.000000e+00 1.000000e+00 0.000000e+00
    outer loop
      vertex   2.220000e+01 2.400000e+00 7.045000e+00
      vertex   2.775000e+01 2.400000e+00 9.650000e+00
      vertex   2.775000e+01 2.400000e+00 6.044000e+00
    endloop
  endfacet
  facet normal 0.000000e+00 1.000000e+00 0.000000e+00
    outer loop
      vertex   2.220000e+01 2.400000e+00 7.045000e+00
      vertex   2.775000e+01 2.400000e+00 6.044000e+00
      vertex   8.700000e+00 2.400000e+00 7.045000e+00
    endloop
  endfacet
  facet normal 2.232578e-17 1.000000e+00 4.248812e-16
    outer loop
      vertex   8.700000e+00 2.400000e+00 7.045000e+00
      vertex   2.775000e+01 2.400000e+00 6.044000e+00
      vertex   2.400000e+00 2.400000e+00 2.150000e+00
    endloop
  endfacet
  facet normal 3.524518e-16 1.000000e+00 8.347734e-33
    outer loop
      vertex   8.700000e+00 2.400000e+00 7.045000e+00
      vertex   2.400000e+00 2.400000e+00 2.150000e+00
      vertex   2.400000e+00 2.400000e+00 9.650000e+00
    endloop
  endfacet
  facet normal 5.389432e-17 1.000000e+00 2.193695e-16
    outer loop
      vertex   2.400000e+00 2.400000e+00 2.150000e+00
      vertex   2.775000e+01 2.400000e+00 6.044000e+00
      vertex   4.360000e+01 2.400000e+00 2.150000e+00
    endloop
  endfacet
  facet normal 0.000000e+00 1.000000e+00 0.000000e+00
    outer loop
      vertex   4.360000e+01 2.400000e+00 2.150000e+00
      vertex   2.775000e+01 2.400000e+00 6.044000e+00
      vertex   3.915000e+01 2.400000e+00 6.044000e+00
    endloop
  endfacet
  facet normal 0.000000e+00 1.000000e+00 -0.000000e+00
    outer loop
      vertex   4.360000e+01 2.400000e+00 2.150000e+00
      vertex   3.915000e+01 2.400000e+00 6.044000e+00
      vertex   4.360000e+01 2.400000e+00 9.650000e+00
    endloop
  endfacet
  facet normal 0.000000e+00 1.000000e+00 0.000000e+00
    outer loop
      vertex   4.360000e+01 2.400000e+00 9.650000e+00
      vertex   3.915000e+01 2.400000e+00 6.044000e+00
      vertex   3.915000e+01 2.400000e+00 9.650000e+00
    endloop
  endfacet
  facet normal 3.524518e-16 1.000000e+00 2.403378e-32
    outer loop
      vertex   2.400000e+00 2.400000e+00 9.650000e+00
      vertex   8.700000e+00 2.400000e+00 9.650000e+00
      vertex   8.700000e+00 2.400000e+00 7.045000e+00
    endloop
  endfacet
  facet normal 1.000000e+00 0.000000e+00 0.000000e+00
    outer loop
      vertex   2.400000e+00 1.973156e+01 2.150000e+00
      vertex   2.400000e+00 5.846029e+01 2.150000e+00
      vertex   2.400000e+00 1.973156e+01 4.400000e+00
    endloop
  endfacet
  facet normal 1.000000e+00 -0.000000e+00 0.000000e+00
    outer loop
      vertex   2.400000e+00 1.973156e+01 4.400000e+00
      vertex   2.400000e+00 5.846029e+01 2.150000e+00
      vertex   2.400000e+00 5.846029e+01 4.400000e+00
    endloop
  endfacet
  facet normal 1.000000e+00 -0.000000e+00 4.229421e-16
    outer loop
      vertex   2.400000e+00 1.973156e+01 4.400000e+00
      vertex   2.400000e+00 5.846029e+01 4.400000e+00
      vertex   2.400000e+00 5.320000e+01 9.650000e+00
    endloop
  endfacet
  facet normal 1.000000e+00 -6.001206e-17 3.628124e-16
    outer loop
      vertex   2.400000e+00 5.320000e+01 9.650000e+00
      vertex   2.400000e+00 5.846029e+01 4.400000e+00
      vertex   2.400000e+00 6.060000e+01 9.650000e+00
    endloop
  endfacet
  facet normal 1.000000e+00 -6.001206e-17 0.000000e+00
    outer loop
      vertex   2.400000e+00 5.320000e+01 9.650000e+00
      vertex   2.400000e+00 6.060000e+01 9.650000e+00
      vertex   2.400000e+00 5.320000e+01 1.465000e+01
    endloop
  endfacet
  facet normal 1.000000e+00 -6.001206e-17 0.000000e+00
    outer loop
      vertex   2.400000e+00 5.320000e+01 1.465000e+01
      vertex   2.400000e+00 6.060000e+01 9.650000e+00
      vertex   2.400000e+00 6.060000e+01 1.465000e+01
    endloop
  endfacet
  facet normal 1.000000e+00 -0.000000e+00 3.383537e-16
    outer loop
      vertex   2.400000e+00 5.846029e+01 4.400000e+00
      vertex   2.400000e+00 5.996029e+01 4.400000e+00
      vertex   2.400000e+00 6.060000e+01 9.650000e+00
    endloop
  endfacet
  facet normal 1.000000e+00 3.229740e-16 2.989997e-16
    outer loop
      vertex   2.400000e+00 6.060000e+01 9.650000e+00
      vertex   2.400000e+00 5.996029e+01 4.400000e+00
      vertex   2.400000e+00 7.160000e+01 9.650000e+00
    endloop
  endfacet
  facet normal 1.000000e+00 4.578355e-16 0.000000e+00
    outer loop
      vertex   2.400000e+00 7.160000e+01 9.650000e+00
      vertex   2.400000e+00 5.996029e+01 4.400000e+00
      vertex   2.400000e+00 7.160000e+01 2.150000e+00
    endloop
  endfacet
  facet normal 1.000000e+00 4.578355e-16 0.000000e+00
    outer loop
      vertex   2.400000e+00 7.160000e+01 2.150000e+00
      vertex   2.400000e+00 5.996029e+01 4.400000e+00
      vertex   2.400000e+00 5.996029e+01 2.150000e+00
    endloop
  endfacet
  facet normal 1.000000e+00 2.741291e-17 2.481864e-16
    outer loop
      vertex   2.400000e+00 5.320000e+01 9.650000e+00
      vertex   2.400000e+00 2.080000e+01 9.650000e+00
      vertex   2.400000e+00 1.973156e+01 4.400000e+00
    endloop
  endfacet
  facet normal 1.000000e+00 0.000000e+00 2.537653e-16
    outer loop
      vertex   2.400000e+00 1.973156e+01 4.400000e+00
      vertex   2.400000e+00 2.080000e+01 9.650000e+00
      vertex   2.400000e+00 1.823156e+01 4.400000e+00
    endloop
  endfacet
  facet normal 1.000000e+00 -6.001206e-17 2.831247e-16
    outer loop
      vertex   2.400000e+00 1.823156e+01 4.400000e+00
      vertex   2.400000e+00 2.080000e+01 9.650000e+00
      vertex   2.400000e+00 1.340000e+01 9.650000e+00
    endloop
  endfacet
  facet normal 1.000000e+00 8.074349e-17 4.126618e-16
    outer loop
      vertex   2.400000e+00 1.823156e+01 4.400000e+00
      vertex   2.400000e+00 1.340000e+01 9.650000e+00
      vertex   2.400000e+00 2.400000e+00 9.650000e+00
    endloop
  endfacet
  facet normal 1.000000e+00 -6.001206e-17 0.000000e+00
    outer loop
      vertex   2.400000e+00 2.080000e+01 1.465000e+01
      vertex   2.400000e+00 1.340000e+01 1.465000e+01
      vertex   2.400000e+00 2.080000e+01 9.650000e+00
    endloop
  endfacet
  facet normal 1.000000e+00 -6.001206e-17 0.000000e+00
    outer loop
      vertex   2.400000e+00 2.080000e+01 9.650000e+00
      vertex   2.400000e+00 1.340000e+01 1.465000e+01
      vertex   2.400000e+00 1.340000e+01 9.650000e+00
    endloop
  endfacet
  facet normal 1.000000e+00 -5.610175e-17 0.000000e+00
    outer loop
      vertex   2.400000e+00 2.400000e+00 9.650000e+00
      vertex   2.400000e+00 2.400000e+00 2.150000e+00
      vertex   2.400000e+00 1.823156e+01 4.400000e+00
    endloop
  endfacet
  facet normal 1.000000e+00 -5.610175e-17 0.000000e+00
    outer loop
      vertex   2.400000e+00 1.823156e+01 4.400000e+00
      vertex   2.400000e+00 2.400000e+00 2.150000e+00
      vertex   2.400000e+00 1.823156e+01 2.150000e+00
    endloop
  endfacet
  facet normal 9.801714e-02 -9.951847e-01 -9.740611e-17
    outer loop
      vertex   4.375000e+01 0.000000e+00 8.650000e+00
      vertex   4.375000e+01 0.000000e+00 1.500000e+00
      vertex   4.418895e+01 4.323312e-02 8.650000e+00
    endloop
  endfacet
  facet normal 9.801714e-02 -9.951847e-01 1.150702e-16
    outer loop
      vertex   4.418895e+01 4.323312e-02 8.650000e+00
      vertex   4.375000e+01 0.000000e+00 1.500000e+00
      vertex   4.418895e+01 4.323312e-02 1.500000e+00
    endloop
  endfacet
  facet normal 2.902847e-01 -9.569403e-01 -8.416406e-17
    outer loop
      vertex   4.418895e+01 4.323312e-02 8.650000e+00
      vertex   4.418895e+01 4.323312e-02 1.500000e+00
      vertex   4.461104e+01 1.712711e-01 1.500000e+00
    endloop
  endfacet
  facet normal 2.902847e-01 -9.569403e-01 7.542458e-17
    outer loop
      vertex   4.418895e+01 4.323312e-02 8.650000e+00
      vertex   4.461104e+01 1.712711e-01 1.500000e+00
      vertex   4.461104e+01 1.712711e-01 8.650000e+00
    endloop
  endfacet
  facet normal 4.713967e-01 -8.819213e-01 -1.329522e-16
    outer loop
      vertex   4.461104e+01 1.712711e-01 8.650000e+00
      vertex   4.461104e+01 1.712711e-01 1.500000e+00
      vertex   4.500003e+01 3.791934e-01 1.500000e+00
    endloop
  endfacet
  facet normal 4.713967e-01 -8.819213e-01 -8.543974e-17
    outer loop
      vertex   4.461104e+01 1.712711e-01 8.650000e+00
      vertex   4.500003e+01 3.791934e-01 1.500000e+00
      vertex   4.500003e+01 3.791934e-01 8.650000e+00
    endloop
  endfacet
  facet normal 6.343933e-01 -7.730105e-01 -2.943547e-16
    outer loop
      vertex   4.500003e+01 3.791934e-01 8.650000e+00
      vertex   4.500003e+01 3.791934e-01 1.500000e+00
      vertex   4.534099e+01 6.590097e-01 1.500000e+00
    endloop
  endfacet
  facet normal 6.343933e-01 -7.730105e-01 -2.924499e-16
    outer loop
      vertex   4.500003e+01 3.791934e-01 8.650000e+00
      vertex   4.534099e+01 6.590097e-01 1.500000e+00
      vertex   4.534099e+01 6.590097e-01 8.650000e+00
    endloop
  endfacet
  facet normal 7.730105e-01 -6.343933e-01 -4.923747e-16
    outer loop
      vertex   4.534099e+01 6.590097e-01 8.650000e+00
      vertex   4.534099e+01 6.590097e-01 1.500000e+00
      vertex   4.562081e+01 9.999670e-01 1.500000e+00
    endloop
  endfacet
  facet normal 7.730105e-01 -6.343933e-01 -5.017635e-16
    outer loop
      vertex   4.534099e+01 6.590097e-01 8.650000e+00
      vertex   4.562081e+01 9.999670e-01 1.500000e+00
      vertex   4.562081e+01 9.999670e-01 8.650000e+00
    endloop
  endfacet
  facet normal 8.819213e-01 -4.713967e-01 -6.787927e-16
    outer loop
      vertex   4.562081e+01 9.999670e-01 8.650000e+00
      vertex   4.562081e+01 9.999670e-01 1.500000e+00
      vertex   4.582873e+01 1.388962e+00 1.500000e+00
    endloop
  endfacet
  facet normal 8.819213e-01 -4.713967e-01 -7.426190e-16
    outer loop
      vertex   4.562081e+01 9.999670e-01 8.650000e+00
      vertex   4.582873e+01 1.388962e+00 1.500000e+00
      vertex   4.582873e+01 1.388962e+00 8.650000e+00
    endloop
  endfacet
  facet normal 9.569403e-01 -2.902847e-01 -8.698412e-16
    outer loop
      vertex   4.582873e+01 1.388962e+00 8.650000e+00
      vertex   4.582873e+01 1.388962e+00 1.500000e+00
      vertex   4.595677e+01 1.811047e+00 1.500000e+00
    endloop
  endfacet
  facet normal 9.569403e-01 -2.902847e-01 4.535810e-17
    outer loop
      vertex   4.582873e+01 1.388962e+00 8.650000e+00
      vertex   4.595677e+01 1.811047e+00 1.500000e+00
      vertex   4.595677e+01 1.811047e+00 8.650000e+00
    endloop
  endfacet
  facet normal 9.951847e-01 -9.801714e-02 1.521970e-17
    outer loop
      vertex   4.595677e+01 1.811047e+00 8.650000e+00
      vertex   4.595677e+01 1.811047e+00 1.500000e+00
      vertex   4.600000e+01 2.250000e+00 8.650000e+00
    endloop
  endfacet
  facet normal 9.951847e-01 -9.801714e-02 6.087882e-18
    outer loop
      vertex   4.600000e+01 2.250000e+00 8.650000e+00
      vertex   4.595677e+01 1.811047e+00 1.500000e+00
      vertex   4.600000e+01 2.250000e+00 1.500000e+00
    endloop
  endfacet
  facet normal -9.951847e-01 -9.801714e-02 -4.870305e-17
    outer loop
      vertex   -2.498002e-15 2.250000e+00 8.650000e+00
      vertex   -2.498002e-15 2.250000e+00 1.500000e+00
      vertex   4.323312e-02 1.811047e+00 8.650000e+00
    endloop
  endfacet
  facet normal -9.951847e-01 -9.801714e-02 7.459973e-18
    outer loop
      vertex   4.323312e-02 1.811047e+00 8.650000e+00
      vertex   -2.498002e-15 2.250000e+00 1.500000e+00
      vertex   4.323312e-02 1.811047e+00 1.500000e+00
    endloop
  endfacet
  facet normal -9.569403e-01 -2.902847e-01 -8.414494e-17
    outer loop
      vertex   4.323312e-02 1.811047e+00 8.650000e+00
      vertex   4.323312e-02 1.811047e+00 1.500000e+00
      vertex   1.712711e-01 1.388962e+00 1.500000e+00
    endloop
  endfacet
  facet normal -9.569403e-01 -2.902847e-01 -2.093595e-17
    outer loop
      vertex   4.323312e-02 1.811047e+00 8.650000e+00
      vertex   1.712711e-01 1.388962e+00 1.500000e+00
      vertex   1.712711e-01 1.388962e+00 8.650000e+00
    endloop
  endfacet
  facet normal -8.819213e-01 -4.713967e-01 -1.212526e-16
    outer loop
      vertex   1.712711e-01 1.388962e+00 8.650000e+00
      vertex   1.712711e-01 1.388962e+00 1.500000e+00
      vertex   3.791934e-01 9.999670e-01 1.500000e+00
    endloop
  endfacet
  facet normal -8.819213e-01 -4.713967e-01 -4.348310e-18
    outer loop
      vertex   1.712711e-01 1.388962e+00 8.650000e+00
      vertex   3.791934e-01 9.999670e-01 1.500000e+00
      vertex   3.791934e-01 9.999670e-01 8.650000e+00
    endloop
  endfacet
  facet normal -7.730105e-01 -6.343933e-01 -8.252793e-17
    outer loop
      vertex   3.791934e-01 9.999670e-01 8.650000e+00
      vertex   3.791934e-01 9.999670e-01 1.500000e+00
      vertex   6.590097e-01 6.590097e-01 1.500000e+00
    endloop
  endfacet
  facet normal -7.730105e-01 -6.343933e-01 4.192318e-17
    outer loop
      vertex   3.791934e-01 9.999670e-01 8.650000e+00
      vertex   6.590097e-01 6.590097e-01 1.500000e+00
      vertex   6.590097e-01 6.590097e-01 8.650000e+00
    endloop
  endfacet
  facet normal -6.343933e-01 -7.730105e-01 -1.813048e-17
    outer loop
      vertex   6.590097e-01 6.590097e-01 8.650000e+00
      vertex   6.590097e-01 6.590097e-01 1.500000e+00
      vertex   9.999670e-01 3.791934e-01 1.500000e+00
    endloop
  endfacet
  facet normal -6.343933e-01 -7.730105e-01 -1.935264e-17
    outer loop
      vertex   6.590097e-01 6.590097e-01 8.650000e+00
      vertex   9.999670e-01 3.791934e-01 1.500000e+00
      vertex   9.999670e-01 3.791934e-01 8.650000e+00
    endloop
  endfacet
  facet normal -4.713967e-01 -8.819213e-01 -6.327199e-17
    outer loop
      vertex   9.999670e-01 3.791934e-01 8.650000e+00
      vertex   9.999670e-01 3.791934e-01 1.500000e+00
      vertex   1.388962e+00 1.712711e-01 1.500000e+00
    endloop
  endfacet
  facet normal -4.713967e-01 -8.819213e-01 -4.499824e-17
    outer loop
      vertex   9.999670e-01 3.791934e-01 8.650000e+00
      vertex   1.388962e+00 1.712711e-01 1.500000e+00
      vertex   1.388962e+00 1.712711e-01 8.650000e+00
    endloop
  endfacet
  facet normal -2.902847e-01 -9.569403e-01 -8.494186e-17
    outer loop
      vertex   1.388962e+00 1.712711e-01 8.650000e+00
      vertex   1.388962e+00 1.712711e-01 1.500000e+00
      vertex   1.811047e+00 4.323312e-02 1.500000e+00
    endloop
  endfacet
  facet normal -2.902847e-01 -9.569403e-01 -1.006664e-18
    outer loop
      vertex   1.388962e+00 1.712711e-01 8.650000e+00
      vertex   1.811047e+00 4.323312e-02 1.500000e+00
      vertex   1.811047e+00 4.323312e-02 8.650000e+00
    endloop
  endfacet
  facet normal -9.801714e-02 -9.951847e-01 -2.645630e-17
    outer loop
      vertex   1.811047e+00 4.323312e-02 8.650000e+00
      vertex   1.811047e+00 4.323312e-02 1.500000e+00
      vertex   2.250000e+00 2.775558e-16 8.650000e+00
    endloop
  endfacet
  facet normal -9.801714e-02 -9.951847e-01 6.087882e-18
    outer loop
      vertex   2.250000e+00 2.775558e-16 8.650000e+00
      vertex   1.811047e+00 4.323312e-02 1.500000e+00
      vertex   2.250000e+00 2.775558e-16 1.500000e+00
    endloop
  endfacet
endsolid
