solid ASCII
  facet normal 0.000000e+00 0.000000e+00 -1.000000e+00
    outer loop
      vertex   2.346504e+01 6.550000e+01 1.500000e+01
      vertex   2.346504e+01 6.731719e+01 1.500000e+01
      vertex   2.399437e+01 6.550000e+01 1.500000e+01
    endloop
  endfacet
  facet normal 0.000000e+00 0.000000e+00 -1.000000e+00
    outer loop
      vertex   2.399437e+01 6.550000e+01 1.500000e+01
      vertex   2.346504e+01 6.731719e+01 1.500000e+01
      vertex   2.399437e+01 6.950000e+01 1.500000e+01
    endloop
  endfacet
  facet normal 0.000000e+00 0.000000e+00 -1.000000e+00
    outer loop
      vertex   2.399437e+01 6.950000e+01 1.500000e+01
      vertex   2.346504e+01 6.731719e+01 1.500000e+01
      vertex   2.346504e+01 6.778922e+01 1.500000e+01
    endloop
  endfacet
  facet normal 0.000000e+00 0.000000e+00 -1.000000e+00
    outer loop
      vertex   2.399437e+01 6.950000e+01 1.500000e+01
      vertex   2.346504e+01 6.778922e+01 1.500000e+01
      vertex   2.346504e+01 6.902797e+01 1.500000e+01
    endloop
  endfacet
  facet normal 0.000000e+00 0.000000e+00 -1.000000e+00
    outer loop
      vertex   2.346504e+01 6.731719e+01 1.500000e+01
      vertex   2.158782e+01 6.731719e+01 1.500000e+01
      vertex   2.346504e+01 6.778922e+01 1.500000e+01
    endloop
  endfacet
  facet normal -0.000000e+00 0.000000e+00 -1.000000e+00
    outer loop
      vertex   2.346504e+01 6.778922e+01 1.500000e+01
      vertex   2.158782e+01 6.731719e+01 1.500000e+01
      vertex   2.158782e+01 6.778922e+01 1.500000e+01
    endloop
  endfacet
  facet normal 0.000000e+00 0.000000e+00 -1.000000e+00
    outer loop
      vertex   2.129587e+01 6.902797e+01 1.500000e+01
      vertex   2.129587e+01 6.950000e+01 1.500000e+01
      vertex   2.346504e+01 6.902797e+01 1.500000e+01
    endloop
  endfacet
  facet normal 0.000000e+00 0.000000e+00 -1.000000e+00
    outer loop
      vertex   2.346504e+01 6.902797e+01 1.500000e+01
      vertex   2.129587e+01 6.950000e+01 1.500000e+01
      vertex   2.399437e+01 6.950000e+01 1.500000e+01
    endloop
  endfacet
  facet normal -1.000000e+00 1.429149e-12 0.000000e+00
    outer loop
      vertex   2.346504e+01 6.731719e+01 1.550000e+01
      vertex   2.346504e+01 6.731719e+01 1.500000e+01
      vertex   2.346504e+01 6.550000e+01 1.550000e+01
    endloop
  endfacet
  facet normal -1.000000e+00 1.429149e-12 0.000000e+00
    outer loop
      vertex   2.346504e+01 6.550000e+01 1.550000e+01
      vertex   2.346504e+01 6.731719e+01 1.500000e+01
      vertex   2.346504e+01 6.550000e+01 1.500000e+01
    endloop
  endfacet
  facet normal -1.438333e-12 -1.000000e+00 -0.000000e+00
    outer loop
      vertex   2.158782e+01 6.731719e+01 1.550000e+01
      vertex   2.158782e+01 6.731719e+01 1.500000e+01
      vertex   2.346504e+01 6.731719e+01 1.550000e+01
    endloop
  endfacet
  facet normal -1.438333e-12 -1.000000e+00 -0.000000e+00
    outer loop
      vertex   2.346504e+01 6.731719e+01 1.550000e+01
      vertex   2.158782e+01 6.731719e+01 1.500000e+01
      vertex   2.346504e+01 6.731719e+01 1.500000e+01
    endloop
  endfacet
  facet normal -1.000000e+00 1.430018e-12 0.000000e+00
    outer loop
      vertex   2.158782e+01 6.778922e+01 1.550000e+01
      vertex   2.158782e+01 6.778922e+01 1.500000e+01
      vertex   2.158782e+01 6.731719e+01 1.550000e+01
    endloop
  endfacet
  facet normal -1.000000e+00 1.430018e-12 0.000000e+00
    outer loop
      vertex   2.158782e+01 6.731719e+01 1.550000e+01
      vertex   2.158782e+01 6.778922e+01 1.500000e+01
      vertex   2.158782e+01 6.731719e+01 1.500000e+01
    endloop
  endfacet
  facet normal 1.438333e-12 1.000000e+00 0.000000e+00
    outer loop
      vertex   2.346504e+01 6.778922e+01 1.550000e+01
      vertex   2.346504e+01 6.778922e+01 1.500000e+01
      vertex   2.158782e+01 6.778922e+01 1.550000e+01
    endloop
  endfacet
  facet normal 1.438333e-12 1.000000e+00 0.000000e+00
    outer loop
      vertex   2.158782e+01 6.778922e+01 1.550000e+01
      vertex   2.346504e+01 6.778922e+01 1.500000e+01
      vertex   2.158782e+01 6.778922e+01 1.500000e+01
    endloop
  endfacet
  facet normal -1.000000e+00 1.431129e-12 0.000000e+00
    outer loop
      vertex   2.346504e+01 6.902797e+01 1.550000e+01
      vertex   2.346504e+01 6.902797e+01 1.500000e+01
      vertex   2.346504e+01 6.778922e+01 1.550000e+01
    endloop
  endfacet
  facet normal -1.000000e+00 1.431129e-12 0.000000e+00
    outer loop
      vertex   2.346504e+01 6.778922e+01 1.550000e+01
      vertex   2.346504e+01 6.902797e+01 1.500000e+01
      vertex   2.346504e+01 6.778922e+01 1.500000e+01
    endloop
  endfacet
  facet normal -1.434734e-12 -1.000000e+00 -0.000000e+00
    outer loop
      vertex   2.129587e+01 6.902797e+01 1.550000e+01
      vertex   2.129587e+01 6.902797e+01 1.500000e+01
      vertex   2.346504e+01 6.902797e+01 1.550000e+01
    endloop
  endfacet
  facet normal -1.434734e-12 -1.000000e+00 -0.000000e+00
    outer loop
      vertex   2.346504e+01 6.902797e+01 1.550000e+01
      vertex   2.129587e+01 6.902797e+01 1.500000e+01
      vertex   2.346504e+01 6.902797e+01 1.500000e+01
    endloop
  endfacet
  facet normal -1.000000e+00 1.430019e-12 0.000000e+00
    outer loop
      vertex   2.129587e+01 6.950000e+01 1.550000e+01
      vertex   2.129587e+01 6.950000e+01 1.500000e+01
      vertex   2.129587e+01 6.902797e+01 1.550000e+01
    endloop
  endfacet
  facet normal -1.000000e+00 1.430019e-12 0.000000e+00
    outer loop
      vertex   2.129587e+01 6.902797e+01 1.550000e+01
      vertex   2.129587e+01 6.950000e+01 1.500000e+01
      vertex   2.129587e+01 6.902797e+01 1.500000e+01
    endloop
  endfacet
  facet normal 1.432408e-12 1.000000e+00 0.000000e+00
    outer loop
      vertex   2.399437e+01 6.950000e+01 1.550000e+01
      vertex   2.399437e+01 6.950000e+01 1.500000e+01
      vertex   2.129587e+01 6.950000e+01 1.550000e+01
    endloop
  endfacet
  facet normal 1.432408e-12 1.000000e+00 0.000000e+00
    outer loop
      vertex   2.129587e+01 6.950000e+01 1.550000e+01
      vertex   2.399437e+01 6.950000e+01 1.500000e+01
      vertex   2.129587e+01 6.950000e+01 1.500000e+01
    endloop
  endfacet
  facet normal 1.000000e+00 -1.428191e-12 0.000000e+00
    outer loop
      vertex   2.399437e+01 6.550000e+01 1.550000e+01
      vertex   2.399437e+01 6.550000e+01 1.500000e+01
      vertex   2.399437e+01 6.950000e+01 1.550000e+01
    endloop
  endfacet
  facet normal 1.000000e+00 -1.428191e-12 0.000000e+00
    outer loop
      vertex   2.399437e+01 6.950000e+01 1.550000e+01
      vertex   2.399437e+01 6.550000e+01 1.500000e+01
      vertex   2.399437e+01 6.950000e+01 1.500000e+01
    endloop
  endfacet
  facet normal -1.422880e-12 -1.000000e+00 -0.000000e+00
    outer loop
      vertex   2.346504e+01 6.550000e+01 1.550000e+01
      vertex   2.346504e+01 6.550000e+01 1.500000e+01
      vertex   2.399437e+01 6.550000e+01 1.550000e+01
    endloop
  endfacet
  facet normal -1.422880e-12 -1.000000e+00 -0.000000e+00
    outer loop
      vertex   2.399437e+01 6.550000e+01 1.550000e+01
      vertex   2.346504e+01 6.550000e+01 1.500000e+01
      vertex   2.399437e+01 6.550000e+01 1.500000e+01
    endloop
  endfacet
  facet normal 0.000000e+00 -0.000000e+00 -1.000000e+00
    outer loop
      vertex   1.935317e+01 6.719441e+01 1.500000e+01
      vertex   2.086204e+01 6.719441e+01 1.500000e+01
      vertex   1.935317e+01 6.670055e+01 1.500000e+01
    endloop
  endfacet
  facet normal 0.000000e+00 0.000000e+00 -1.000000e+00
    outer loop
      vertex   1.935317e+01 6.670055e+01 1.500000e+01
      vertex   2.086204e+01 6.719441e+01 1.500000e+01
      vertex   2.086204e+01 6.670055e+01 1.500000e+01
    endloop
  endfacet
  facet normal -1.000000e+00 1.424363e-12 0.000000e+00
    outer loop
      vertex   1.935317e+01 6.719441e+01 1.550000e+01
      vertex   1.935317e+01 6.719441e+01 1.500000e+01
      vertex   1.935317e+01 6.670055e+01 1.550000e+01
    endloop
  endfacet
  facet normal -1.000000e+00 1.424363e-12 0.000000e+00
    outer loop
      vertex   1.935317e+01 6.670055e+01 1.550000e+01
      vertex   1.935317e+01 6.719441e+01 1.500000e+01
      vertex   1.935317e+01 6.670055e+01 1.500000e+01
    endloop
  endfacet
  facet normal 1.431570e-12 1.000000e+00 0.000000e+00
    outer loop
      vertex   2.086204e+01 6.719441e+01 1.550000e+01
      vertex   2.086204e+01 6.719441e+01 1.500000e+01
      vertex   1.935317e+01 6.719441e+01 1.550000e+01
    endloop
  endfacet
  facet normal 1.431570e-12 1.000000e+00 0.000000e+00
    outer loop
      vertex   1.935317e+01 6.719441e+01 1.550000e+01
      vertex   2.086204e+01 6.719441e+01 1.500000e+01
      vertex   1.935317e+01 6.719441e+01 1.500000e+01
    endloop
  endfacet
  facet normal 1.000000e+00 -1.431557e-12 0.000000e+00
    outer loop
      vertex   2.086204e+01 6.670055e+01 1.550000e+01
      vertex   2.086204e+01 6.670055e+01 1.500000e+01
      vertex   2.086204e+01 6.719441e+01 1.550000e+01
    endloop
  endfacet
  facet normal 1.000000e+00 -1.431557e-12 0.000000e+00
    outer loop
      vertex   2.086204e+01 6.719441e+01 1.550000e+01
      vertex   2.086204e+01 6.670055e+01 1.500000e+01
      vertex   2.086204e+01 6.719441e+01 1.500000e+01
    endloop
  endfacet
  facet normal -1.431570e-12 -1.000000e+00 -0.000000e+00
    outer loop
      vertex   1.935317e+01 6.670055e+01 1.550000e+01
      vertex   1.935317e+01 6.670055e+01 1.500000e+01
      vertex   2.086204e+01 6.670055e+01 1.550000e+01
    endloop
  endfacet
  facet normal -1.431570e-12 -1.000000e+00 -0.000000e+00
    outer loop
      vertex   2.086204e+01 6.670055e+01 1.550000e+01
      vertex   1.935317e+01 6.670055e+01 1.500000e+01
      vertex   2.086204e+01 6.670055e+01 1.500000e+01
    endloop
  endfacet
  facet normal 0.000000e+00 0.000000e+00 -1.000000e+00
    outer loop
      vertex   2.720856e+01 6.854775e+01 1.500000e+01
      vertex   2.815808e+01 6.679877e+01 1.500000e+01
      vertex   2.805712e+01 6.550000e+01 1.500000e+01
    endloop
  endfacet
  facet normal 0.000000e+00 0.000000e+00 -1.000000e+00
    outer loop
      vertex   2.805712e+01 6.550000e+01 1.500000e+01
      vertex   2.815808e+01 6.679877e+01 1.500000e+01
      vertex   2.820446e+01 6.661425e+01 1.500000e+01
    endloop
  endfacet
  facet normal 0.000000e+00 0.000000e+00 -1.000000e+00
    outer loop
      vertex   2.805712e+01 6.550000e+01 1.500000e+01
      vertex   2.820446e+01 6.661425e+01 1.500000e+01
      vertex   2.824986e+01 6.642949e+01 1.500000e+01
    endloop
  endfacet
  facet normal 0.000000e+00 0.000000e+00 -1.000000e+00
    outer loop
      vertex   2.815808e+01 6.679877e+01 1.500000e+01
      vertex   2.720856e+01 6.854775e+01 1.500000e+01
      vertex   2.739682e+01 6.950000e+01 1.500000e+01
    endloop
  endfacet
  facet normal 0.000000e+00 0.000000e+00 -1.000000e+00
    outer loop
      vertex   2.739682e+01 6.950000e+01 1.500000e+01
      vertex   2.720856e+01 6.854775e+01 1.500000e+01
      vertex   2.717718e+01 6.866456e+01 1.500000e+01
    endloop
  endfacet
  facet normal 0.000000e+00 0.000000e+00 -1.000000e+00
    outer loop
      vertex   2.739682e+01 6.950000e+01 1.500000e+01
      vertex   2.717718e+01 6.866456e+01 1.500000e+01
      vertex   2.714699e+01 6.878167e+01 1.500000e+01
    endloop
  endfacet
  facet normal 0.000000e+00 0.000000e+00 -1.000000e+00
    outer loop
      vertex   2.714699e+01 6.878167e+01 1.500000e+01
      vertex   2.711861e+01 6.889924e+01 1.500000e+01
      vertex   2.739682e+01 6.950000e+01 1.500000e+01
    endloop
  endfacet
  facet normal 0.000000e+00 0.000000e+00 -1.000000e+00
    outer loop
      vertex   2.739682e+01 6.950000e+01 1.500000e+01
      vertex   2.711861e+01 6.889924e+01 1.500000e+01
      vertex   2.709123e+01 6.901705e+01 1.500000e+01
    endloop
  endfacet
  facet normal -0.000000e+00 0.000000e+00 -1.000000e+00
    outer loop
      vertex   2.739682e+01 6.950000e+01 1.500000e+01
      vertex   2.709123e+01 6.901705e+01 1.500000e+01
      vertex   2.675835e+01 6.950000e+01 1.500000e+01
    endloop
  endfacet
  facet normal 0.000000e+00 0.000000e+00 -1.000000e+00
    outer loop
      vertex   2.675835e+01 6.950000e+01 1.500000e+01
      vertex   2.709123e+01 6.901705e+01 1.500000e+01
      vertex   2.706148e+01 6.889930e+01 1.500000e+01
    endloop
  endfacet
  facet normal 0.000000e+00 0.000000e+00 -1.000000e+00
    outer loop
      vertex   2.675835e+01 6.950000e+01 1.500000e+01
      vertex   2.706148e+01 6.889930e+01 1.500000e+01
      vertex   2.703060e+01 6.878184e+01 1.500000e+01
    endloop
  endfacet
  facet normal -0.000000e+00 0.000000e+00 -1.000000e+00
    outer loop
      vertex   2.703060e+01 6.878184e+01 1.500000e+01
      vertex   2.699847e+01 6.866471e+01 1.500000e+01
      vertex   2.675835e+01 6.950000e+01 1.500000e+01
    endloop
  endfacet
  facet normal 0.000000e+00 0.000000e+00 -1.000000e+00
    outer loop
      vertex   2.675835e+01 6.950000e+01 1.500000e+01
      vertex   2.699847e+01 6.866471e+01 1.500000e+01
      vertex   2.696572e+01 6.854775e+01 1.500000e+01
    endloop
  endfacet
  facet normal 0.000000e+00 -0.000000e+00 -1.000000e+00
    outer loop
      vertex   2.675835e+01 6.950000e+01 1.500000e+01
      vertex   2.696572e+01 6.854775e+01 1.500000e+01
      vertex   2.618537e+01 6.747544e+01 1.500000e+01
    endloop
  endfacet
  facet normal 0.000000e+00 -0.000000e+00 -1.000000e+00
    outer loop
      vertex   2.618537e+01 6.747544e+01 1.500000e+01
      vertex   2.696572e+01 6.854775e+01 1.500000e+01
      vertex   2.609131e+01 6.712498e+01 1.500000e+01
    endloop
  endfacet
  facet normal 0.000000e+00 0.000000e+00 -1.000000e+00
    outer loop
      vertex   2.609131e+01 6.712498e+01 1.500000e+01
      vertex   2.696572e+01 6.854775e+01 1.500000e+01
      vertex   2.612261e+01 6.550000e+01 1.500000e+01
    endloop
  endfacet
  facet normal 0.000000e+00 -0.000000e+00 -1.000000e+00
    outer loop
      vertex   2.609131e+01 6.712498e+01 1.500000e+01
      vertex   2.612261e+01 6.550000e+01 1.500000e+01
      vertex   2.600590e+01 6.677262e+01 1.500000e+01
    endloop
  endfacet
  facet normal 0.000000e+00 -0.000000e+00 -1.000000e+00
    outer loop
      vertex   2.600590e+01 6.677262e+01 1.500000e+01
      vertex   2.612261e+01 6.550000e+01 1.500000e+01
      vertex   2.593543e+01 6.641700e+01 1.500000e+01
    endloop
  endfacet
  facet normal 0.000000e+00 -0.000000e+00 -1.000000e+00
    outer loop
      vertex   2.593543e+01 6.641700e+01 1.500000e+01
      vertex   2.612261e+01 6.550000e+01 1.500000e+01
      vertex   2.587431e+01 6.605935e+01 1.500000e+01
    endloop
  endfacet
  facet normal 0.000000e+00 -0.000000e+00 -1.000000e+00
    outer loop
      vertex   2.587431e+01 6.605935e+01 1.500000e+01
      vertex   2.612261e+01 6.550000e+01 1.500000e+01
      vertex   2.561238e+01 6.550000e+01 1.500000e+01
    endloop
  endfacet
  facet normal -0.000000e+00 0.000000e+00 -1.000000e+00
    outer loop
      vertex   2.587431e+01 6.605935e+01 1.500000e+01
      vertex   2.561238e+01 6.550000e+01 1.500000e+01
      vertex   2.582799e+01 6.627774e+01 1.500000e+01
    endloop
  endfacet
  facet normal -0.000000e+00 0.000000e+00 -1.000000e+00
    outer loop
      vertex   2.582799e+01 6.627774e+01 1.500000e+01
      vertex   2.561238e+01 6.550000e+01 1.500000e+01
      vertex   2.577967e+01 6.649567e+01 1.500000e+01
    endloop
  endfacet
  facet normal -0.000000e+00 0.000000e+00 -1.000000e+00
    outer loop
      vertex   2.577967e+01 6.649567e+01 1.500000e+01
      vertex   2.561238e+01 6.550000e+01 1.500000e+01
      vertex   2.572828e+01 6.671291e+01 1.500000e+01
    endloop
  endfacet
  facet normal -0.000000e+00 0.000000e+00 -1.000000e+00
    outer loop
      vertex   2.572828e+01 6.671291e+01 1.500000e+01
      vertex   2.561238e+01 6.550000e+01 1.500000e+01
      vertex   2.567513e+01 6.692974e+01 1.500000e+01
    endloop
  endfacet
  facet normal -0.000000e+00 0.000000e+00 -1.000000e+00
    outer loop
      vertex   2.567513e+01 6.692974e+01 1.500000e+01
      vertex   2.561238e+01 6.550000e+01 1.500000e+01
      vertex   2.451552e+01 6.950000e+01 1.500000e+01
    endloop
  endfacet
  facet normal 0.000000e+00 0.000000e+00 -1.000000e+00
    outer loop
      vertex   2.567513e+01 6.692974e+01 1.500000e+01
      vertex   2.451552e+01 6.950000e+01 1.500000e+01
      vertex   2.504758e+01 6.950000e+01 1.500000e+01
    endloop
  endfacet
  facet normal 0.000000e+00 -0.000000e+00 -1.000000e+00
    outer loop
      vertex   2.824986e+01 6.642949e+01 1.500000e+01
      vertex   2.829426e+01 6.624448e+01 1.500000e+01
      vertex   2.805712e+01 6.550000e+01 1.500000e+01
    endloop
  endfacet
  facet normal 0.000000e+00 0.000000e+00 -1.000000e+00
    outer loop
      vertex   2.805712e+01 6.550000e+01 1.500000e+01
      vertex   2.829426e+01 6.624448e+01 1.500000e+01
      vertex   2.833816e+01 6.605935e+01 1.500000e+01
    endloop
  endfacet
  facet normal 0.000000e+00 0.000000e+00 -1.000000e+00
    outer loop
      vertex   2.805712e+01 6.550000e+01 1.500000e+01
      vertex   2.833816e+01 6.605935e+01 1.500000e+01
      vertex   2.859737e+01 6.550000e+01 1.500000e+01
    endloop
  endfacet
  facet normal 0.000000e+00 0.000000e+00 -1.000000e+00
    outer loop
      vertex   2.859737e+01 6.550000e+01 1.500000e+01
      vertex   2.833816e+01 6.605935e+01 1.500000e+01
      vertex   2.837613e+01 6.626488e+01 1.500000e+01
    endloop
  endfacet
  facet normal 0.000000e+00 0.000000e+00 -1.000000e+00
    outer loop
      vertex   2.859737e+01 6.550000e+01 1.500000e+01
      vertex   2.837613e+01 6.626488e+01 1.500000e+01
      vertex   2.841647e+01 6.646992e+01 1.500000e+01
    endloop
  endfacet
  facet normal 0.000000e+00 0.000000e+00 -1.000000e+00
    outer loop
      vertex   2.841647e+01 6.646992e+01 1.500000e+01
      vertex   2.846073e+01 6.667415e+01 1.500000e+01
      vertex   2.859737e+01 6.550000e+01 1.500000e+01
    endloop
  endfacet
  facet normal 0.000000e+00 0.000000e+00 -1.000000e+00
    outer loop
      vertex   2.859737e+01 6.550000e+01 1.500000e+01
      vertex   2.846073e+01 6.667415e+01 1.500000e+01
      vertex   2.850733e+01 6.687790e+01 1.500000e+01
    endloop
  endfacet
  facet normal 0.000000e+00 0.000000e+00 -1.000000e+00
    outer loop
      vertex   2.859737e+01 6.550000e+01 1.500000e+01
      vertex   2.850733e+01 6.687790e+01 1.500000e+01
      vertex   2.965876e+01 6.950000e+01 1.500000e+01
    endloop
  endfacet
  facet normal -0.000000e+00 0.000000e+00 -1.000000e+00
    outer loop
      vertex   2.965876e+01 6.950000e+01 1.500000e+01
      vertex   2.850733e+01 6.687790e+01 1.500000e+01
      vertex   2.911579e+01 6.950000e+01 1.500000e+01
    endloop
  endfacet
  facet normal -9.633571e-01 -2.682221e-01 -0.000000e+00
    outer loop
      vertex   2.720856e+01 6.854775e+01 1.550000e+01
      vertex   2.720856e+01 6.854775e+01 1.500000e+01
      vertex   2.805712e+01 6.550000e+01 1.550000e+01
    endloop
  endfacet
  facet normal -9.633571e-01 -2.682221e-01 -0.000000e+00
    outer loop
      vertex   2.805712e+01 6.550000e+01 1.550000e+01
      vertex   2.720856e+01 6.854775e+01 1.500000e+01
      vertex   2.805712e+01 6.550000e+01 1.500000e+01
    endloop
  endfacet
  facet normal -9.657687e-01 -2.594048e-01 -0.000000e+00
    outer loop
      vertex   2.720856e+01 6.854775e+01 1.550000e+01
      vertex   2.717718e+01 6.866456e+01 1.550000e+01
      vertex   2.720856e+01 6.854775e+01 1.500000e+01
    endloop
  endfacet
  facet normal -9.657687e-01 -2.594048e-01 8.889901e-19
    outer loop
      vertex   2.720856e+01 6.854775e+01 1.500000e+01
      vertex   2.717718e+01 6.866456e+01 1.550000e+01
      vertex   2.717718e+01 6.866456e+01 1.500000e+01
    endloop
  endfacet
  facet normal -9.683488e-01 -2.496010e-01 0.000000e+00
    outer loop
      vertex   2.717718e+01 6.866456e+01 1.500000e+01
      vertex   2.717718e+01 6.866456e+01 1.550000e+01
      vertex   2.714699e+01 6.878167e+01 1.550000e+01
    endloop
  endfacet
  facet normal -9.683488e-01 -2.496010e-01 1.350776e-18
    outer loop
      vertex   2.717718e+01 6.866456e+01 1.500000e+01
      vertex   2.714699e+01 6.878167e+01 1.550000e+01
      vertex   2.714699e+01 6.878167e+01 1.500000e+01
    endloop
  endfacet
  facet normal -9.720681e-01 -2.346989e-01 0.000000e+00
    outer loop
      vertex   2.714699e+01 6.878167e+01 1.500000e+01
      vertex   2.714699e+01 6.878167e+01 1.550000e+01
      vertex   2.711861e+01 6.889924e+01 1.550000e+01
    endloop
  endfacet
  facet normal -9.720681e-01 -2.346989e-01 2.986614e-18
    outer loop
      vertex   2.714699e+01 6.878167e+01 1.500000e+01
      vertex   2.711861e+01 6.889924e+01 1.550000e+01
      vertex   2.711861e+01 6.889924e+01 1.500000e+01
    endloop
  endfacet
  facet normal -9.740452e-01 -2.263534e-01 0.000000e+00
    outer loop
      vertex   2.711861e+01 6.889924e+01 1.500000e+01
      vertex   2.711861e+01 6.889924e+01 1.550000e+01
      vertex   2.709123e+01 6.901705e+01 1.550000e+01
    endloop
  endfacet
  facet normal -9.740452e-01 -2.263534e-01 7.207754e-19
    outer loop
      vertex   2.711861e+01 6.889924e+01 1.500000e+01
      vertex   2.709123e+01 6.901705e+01 1.550000e+01
      vertex   2.709123e+01 6.901705e+01 1.500000e+01
    endloop
  endfacet
  facet normal 9.695359e-01 -2.449491e-01 0.000000e+00
    outer loop
      vertex   2.709123e+01 6.901705e+01 1.550000e+01
      vertex   2.706148e+01 6.889930e+01 1.550000e+01
      vertex   2.709123e+01 6.901705e+01 1.500000e+01
    endloop
  endfacet
  facet normal 9.695359e-01 -2.449491e-01 -2.765922e-18
    outer loop
      vertex   2.709123e+01 6.901705e+01 1.500000e+01
      vertex   2.706148e+01 6.889930e+01 1.550000e+01
      vertex   2.706148e+01 6.889930e+01 1.500000e+01
    endloop
  endfacet
  facet normal 9.671288e-01 -2.542869e-01 0.000000e+00
    outer loop
      vertex   2.706148e+01 6.889930e+01 1.500000e+01
      vertex   2.706148e+01 6.889930e+01 1.550000e+01
      vertex   2.703060e+01 6.878184e+01 1.550000e+01
    endloop
  endfacet
  facet normal 9.671288e-01 -2.542869e-01 -8.037412e-19
    outer loop
      vertex   2.706148e+01 6.889930e+01 1.500000e+01
      vertex   2.703060e+01 6.878184e+01 1.550000e+01
      vertex   2.703060e+01 6.878184e+01 1.500000e+01
    endloop
  endfacet
  facet normal 9.643854e-01 -2.645011e-01 0.000000e+00
    outer loop
      vertex   2.703060e+01 6.878184e+01 1.500000e+01
      vertex   2.703060e+01 6.878184e+01 1.550000e+01
      vertex   2.699847e+01 6.866471e+01 1.550000e+01
    endloop
  endfacet
  facet normal 9.643854e-01 -2.645011e-01 -2.957873e-18
    outer loop
      vertex   2.703060e+01 6.878184e+01 1.500000e+01
      vertex   2.699847e+01 6.866471e+01 1.550000e+01
      vertex   2.699847e+01 6.866471e+01 1.500000e+01
    endloop
  endfacet
  facet normal 9.629559e-01 -2.696589e-01 0.000000e+00
    outer loop
      vertex   2.699847e+01 6.866471e+01 1.500000e+01
      vertex   2.699847e+01 6.866471e+01 1.550000e+01
      vertex   2.696572e+01 6.854775e+01 1.550000e+01
    endloop
  endfacet
  facet normal 9.629559e-01 -2.696589e-01 -2.999355e-19
    outer loop
      vertex   2.699847e+01 6.866471e+01 1.500000e+01
      vertex   2.696572e+01 6.854775e+01 1.550000e+01
      vertex   2.696572e+01 6.854775e+01 1.500000e+01
    endloop
  endfacet
  facet normal 9.638017e-01 -2.666201e-01 0.000000e+00
    outer loop
      vertex   2.612261e+01 6.550000e+01 1.550000e+01
      vertex   2.612261e+01 6.550000e+01 1.500000e+01
      vertex   2.696572e+01 6.854775e+01 1.550000e+01
    endloop
  endfacet
  facet normal 9.638017e-01 -2.666201e-01 0.000000e+00
    outer loop
      vertex   2.696572e+01 6.854775e+01 1.550000e+01
      vertex   2.612261e+01 6.550000e+01 1.500000e+01
      vertex   2.696572e+01 6.854775e+01 1.500000e+01
    endloop
  endfacet
  facet normal -1.420440e-12 -1.000000e+00 -0.000000e+00
    outer loop
      vertex   2.561238e+01 6.550000e+01 1.550000e+01
      vertex   2.561238e+01 6.550000e+01 1.500000e+01
      vertex   2.612261e+01 6.550000e+01 1.550000e+01
    endloop
  endfacet
  facet normal -1.420440e-12 -1.000000e+00 -0.000000e+00
    outer loop
      vertex   2.612261e+01 6.550000e+01 1.550000e+01
      vertex   2.561238e+01 6.550000e+01 1.500000e+01
      vertex   2.612261e+01 6.550000e+01 1.500000e+01
    endloop
  endfacet
  facet normal -9.643986e-01 -2.644530e-01 -0.000000e+00
    outer loop
      vertex   2.451552e+01 6.950000e+01 1.550000e+01
      vertex   2.451552e+01 6.950000e+01 1.500000e+01
      vertex   2.561238e+01 6.550000e+01 1.550000e+01
    endloop
  endfacet
  facet normal -9.643986e-01 -2.644530e-01 -0.000000e+00
    outer loop
      vertex   2.561238e+01 6.550000e+01 1.550000e+01
      vertex   2.451552e+01 6.950000e+01 1.500000e+01
      vertex   2.561238e+01 6.550000e+01 1.500000e+01
    endloop
  endfacet
  facet normal 1.442293e-12 1.000000e+00 0.000000e+00
    outer loop
      vertex   2.504758e+01 6.950000e+01 1.550000e+01
      vertex   2.504758e+01 6.950000e+01 1.500000e+01
      vertex   2.451552e+01 6.950000e+01 1.550000e+01
    endloop
  endfacet
  facet normal 1.442293e-12 1.000000e+00 0.000000e+00
    outer loop
      vertex   2.451552e+01 6.950000e+01 1.550000e+01
      vertex   2.504758e+01 6.950000e+01 1.500000e+01
      vertex   2.451552e+01 6.950000e+01 1.500000e+01
    endloop
  endfacet
  facet normal 9.714624e-01 2.371936e-01 0.000000e+00
    outer loop
      vertex   2.567513e+01 6.692974e+01 1.550000e+01
      vertex   2.567513e+01 6.692974e+01 1.500000e+01
      vertex   2.504758e+01 6.950000e+01 1.550000e+01
    endloop
  endfacet
  facet normal 9.714624e-01 2.371936e-01 0.000000e+00
    outer loop
      vertex   2.504758e+01 6.950000e+01 1.550000e+01
      vertex   2.567513e+01 6.692974e+01 1.500000e+01
      vertex   2.504758e+01 6.950000e+01 1.500000e+01
    endloop
  endfacet
  facet normal 9.712561e-01 2.380370e-01 0.000000e+00
    outer loop
      vertex   2.567513e+01 6.692974e+01 1.550000e+01
      vertex   2.572828e+01 6.671291e+01 1.550000e+01
      vertex   2.567513e+01 6.692974e+01 1.500000e+01
    endloop
  endfacet
  facet normal 9.712561e-01 2.380370e-01 5.477559e-18
    outer loop
      vertex   2.567513e+01 6.692974e+01 1.500000e+01
      vertex   2.572828e+01 6.671291e+01 1.550000e+01
      vertex   2.572828e+01 6.671291e+01 1.500000e+01
    endloop
  endfacet
  facet normal 9.731318e-01 2.302488e-01 -0.000000e+00
    outer loop
      vertex   2.572828e+01 6.671291e+01 1.500000e+01
      vertex   2.572828e+01 6.671291e+01 1.550000e+01
      vertex   2.577967e+01 6.649567e+01 1.550000e+01
    endloop
  endfacet
  facet normal 9.731318e-01 2.302488e-01 -5.244567e-18
    outer loop
      vertex   2.572828e+01 6.671291e+01 1.500000e+01
      vertex   2.577967e+01 6.649567e+01 1.550000e+01
      vertex   2.577967e+01 6.649567e+01 1.500000e+01
    endloop
  endfacet
  facet normal 9.762952e-01 2.164435e-01 -0.000000e+00
    outer loop
      vertex   2.577967e+01 6.649567e+01 1.500000e+01
      vertex   2.577967e+01 6.649567e+01 1.550000e+01
      vertex   2.582799e+01 6.627774e+01 1.550000e+01
    endloop
  endfacet
  facet normal 9.762952e-01 2.164435e-01 -5.687325e-18
    outer loop
      vertex   2.577967e+01 6.649567e+01 1.500000e+01
      vertex   2.582799e+01 6.627774e+01 1.550000e+01
      vertex   2.582799e+01 6.627774e+01 1.500000e+01
    endloop
  endfacet
  facet normal 9.782352e-01 2.074993e-01 -0.000000e+00
    outer loop
      vertex   2.582799e+01 6.627774e+01 1.500000e+01
      vertex   2.582799e+01 6.627774e+01 1.550000e+01
      vertex   2.587431e+01 6.605935e+01 1.550000e+01
    endloop
  endfacet
  facet normal 9.782352e-01 2.074993e-01 -3.142018e-18
    outer loop
      vertex   2.582799e+01 6.627774e+01 1.500000e+01
      vertex   2.587431e+01 6.605935e+01 1.550000e+01
      vertex   2.587431e+01 6.605935e+01 1.500000e+01
    endloop
  endfacet
  facet normal -9.857119e-01 1.684402e-01 0.000000e+00
    outer loop
      vertex   2.587431e+01 6.605935e+01 1.550000e+01
      vertex   2.593543e+01 6.641700e+01 1.550000e+01
      vertex   2.587431e+01 6.605935e+01 1.500000e+01
    endloop
  endfacet
  facet normal -9.857119e-01 1.684402e-01 5.881461e-18
    outer loop
      vertex   2.587431e+01 6.605935e+01 1.500000e+01
      vertex   2.593543e+01 6.641700e+01 1.550000e+01
      vertex   2.593543e+01 6.641700e+01 1.500000e+01
    endloop
  endfacet
  facet normal -9.809275e-01 1.943740e-01 0.000000e+00
    outer loop
      vertex   2.593543e+01 6.641700e+01 1.500000e+01
      vertex   2.593543e+01 6.641700e+01 1.550000e+01
      vertex   2.600590e+01 6.677262e+01 1.550000e+01
    endloop
  endfacet
  facet normal -9.809275e-01 1.943740e-01 8.263760e-18
    outer loop
      vertex   2.593543e+01 6.641700e+01 1.500000e+01
      vertex   2.600590e+01 6.677262e+01 1.550000e+01
      vertex   2.600590e+01 6.677262e+01 1.500000e+01
    endloop
  endfacet
  facet normal -9.718558e-01 2.355764e-01 0.000000e+00
    outer loop
      vertex   2.600590e+01 6.677262e+01 1.500000e+01
      vertex   2.600590e+01 6.677262e+01 1.550000e+01
      vertex   2.609131e+01 6.712498e+01 1.550000e+01
    endloop
  endfacet
  facet normal -9.718558e-01 2.355764e-01 -6.581483e-18
    outer loop
      vertex   2.600590e+01 6.677262e+01 1.500000e+01
      vertex   2.609131e+01 6.712498e+01 1.550000e+01
      vertex   2.609131e+01 6.712498e+01 1.500000e+01
    endloop
  endfacet
  facet normal -9.658232e-01 2.592016e-01 0.000000e+00
    outer loop
      vertex   2.609131e+01 6.712498e+01 1.500000e+01
      vertex   2.609131e+01 6.712498e+01 1.550000e+01
      vertex   2.618537e+01 6.747544e+01 1.550000e+01
    endloop
  endfacet
  facet normal -9.658232e-01 2.592016e-01 -8.361783e-18
    outer loop
      vertex   2.609131e+01 6.712498e+01 1.500000e+01
      vertex   2.618537e+01 6.747544e+01 1.550000e+01
      vertex   2.618537e+01 6.747544e+01 1.500000e+01
    endloop
  endfacet
  facet normal -9.622061e-01 2.723224e-01 0.000000e+00
    outer loop
      vertex   2.675835e+01 6.950000e+01 1.550000e+01
      vertex   2.675835e+01 6.950000e+01 1.500000e+01
      vertex   2.618537e+01 6.747544e+01 1.550000e+01
    endloop
  endfacet
  facet normal -9.622061e-01 2.723224e-01 0.000000e+00
    outer loop
      vertex   2.618537e+01 6.747544e+01 1.550000e+01
      vertex   2.675835e+01 6.950000e+01 1.500000e+01
      vertex   2.618537e+01 6.747544e+01 1.500000e+01
    endloop
  endfacet
  facet normal 1.446744e-12 1.000000e+00 0.000000e+00
    outer loop
      vertex   2.739682e+01 6.950000e+01 1.550000e+01
      vertex   2.739682e+01 6.950000e+01 1.500000e+01
      vertex   2.675835e+01 6.950000e+01 1.550000e+01
    endloop
  endfacet
  facet normal 1.446744e-12 1.000000e+00 0.000000e+00
    outer loop
      vertex   2.675835e+01 6.950000e+01 1.550000e+01
      vertex   2.739682e+01 6.950000e+01 1.500000e+01
      vertex   2.675835e+01 6.950000e+01 1.500000e+01
    endloop
  endfacet
  facet normal 9.625083e-01 2.712523e-01 0.000000e+00
    outer loop
      vertex   2.815808e+01 6.679877e+01 1.550000e+01
      vertex   2.815808e+01 6.679877e+01 1.500000e+01
      vertex   2.739682e+01 6.950000e+01 1.550000e+01
    endloop
  endfacet
  facet normal 9.625083e-01 2.712523e-01 0.000000e+00
    outer loop
      vertex   2.739682e+01 6.950000e+01 1.550000e+01
      vertex   2.815808e+01 6.679877e+01 1.500000e+01
      vertex   2.739682e+01 6.950000e+01 1.500000e+01
    endloop
  endfacet
  facet normal 9.698314e-01 2.437768e-01 0.000000e+00
    outer loop
      vertex   2.815808e+01 6.679877e+01 1.550000e+01
      vertex   2.820446e+01 6.661425e+01 1.550000e+01
      vertex   2.815808e+01 6.679877e+01 1.500000e+01
    endloop
  endfacet
  facet normal 9.698314e-01 2.437768e-01 7.932921e-18
    outer loop
      vertex   2.815808e+01 6.679877e+01 1.500000e+01
      vertex   2.820446e+01 6.661425e+01 1.550000e+01
      vertex   2.820446e+01 6.661425e+01 1.500000e+01
    endloop
  endfacet
  facet normal 9.711107e-01 2.386296e-01 -0.000000e+00
    outer loop
      vertex   2.820446e+01 6.661425e+01 1.500000e+01
      vertex   2.820446e+01 6.661425e+01 1.550000e+01
      vertex   2.824986e+01 6.642949e+01 1.550000e+01
    endloop
  endfacet
  facet normal 9.711107e-01 2.386296e-01 4.246857e-18
    outer loop
      vertex   2.820446e+01 6.661425e+01 1.500000e+01
      vertex   2.824986e+01 6.642949e+01 1.550000e+01
      vertex   2.824986e+01 6.642949e+01 1.500000e+01
    endloop
  endfacet
  facet normal 9.723889e-01 2.333664e-01 -0.000000e+00
    outer loop
      vertex   2.824986e+01 6.642949e+01 1.500000e+01
      vertex   2.824986e+01 6.642949e+01 1.550000e+01
      vertex   2.829426e+01 6.624448e+01 1.550000e+01
    endloop
  endfacet
  facet normal 9.723889e-01 2.333664e-01 1.868385e-18
    outer loop
      vertex   2.824986e+01 6.642949e+01 1.500000e+01
      vertex   2.829426e+01 6.624448e+01 1.550000e+01
      vertex   2.829426e+01 6.624448e+01 1.500000e+01
    endloop
  endfacet
  facet normal 9.730204e-01 2.307190e-01 -0.000000e+00
    outer loop
      vertex   2.829426e+01 6.624448e+01 1.500000e+01
      vertex   2.829426e+01 6.624448e+01 1.550000e+01
      vertex   2.833816e+01 6.605935e+01 1.550000e+01
    endloop
  endfacet
  facet normal 9.730204e-01 2.307190e-01 1.826673e-18
    outer loop
      vertex   2.829426e+01 6.624448e+01 1.500000e+01
      vertex   2.833816e+01 6.605935e+01 1.550000e+01
      vertex   2.833816e+01 6.605935e+01 1.500000e+01
    endloop
  endfacet
  facet normal -9.833580e-01 1.816782e-01 0.000000e+00
    outer loop
      vertex   2.833816e+01 6.605935e+01 1.550000e+01
      vertex   2.837613e+01 6.626488e+01 1.550000e+01
      vertex   2.833816e+01 6.605935e+01 1.500000e+01
    endloop
  endfacet
  facet normal -9.833580e-01 1.816782e-01 1.901914e-18
    outer loop
      vertex   2.833816e+01 6.605935e+01 1.500000e+01
      vertex   2.837613e+01 6.626488e+01 1.550000e+01
      vertex   2.837613e+01 6.626488e+01 1.500000e+01
    endloop
  endfacet
  facet normal -9.811911e-01 1.930388e-01 0.000000e+00
    outer loop
      vertex   2.837613e+01 6.626488e+01 1.500000e+01
      vertex   2.837613e+01 6.626488e+01 1.550000e+01
      vertex   2.841647e+01 6.646992e+01 1.550000e+01
    endloop
  endfacet
  facet normal -9.811911e-01 1.930388e-01 7.098542e-18
    outer loop
      vertex   2.837613e+01 6.626488e+01 1.500000e+01
      vertex   2.841647e+01 6.646992e+01 1.550000e+01
      vertex   2.841647e+01 6.646992e+01 1.500000e+01
    endloop
  endfacet
  facet normal -9.773141e-01 2.117953e-01 0.000000e+00
    outer loop
      vertex   2.841647e+01 6.646992e+01 1.500000e+01
      vertex   2.841647e+01 6.646992e+01 1.550000e+01
      vertex   2.846073e+01 6.667415e+01 1.550000e+01
    endloop
  endfacet
  facet normal -9.773141e-01 2.117953e-01 -2.869677e-18
    outer loop
      vertex   2.841647e+01 6.646992e+01 1.500000e+01
      vertex   2.846073e+01 6.667415e+01 1.550000e+01
      vertex   2.846073e+01 6.667415e+01 1.500000e+01
    endloop
  endfacet
  facet normal -9.748326e-01 2.229382e-01 0.000000e+00
    outer loop
      vertex   2.846073e+01 6.667415e+01 1.500000e+01
      vertex   2.846073e+01 6.667415e+01 1.550000e+01
      vertex   2.850733e+01 6.687790e+01 1.550000e+01
    endloop
  endfacet
  facet normal -9.748326e-01 2.229382e-01 3.908923e-18
    outer loop
      vertex   2.846073e+01 6.667415e+01 1.500000e+01
      vertex   2.850733e+01 6.687790e+01 1.550000e+01
      vertex   2.850733e+01 6.687790e+01 1.500000e+01
    endloop
  endfacet
  facet normal -9.741171e-01 2.260438e-01 0.000000e+00
    outer loop
      vertex   2.911579e+01 6.950000e+01 1.550000e+01
      vertex   2.911579e+01 6.950000e+01 1.500000e+01
      vertex   2.850733e+01 6.687790e+01 1.550000e+01
    endloop
  endfacet
  facet normal -9.741171e-01 2.260438e-01 0.000000e+00
    outer loop
      vertex   2.850733e+01 6.687790e+01 1.550000e+01
      vertex   2.911579e+01 6.950000e+01 1.500000e+01
      vertex   2.850733e+01 6.687790e+01 1.500000e+01
    endloop
  endfacet
  facet normal 1.439474e-12 1.000000e+00 0.000000e+00
    outer loop
      vertex   2.965876e+01 6.950000e+01 1.550000e+01
      vertex   2.965876e+01 6.950000e+01 1.500000e+01
      vertex   2.911579e+01 6.950000e+01 1.550000e+01
    endloop
  endfacet
  facet normal 1.439474e-12 1.000000e+00 0.000000e+00
    outer loop
      vertex   2.911579e+01 6.950000e+01 1.550000e+01
      vertex   2.965876e+01 6.950000e+01 1.500000e+01
      vertex   2.911579e+01 6.950000e+01 1.500000e+01
    endloop
  endfacet
  facet normal 9.665516e-01 -2.564724e-01 0.000000e+00
    outer loop
      vertex   2.859737e+01 6.550000e+01 1.550000e+01
      vertex   2.859737e+01 6.550000e+01 1.500000e+01
      vertex   2.965876e+01 6.950000e+01 1.550000e+01
    endloop
  endfacet
  facet normal 9.665516e-01 -2.564724e-01 0.000000e+00
    outer loop
      vertex   2.965876e+01 6.950000e+01 1.550000e+01
      vertex   2.859737e+01 6.550000e+01 1.500000e+01
      vertex   2.965876e+01 6.950000e+01 1.500000e+01
    endloop
  endfacet
  facet normal -1.420440e-12 -1.000000e+00 -0.000000e+00
    outer loop
      vertex   2.805712e+01 6.550000e+01 1.550000e+01
      vertex   2.805712e+01 6.550000e+01 1.500000e+01
      vertex   2.859737e+01 6.550000e+01 1.550000e+01
    endloop
  endfacet
  facet normal -1.420440e-12 -1.000000e+00 -0.000000e+00
    outer loop
      vertex   2.859737e+01 6.550000e+01 1.550000e+01
      vertex   2.805712e+01 6.550000e+01 1.500000e+01
      vertex   2.859737e+01 6.550000e+01 1.500000e+01
    endloop
  endfacet
  facet normal 0.000000e+00 0.000000e+00 -1.000000e+00
    outer loop
      vertex   1.828035e+01 6.604205e+01 1.500000e+01
      vertex   1.847838e+01 6.653430e+01 1.500000e+01
      vertex   1.832725e+01 6.597203e+01 1.500000e+01
    endloop
  endfacet
  facet normal 0.000000e+00 0.000000e+00 -1.000000e+00
    outer loop
      vertex   1.832725e+01 6.597203e+01 1.500000e+01
      vertex   1.847838e+01 6.653430e+01 1.500000e+01
      vertex   1.863011e+01 6.637312e+01 1.500000e+01
    endloop
  endfacet
  facet normal 0.000000e+00 0.000000e+00 -1.000000e+00
    outer loop
      vertex   1.832725e+01 6.597203e+01 1.500000e+01
      vertex   1.863011e+01 6.637312e+01 1.500000e+01
      vertex   1.872620e+01 6.624947e+01 1.500000e+01
    endloop
  endfacet
  facet normal 2.307782e-14 -9.284551e-15 -1.000000e+00
    outer loop
      vertex   1.828035e+01 6.604205e+01 1.500000e+01
      vertex   1.823067e+01 6.610991e+01 1.500000e+01
      vertex   1.847838e+01 6.653430e+01 1.500000e+01
    endloop
  endfacet
  facet normal -1.643240e-14 1.377714e-14 -1.000000e+00
    outer loop
      vertex   1.847838e+01 6.653430e+01 1.500000e+01
      vertex   1.823067e+01 6.610991e+01 1.500000e+01
      vertex   1.817656e+01 6.617431e+01 1.500000e+01
    endloop
  endfacet
  facet normal -0.000000e+00 0.000000e+00 -1.000000e+00
    outer loop
      vertex   1.847838e+01 6.653430e+01 1.500000e+01
      vertex   1.817656e+01 6.617431e+01 1.500000e+01
      vertex   1.832115e+01 6.668968e+01 1.500000e+01
    endloop
  endfacet
  facet normal 0.000000e+00 0.000000e+00 -1.000000e+00
    outer loop
      vertex   1.832115e+01 6.668968e+01 1.500000e+01
      vertex   1.817656e+01 6.617431e+01 1.500000e+01
      vertex   1.811988e+01 6.623670e+01 1.500000e+01
    endloop
  endfacet
  facet normal -0.000000e+00 0.000000e+00 -1.000000e+00
    outer loop
      vertex   1.832115e+01 6.668968e+01 1.500000e+01
      vertex   1.811988e+01 6.623670e+01 1.500000e+01
      vertex   1.815587e+01 6.683659e+01 1.500000e+01
    endloop
  endfacet
  facet normal 0.000000e+00 0.000000e+00 -1.000000e+00
    outer loop
      vertex   1.815587e+01 6.683659e+01 1.500000e+01
      vertex   1.811988e+01 6.623670e+01 1.500000e+01
      vertex   1.798232e+01 6.636769e+01 1.500000e+01
    endloop
  endfacet
  facet normal 0.000000e+00 0.000000e+00 -1.000000e+00
    outer loop
      vertex   1.815587e+01 6.683659e+01 1.500000e+01
      vertex   1.798232e+01 6.636769e+01 1.500000e+01
      vertex   1.784187e+01 6.649548e+01 1.500000e+01
    endloop
  endfacet
  facet normal -0.000000e+00 0.000000e+00 -1.000000e+00
    outer loop
      vertex   1.815587e+01 6.683659e+01 1.500000e+01
      vertex   1.784187e+01 6.649548e+01 1.500000e+01
      vertex   1.798618e+01 6.697885e+01 1.500000e+01
    endloop
  endfacet
  facet normal 0.000000e+00 0.000000e+00 -1.000000e+00
    outer loop
      vertex   1.798618e+01 6.697885e+01 1.500000e+01
      vertex   1.784187e+01 6.649548e+01 1.500000e+01
      vertex   1.769799e+01 6.661945e+01 1.500000e+01
    endloop
  endfacet
  facet normal -0.000000e+00 0.000000e+00 -1.000000e+00
    outer loop
      vertex   1.798618e+01 6.697885e+01 1.500000e+01
      vertex   1.769799e+01 6.661945e+01 1.500000e+01
      vertex   1.775035e+01 6.717449e+01 1.500000e+01
    endloop
  endfacet
  facet normal 0.000000e+00 0.000000e+00 -1.000000e+00
    outer loop
      vertex   1.775035e+01 6.717449e+01 1.500000e+01
      vertex   1.769799e+01 6.661945e+01 1.500000e+01
      vertex   1.755235e+01 6.674147e+01 1.500000e+01
    endloop
  endfacet
  facet normal -0.000000e+00 0.000000e+00 -1.000000e+00
    outer loop
      vertex   1.775035e+01 6.717449e+01 1.500000e+01
      vertex   1.755235e+01 6.674147e+01 1.500000e+01
      vertex   1.752204e+01 6.737781e+01 1.500000e+01
    endloop
  endfacet
  facet normal 0.000000e+00 -0.000000e+00 -1.000000e+00
    outer loop
      vertex   1.752204e+01 6.737781e+01 1.500000e+01
      vertex   1.755235e+01 6.674147e+01 1.500000e+01
      vertex   1.735570e+01 6.690929e+01 1.500000e+01
    endloop
  endfacet
  facet normal 0.000000e+00 0.000000e+00 -1.000000e+00
    outer loop
      vertex   1.752204e+01 6.737781e+01 1.500000e+01
      vertex   1.735570e+01 6.690929e+01 1.500000e+01
      vertex   1.716283e+01 6.708111e+01 1.500000e+01
    endloop
  endfacet
  facet normal -0.000000e+00 0.000000e+00 -1.000000e+00
    outer loop
      vertex   1.752204e+01 6.737781e+01 1.500000e+01
      vertex   1.716283e+01 6.708111e+01 1.500000e+01
      vertex   1.730804e+01 6.759572e+01 1.500000e+01
    endloop
  endfacet
  facet normal 0.000000e+00 0.000000e+00 -1.000000e+00
    outer loop
      vertex   1.730804e+01 6.759572e+01 1.500000e+01
      vertex   1.716283e+01 6.708111e+01 1.500000e+01
      vertex   1.697706e+01 6.726048e+01 1.500000e+01
    endloop
  endfacet
  facet normal -0.000000e+00 0.000000e+00 -1.000000e+00
    outer loop
      vertex   1.730804e+01 6.759572e+01 1.500000e+01
      vertex   1.697706e+01 6.726048e+01 1.500000e+01
      vertex   1.710487e+01 6.782469e+01 1.500000e+01
    endloop
  endfacet
  facet normal 0.000000e+00 0.000000e+00 -1.000000e+00
    outer loop
      vertex   1.710487e+01 6.782469e+01 1.500000e+01
      vertex   1.697706e+01 6.726048e+01 1.500000e+01
      vertex   1.679655e+01 6.744543e+01 1.500000e+01
    endloop
  endfacet
  facet normal -0.000000e+00 0.000000e+00 -1.000000e+00
    outer loop
      vertex   1.710487e+01 6.782469e+01 1.500000e+01
      vertex   1.679655e+01 6.744543e+01 1.500000e+01
      vertex   1.701575e+01 6.796091e+01 1.500000e+01
    endloop
  endfacet
  facet normal 0.000000e+00 0.000000e+00 -1.000000e+00
    outer loop
      vertex   1.701575e+01 6.796091e+01 1.500000e+01
      vertex   1.679655e+01 6.744543e+01 1.500000e+01
      vertex   1.670128e+01 6.755866e+01 1.500000e+01
    endloop
  endfacet
  facet normal -0.000000e+00 0.000000e+00 -1.000000e+00
    outer loop
      vertex   1.701575e+01 6.796091e+01 1.500000e+01
      vertex   1.670128e+01 6.755866e+01 1.500000e+01
      vertex   1.694297e+01 6.810319e+01 1.500000e+01
    endloop
  endfacet
  facet normal 0.000000e+00 0.000000e+00 -1.000000e+00
    outer loop
      vertex   1.694297e+01 6.810319e+01 1.500000e+01
      vertex   1.670128e+01 6.755866e+01 1.500000e+01
      vertex   1.661294e+01 6.767647e+01 1.500000e+01
    endloop
  endfacet
  facet normal 0.000000e+00 0.000000e+00 -1.000000e+00
    outer loop
      vertex   1.694297e+01 6.810319e+01 1.500000e+01
      vertex   1.661294e+01 6.767647e+01 1.500000e+01
      vertex   1.653698e+01 6.780247e+01 1.500000e+01
    endloop
  endfacet
  facet normal -0.000000e+00 0.000000e+00 -1.000000e+00
    outer loop
      vertex   1.694297e+01 6.810319e+01 1.500000e+01
      vertex   1.653698e+01 6.780247e+01 1.500000e+01
      vertex   1.689957e+01 6.825637e+01 1.500000e+01
    endloop
  endfacet
  facet normal 0.000000e+00 0.000000e+00 -1.000000e+00
    outer loop
      vertex   1.689957e+01 6.825637e+01 1.500000e+01
      vertex   1.653698e+01 6.780247e+01 1.500000e+01
      vertex   1.646913e+01 6.793383e+01 1.500000e+01
    endloop
  endfacet
  facet normal 0.000000e+00 0.000000e+00 -1.000000e+00
    outer loop
      vertex   1.689957e+01 6.825637e+01 1.500000e+01
      vertex   1.646913e+01 6.793383e+01 1.500000e+01
      vertex   1.642816e+01 6.804845e+01 1.500000e+01
    endloop
  endfacet
  facet normal -0.000000e+00 0.000000e+00 -1.000000e+00
    outer loop
      vertex   1.689957e+01 6.825637e+01 1.500000e+01
      vertex   1.642816e+01 6.804845e+01 1.500000e+01
      vertex   1.687568e+01 6.841678e+01 1.500000e+01
    endloop
  endfacet
  facet normal 0.000000e+00 0.000000e+00 -1.000000e+00
    outer loop
      vertex   1.687568e+01 6.841678e+01 1.500000e+01
      vertex   1.642816e+01 6.804845e+01 1.500000e+01
      vertex   1.639606e+01 6.816490e+01 1.500000e+01
    endloop
  endfacet
  facet normal 0.000000e+00 0.000000e+00 -1.000000e+00
    outer loop
      vertex   1.687568e+01 6.841678e+01 1.500000e+01
      vertex   1.639606e+01 6.816490e+01 1.500000e+01
      vertex   1.637894e+01 6.828444e+01 1.500000e+01
    endloop
  endfacet
  facet normal 0.000000e+00 0.000000e+00 -1.000000e+00
    outer loop
      vertex   1.637894e+01 6.828444e+01 1.500000e+01
      vertex   1.637090e+01 6.840587e+01 1.500000e+01
      vertex   1.687568e+01 6.841678e+01 1.500000e+01
    endloop
  endfacet
  facet normal -0.000000e+00 0.000000e+00 -1.000000e+00
    outer loop
      vertex   1.687568e+01 6.841678e+01 1.500000e+01
      vertex   1.637090e+01 6.840587e+01 1.500000e+01
      vertex   1.639659e+01 6.862845e+01 1.500000e+01
    endloop
  endfacet
  facet normal 0.000000e+00 0.000000e+00 -1.000000e+00
    outer loop
      vertex   1.687568e+01 6.841678e+01 1.500000e+01
      vertex   1.639659e+01 6.862845e+01 1.500000e+01
      vertex   1.689194e+01 6.855510e+01 1.500000e+01
    endloop
  endfacet
  facet normal 0.000000e+00 0.000000e+00 -1.000000e+00
    outer loop
      vertex   1.689194e+01 6.855510e+01 1.500000e+01
      vertex   1.639659e+01 6.862845e+01 1.500000e+01
      vertex   1.645391e+01 6.883758e+01 1.500000e+01
    endloop
  endfacet
  facet normal 0.000000e+00 0.000000e+00 -1.000000e+00
    outer loop
      vertex   1.689194e+01 6.855510e+01 1.500000e+01
      vertex   1.645391e+01 6.883758e+01 1.500000e+01
      vertex   1.656422e+01 6.902416e+01 1.500000e+01
    endloop
  endfacet
  facet normal 0.000000e+00 0.000000e+00 -1.000000e+00
    outer loop
      vertex   1.689194e+01 6.855510e+01 1.500000e+01
      vertex   1.656422e+01 6.902416e+01 1.500000e+01
      vertex   1.692795e+01 6.868495e+01 1.500000e+01
    endloop
  endfacet
  facet normal 0.000000e+00 0.000000e+00 -1.000000e+00
    outer loop
      vertex   1.692795e+01 6.868495e+01 1.500000e+01
      vertex   1.656422e+01 6.902416e+01 1.500000e+01
      vertex   1.670651e+01 6.919714e+01 1.500000e+01
    endloop
  endfacet
  facet normal 0.000000e+00 0.000000e+00 -1.000000e+00
    outer loop
      vertex   1.692795e+01 6.868495e+01 1.500000e+01
      vertex   1.670651e+01 6.919714e+01 1.500000e+01
      vertex   1.699695e+01 6.880068e+01 1.500000e+01
    endloop
  endfacet
  facet normal 0.000000e+00 0.000000e+00 -1.000000e+00
    outer loop
      vertex   1.699695e+01 6.880068e+01 1.500000e+01
      vertex   1.670651e+01 6.919714e+01 1.500000e+01
      vertex   1.691153e+01 6.933965e+01 1.500000e+01
    endloop
  endfacet
  facet normal 0.000000e+00 0.000000e+00 -1.000000e+00
    outer loop
      vertex   1.699695e+01 6.880068e+01 1.500000e+01
      vertex   1.691153e+01 6.933965e+01 1.500000e+01
      vertex   1.708578e+01 6.890791e+01 1.500000e+01
    endloop
  endfacet
  facet normal 0.000000e+00 0.000000e+00 -1.000000e+00
    outer loop
      vertex   1.708578e+01 6.890791e+01 1.500000e+01
      vertex   1.691153e+01 6.933965e+01 1.500000e+01
      vertex   1.712958e+01 6.944637e+01 1.500000e+01
    endloop
  endfacet
  facet normal 0.000000e+00 0.000000e+00 -1.000000e+00
    outer loop
      vertex   1.708578e+01 6.890791e+01 1.500000e+01
      vertex   1.712958e+01 6.944637e+01 1.500000e+01
      vertex   1.720700e+01 6.899644e+01 1.500000e+01
    endloop
  endfacet
  facet normal 0.000000e+00 0.000000e+00 -1.000000e+00
    outer loop
      vertex   1.720700e+01 6.899644e+01 1.500000e+01
      vertex   1.712958e+01 6.944637e+01 1.500000e+01
      vertex   1.733640e+01 6.906356e+01 1.500000e+01
    endloop
  endfacet
  facet normal 0.000000e+00 0.000000e+00 -1.000000e+00
    outer loop
      vertex   1.733640e+01 6.906356e+01 1.500000e+01
      vertex   1.712958e+01 6.944637e+01 1.500000e+01
      vertex   1.736793e+01 6.949724e+01 1.500000e+01
    endloop
  endfacet
  facet normal 0.000000e+00 0.000000e+00 -1.000000e+00
    outer loop
      vertex   1.733640e+01 6.906356e+01 1.500000e+01
      vertex   1.736793e+01 6.949724e+01 1.500000e+01
      vertex   1.747881e+01 6.909655e+01 1.500000e+01
    endloop
  endfacet
  facet normal 0.000000e+00 0.000000e+00 -1.000000e+00
    outer loop
      vertex   1.747881e+01 6.909655e+01 1.500000e+01
      vertex   1.736793e+01 6.949724e+01 1.500000e+01
      vertex   1.761783e+01 6.951637e+01 1.500000e+01
    endloop
  endfacet
  facet normal 0.000000e+00 0.000000e+00 -1.000000e+00
    outer loop
      vertex   1.747881e+01 6.909655e+01 1.500000e+01
      vertex   1.761783e+01 6.951637e+01 1.500000e+01
      vertex   1.762875e+01 6.910982e+01 1.500000e+01
    endloop
  endfacet
  facet normal 0.000000e+00 0.000000e+00 -1.000000e+00
    outer loop
      vertex   1.762875e+01 6.910982e+01 1.500000e+01
      vertex   1.761783e+01 6.951637e+01 1.500000e+01
      vertex   1.778588e+01 6.909614e+01 1.500000e+01
    endloop
  endfacet
  facet normal 0.000000e+00 0.000000e+00 -1.000000e+00
    outer loop
      vertex   1.778588e+01 6.909614e+01 1.500000e+01
      vertex   1.761783e+01 6.951637e+01 1.500000e+01
      vertex   1.786438e+01 6.949895e+01 1.500000e+01
    endloop
  endfacet
  facet normal -1.140064e-14 2.221769e-15 -1.000000e+00
    outer loop
      vertex   1.778588e+01 6.909614e+01 1.500000e+01
      vertex   1.786438e+01 6.949895e+01 1.500000e+01
      vertex   1.793496e+01 6.906158e+01 1.500000e+01
    endloop
  endfacet
  facet normal 8.364470e-16 4.196432e-15 -1.000000e+00
    outer loop
      vertex   1.793496e+01 6.906158e+01 1.500000e+01
      vertex   1.786438e+01 6.949895e+01 1.500000e+01
      vertex   1.810080e+01 6.945182e+01 1.500000e+01
    endloop
  endfacet
  facet normal 1.270607e-14 -8.479878e-16 -1.000000e+00
    outer loop
      vertex   1.793496e+01 6.906158e+01 1.500000e+01
      vertex   1.810080e+01 6.945182e+01 1.500000e+01
      vertex   1.807003e+01 6.899073e+01 1.500000e+01
    endloop
  endfacet
  facet normal 0.000000e+00 0.000000e+00 -1.000000e+00
    outer loop
      vertex   1.807003e+01 6.899073e+01 1.500000e+01
      vertex   1.810080e+01 6.945182e+01 1.500000e+01
      vertex   1.831937e+01 6.935228e+01 1.500000e+01
    endloop
  endfacet
  facet normal 0.000000e+00 0.000000e+00 -1.000000e+00
    outer loop
      vertex   1.807003e+01 6.899073e+01 1.500000e+01
      vertex   1.831937e+01 6.935228e+01 1.500000e+01
      vertex   1.819628e+01 6.889700e+01 1.500000e+01
    endloop
  endfacet
  facet normal 0.000000e+00 0.000000e+00 -1.000000e+00
    outer loop
      vertex   1.819628e+01 6.889700e+01 1.500000e+01
      vertex   1.831937e+01 6.935228e+01 1.500000e+01
      vertex   1.852643e+01 6.921896e+01 1.500000e+01
    endloop
  endfacet
  facet normal 0.000000e+00 0.000000e+00 -1.000000e+00
    outer loop
      vertex   1.819628e+01 6.889700e+01 1.500000e+01
      vertex   1.852643e+01 6.921896e+01 1.500000e+01
      vertex   1.829174e+01 6.876547e+01 1.500000e+01
    endloop
  endfacet
  facet normal 0.000000e+00 0.000000e+00 -1.000000e+00
    outer loop
      vertex   1.829174e+01 6.876547e+01 1.500000e+01
      vertex   1.852643e+01 6.921896e+01 1.500000e+01
      vertex   1.868319e+01 6.903190e+01 1.500000e+01
    endloop
  endfacet
  facet normal 0.000000e+00 0.000000e+00 -1.000000e+00
    outer loop
      vertex   1.829174e+01 6.876547e+01 1.500000e+01
      vertex   1.868319e+01 6.903190e+01 1.500000e+01
      vertex   1.836343e+01 6.862489e+01 1.500000e+01
    endloop
  endfacet
  facet normal -6.292277e-15 4.943399e-15 -1.000000e+00
    outer loop
      vertex   1.836343e+01 6.862489e+01 1.500000e+01
      vertex   1.868319e+01 6.903190e+01 1.500000e+01
      vertex   1.880602e+01 6.882890e+01 1.500000e+01
    endloop
  endfacet
  facet normal -3.637381e-15 -8.161825e-16 -1.000000e+00
    outer loop
      vertex   1.836343e+01 6.862489e+01 1.500000e+01
      vertex   1.880602e+01 6.882890e+01 1.500000e+01
      vertex   1.839813e+01 6.847026e+01 1.500000e+01
    endloop
  endfacet
  facet normal 1.970117e-15 -7.193564e-15 -1.000000e+00
    outer loop
      vertex   1.839813e+01 6.847026e+01 1.500000e+01
      vertex   1.880602e+01 6.882890e+01 1.500000e+01
      vertex   1.887622e+01 6.860119e+01 1.500000e+01
    endloop
  endfacet
  facet normal 0.000000e+00 0.000000e+00 -1.000000e+00
    outer loop
      vertex   1.839813e+01 6.847026e+01 1.500000e+01
      vertex   1.887622e+01 6.860119e+01 1.500000e+01
      vertex   1.841183e+01 6.830764e+01 1.500000e+01
    endloop
  endfacet
  facet normal 0.000000e+00 0.000000e+00 -1.000000e+00
    outer loop
      vertex   1.841183e+01 6.830764e+01 1.500000e+01
      vertex   1.887622e+01 6.860119e+01 1.500000e+01
      vertex   1.891661e+01 6.835948e+01 1.500000e+01
    endloop
  endfacet
  facet normal -6.512117e-15 9.364501e-15 -1.000000e+00
    outer loop
      vertex   1.872620e+01 6.624947e+01 1.500000e+01
      vertex   1.881405e+01 6.612086e+01 1.500000e+01
      vertex   1.832725e+01 6.597203e+01 1.500000e+01
    endloop
  endfacet
  facet normal 2.658659e-16 -1.280500e-14 -1.000000e+00
    outer loop
      vertex   1.832725e+01 6.597203e+01 1.500000e+01
      vertex   1.881405e+01 6.612086e+01 1.500000e+01
      vertex   1.888757e+01 6.598367e+01 1.500000e+01
    endloop
  endfacet
  facet normal 0.000000e+00 0.000000e+00 -1.000000e+00
    outer loop
      vertex   1.832725e+01 6.597203e+01 1.500000e+01
      vertex   1.888757e+01 6.598367e+01 1.500000e+01
      vertex   1.895208e+01 6.584106e+01 1.500000e+01
    endloop
  endfacet
  facet normal -0.000000e+00 -0.000000e+00 -1.000000e+00
    outer loop
      vertex   1.895208e+01 6.584106e+01 1.500000e+01
      vertex   1.897820e+01 6.575778e+01 1.500000e+01
      vertex   1.832725e+01 6.597203e+01 1.500000e+01
    endloop
  endfacet
  facet normal 0.000000e+00 0.000000e+00 -1.000000e+00
    outer loop
      vertex   1.832725e+01 6.597203e+01 1.500000e+01
      vertex   1.897820e+01 6.575778e+01 1.500000e+01
      vertex   1.899787e+01 6.567342e+01 1.500000e+01
    endloop
  endfacet
  facet normal 0.000000e+00 0.000000e+00 -1.000000e+00
    outer loop
      vertex   1.832725e+01 6.597203e+01 1.500000e+01
      vertex   1.899787e+01 6.567342e+01 1.500000e+01
      vertex   1.900683e+01 6.558725e+01 1.500000e+01
    endloop
  endfacet
  facet normal -0.000000e+00 -0.000000e+00 -1.000000e+00
    outer loop
      vertex   1.900683e+01 6.558725e+01 1.500000e+01
      vertex   1.900938e+01 6.550000e+01 1.500000e+01
      vertex   1.832725e+01 6.597203e+01 1.500000e+01
    endloop
  endfacet
  facet normal 0.000000e+00 -0.000000e+00 -1.000000e+00
    outer loop
      vertex   1.832725e+01 6.597203e+01 1.500000e+01
      vertex   1.900938e+01 6.550000e+01 1.500000e+01
      vertex   1.636545e+01 6.550000e+01 1.500000e+01
    endloop
  endfacet
  facet normal -0.000000e+00 0.000000e+00 -1.000000e+00
    outer loop
      vertex   1.832725e+01 6.597203e+01 1.500000e+01
      vertex   1.636545e+01 6.550000e+01 1.500000e+01
      vertex   1.636545e+01 6.597203e+01 1.500000e+01
    endloop
  endfacet
  facet normal -8.308377e-01 -5.565148e-01 -0.000000e+00
    outer loop
      vertex   1.832725e+01 6.597203e+01 1.550000e+01
      vertex   1.828035e+01 6.604205e+01 1.550000e+01
      vertex   1.832725e+01 6.597203e+01 1.500000e+01
    endloop
  endfacet
  facet normal -8.308377e-01 -5.565148e-01 -2.096811e-18
    outer loop
      vertex   1.832725e+01 6.597203e+01 1.500000e+01
      vertex   1.828035e+01 6.604205e+01 1.550000e+01
      vertex   1.828035e+01 6.604205e+01 1.500000e+01
    endloop
  endfacet
  facet normal -8.069303e-01 -5.906467e-01 0.000000e+00
    outer loop
      vertex   1.828035e+01 6.604205e+01 1.500000e+01
      vertex   1.828035e+01 6.604205e+01 1.550000e+01
      vertex   1.823067e+01 6.610991e+01 1.550000e+01
    endloop
  endfacet
  facet normal -8.069303e-01 -5.906467e-01 -2.866454e-18
    outer loop
      vertex   1.828035e+01 6.604205e+01 1.500000e+01
      vertex   1.823067e+01 6.610991e+01 1.550000e+01
      vertex   1.823067e+01 6.610991e+01 1.500000e+01
    endloop
  endfacet
  facet normal -7.656044e-01 -6.433116e-01 0.000000e+00
    outer loop
      vertex   1.823067e+01 6.610991e+01 1.500000e+01
      vertex   1.823067e+01 6.610991e+01 1.550000e+01
      vertex   1.817656e+01 6.617431e+01 1.550000e+01
    endloop
  endfacet
  facet normal -7.656044e-01 -6.433116e-01 -1.646443e-19
    outer loop
      vertex   1.823067e+01 6.610991e+01 1.500000e+01
      vertex   1.817656e+01 6.617431e+01 1.550000e+01
      vertex   1.817656e+01 6.617431e+01 1.500000e+01
    endloop
  endfacet
  facet normal -7.401342e-01 -6.724591e-01 0.000000e+00
    outer loop
      vertex   1.817656e+01 6.617431e+01 1.500000e+01
      vertex   1.817656e+01 6.617431e+01 1.550000e+01
      vertex   1.811988e+01 6.623670e+01 1.550000e+01
    endloop
  endfacet
  facet normal -7.401342e-01 -6.724591e-01 -3.447094e-18
    outer loop
      vertex   1.817656e+01 6.617431e+01 1.500000e+01
      vertex   1.811988e+01 6.623670e+01 1.550000e+01
      vertex   1.811988e+01 6.623670e+01 1.500000e+01
    endloop
  endfacet
  facet normal -6.895980e-01 -7.241924e-01 -0.000000e+00
    outer loop
      vertex   1.811988e+01 6.623670e+01 1.550000e+01
      vertex   1.798232e+01 6.636769e+01 1.550000e+01
      vertex   1.811988e+01 6.623670e+01 1.500000e+01
    endloop
  endfacet
  facet normal -6.895980e-01 -7.241924e-01 1.406044e-17
    outer loop
      vertex   1.811988e+01 6.623670e+01 1.500000e+01
      vertex   1.798232e+01 6.636769e+01 1.550000e+01
      vertex   1.798232e+01 6.636769e+01 1.500000e+01
    endloop
  endfacet
  facet normal -6.729897e-01 -7.396518e-01 0.000000e+00
    outer loop
      vertex   1.798232e+01 6.636769e+01 1.500000e+01
      vertex   1.798232e+01 6.636769e+01 1.550000e+01
      vertex   1.784187e+01 6.649548e+01 1.550000e+01
    endloop
  endfacet
  facet normal -6.729897e-01 -7.396518e-01 -1.766889e-17
    outer loop
      vertex   1.798232e+01 6.636769e+01 1.500000e+01
      vertex   1.784187e+01 6.649548e+01 1.550000e+01
      vertex   1.784187e+01 6.649548e+01 1.500000e+01
    endloop
  endfacet
  facet normal -6.527607e-01 -7.575642e-01 0.000000e+00
    outer loop
      vertex   1.784187e+01 6.649548e+01 1.500000e+01
      vertex   1.784187e+01 6.649548e+01 1.550000e+01
      vertex   1.769799e+01 6.661945e+01 1.550000e+01
    endloop
  endfacet
  facet normal -6.527607e-01 -7.575642e-01 6.121856e-18
    outer loop
      vertex   1.784187e+01 6.649548e+01 1.500000e+01
      vertex   1.769799e+01 6.661945e+01 1.550000e+01
      vertex   1.769799e+01 6.661945e+01 1.500000e+01
    endloop
  endfacet
  facet normal -6.422078e-01 -7.665306e-01 0.000000e+00
    outer loop
      vertex   1.769799e+01 6.661945e+01 1.500000e+01
      vertex   1.769799e+01 6.661945e+01 1.550000e+01
      vertex   1.755235e+01 6.674147e+01 1.550000e+01
    endloop
  endfacet
  facet normal -6.422078e-01 -7.665306e-01 3.935407e-18
    outer loop
      vertex   1.769799e+01 6.661945e+01 1.500000e+01
      vertex   1.755235e+01 6.674147e+01 1.550000e+01
      vertex   1.755235e+01 6.674147e+01 1.500000e+01
    endloop
  endfacet
  facet normal -6.491491e-01 -7.606612e-01 -0.000000e+00
    outer loop
      vertex   1.755235e+01 6.674147e+01 1.550000e+01
      vertex   1.735570e+01 6.690929e+01 1.550000e+01
      vertex   1.755235e+01 6.674147e+01 1.500000e+01
    endloop
  endfacet
  facet normal -6.491491e-01 -7.606612e-01 -5.175030e-18
    outer loop
      vertex   1.755235e+01 6.674147e+01 1.500000e+01
      vertex   1.735570e+01 6.690929e+01 1.550000e+01
      vertex   1.735570e+01 6.690929e+01 1.500000e+01
    endloop
  endfacet
  facet normal -6.651794e-01 -7.466836e-01 0.000000e+00
    outer loop
      vertex   1.735570e+01 6.690929e+01 1.500000e+01
      vertex   1.735570e+01 6.690929e+01 1.550000e+01
      vertex   1.716283e+01 6.708111e+01 1.550000e+01
    endloop
  endfacet
  facet normal -6.651794e-01 -7.466836e-01 -1.311697e-17
    outer loop
      vertex   1.735570e+01 6.690929e+01 1.500000e+01
      vertex   1.716283e+01 6.708111e+01 1.550000e+01
      vertex   1.716283e+01 6.708111e+01 1.500000e+01
    endloop
  endfacet
  facet normal -6.946054e-01 -7.193910e-01 0.000000e+00
    outer loop
      vertex   1.716283e+01 6.708111e+01 1.500000e+01
      vertex   1.716283e+01 6.708111e+01 1.550000e+01
      vertex   1.697706e+01 6.726048e+01 1.550000e+01
    endloop
  endfacet
  facet normal -6.946054e-01 -7.193910e-01 8.879542e-18
    outer loop
      vertex   1.716283e+01 6.708111e+01 1.500000e+01
      vertex   1.697706e+01 6.726048e+01 1.550000e+01
      vertex   1.697706e+01 6.726048e+01 1.500000e+01
    endloop
  endfacet
  facet normal -7.156431e-01 -6.984661e-01 0.000000e+00
    outer loop
      vertex   1.697706e+01 6.726048e+01 1.500000e+01
      vertex   1.697706e+01 6.726048e+01 1.550000e+01
      vertex   1.679655e+01 6.744543e+01 1.550000e+01
    endloop
  endfacet
  facet normal -7.156431e-01 -6.984661e-01 5.094322e-18
    outer loop
      vertex   1.697706e+01 6.726048e+01 1.500000e+01
      vertex   1.679655e+01 6.744543e+01 1.550000e+01
      vertex   1.679655e+01 6.744543e+01 1.500000e+01
    endloop
  endfacet
  facet normal -7.651609e-01 -6.438391e-01 -0.000000e+00
    outer loop
      vertex   1.679655e+01 6.744543e+01 1.550000e+01
      vertex   1.670128e+01 6.755866e+01 1.550000e+01
      vertex   1.679655e+01 6.744543e+01 1.500000e+01
    endloop
  endfacet
  facet normal -7.651609e-01 -6.438391e-01 4.130891e-18
    outer loop
      vertex   1.679655e+01 6.744543e+01 1.500000e+01
      vertex   1.670128e+01 6.755866e+01 1.550000e+01
      vertex   1.670128e+01 6.755866e+01 1.500000e+01
    endloop
  endfacet
  facet normal -8.000784e-01 -5.998954e-01 0.000000e+00
    outer loop
      vertex   1.670128e+01 6.755866e+01 1.500000e+01
      vertex   1.670128e+01 6.755866e+01 1.550000e+01
      vertex   1.661294e+01 6.767647e+01 1.550000e+01
    endloop
  endfacet
  facet normal -8.000784e-01 -5.998954e-01 -8.883438e-18
    outer loop
      vertex   1.670128e+01 6.755866e+01 1.500000e+01
      vertex   1.661294e+01 6.767647e+01 1.550000e+01
      vertex   1.661294e+01 6.767647e+01 1.500000e+01
    endloop
  endfacet
  facet normal -8.564000e-01 -5.163129e-01 0.000000e+00
    outer loop
      vertex   1.661294e+01 6.767647e+01 1.500000e+01
      vertex   1.661294e+01 6.767647e+01 1.550000e+01
      vertex   1.653698e+01 6.780247e+01 1.550000e+01
    endloop
  endfacet
  facet normal -8.564000e-01 -5.163129e-01 -4.838422e-18
    outer loop
      vertex   1.661294e+01 6.767647e+01 1.500000e+01
      vertex   1.653698e+01 6.780247e+01 1.550000e+01
      vertex   1.653698e+01 6.780247e+01 1.500000e+01
    endloop
  endfacet
  facet normal -8.884927e-01 -4.588907e-01 0.000000e+00
    outer loop
      vertex   1.653698e+01 6.780247e+01 1.500000e+01
      vertex   1.653698e+01 6.780247e+01 1.550000e+01
      vertex   1.646913e+01 6.793383e+01 1.550000e+01
    endloop
  endfacet
  facet normal -8.884927e-01 -4.588907e-01 -4.403086e-18
    outer loop
      vertex   1.653698e+01 6.780247e+01 1.500000e+01
      vertex   1.646913e+01 6.793383e+01 1.550000e+01
      vertex   1.646913e+01 6.793383e+01 1.500000e+01
    endloop
  endfacet
  facet normal -9.416476e-01 -3.366005e-01 -0.000000e+00
    outer loop
      vertex   1.646913e+01 6.793383e+01 1.550000e+01
      vertex   1.642816e+01 6.804845e+01 1.550000e+01
      vertex   1.646913e+01 6.793383e+01 1.500000e+01
    endloop
  endfacet
  facet normal -9.416476e-01 -3.366005e-01 4.550261e-18
    outer loop
      vertex   1.646913e+01 6.793383e+01 1.500000e+01
      vertex   1.642816e+01 6.804845e+01 1.550000e+01
      vertex   1.642816e+01 6.804845e+01 1.500000e+01
    endloop
  endfacet
  facet normal -9.640515e-01 -2.657153e-01 0.000000e+00
    outer loop
      vertex   1.642816e+01 6.804845e+01 1.500000e+01
      vertex   1.642816e+01 6.804845e+01 1.550000e+01
      vertex   1.639606e+01 6.816490e+01 1.550000e+01
    endloop
  endfacet
  facet normal -9.640515e-01 -2.657153e-01 -2.569607e-18
    outer loop
      vertex   1.642816e+01 6.804845e+01 1.500000e+01
      vertex   1.639606e+01 6.816490e+01 1.550000e+01
      vertex   1.639606e+01 6.816490e+01 1.500000e+01
    endloop
  endfacet
  facet normal -9.898917e-01 -1.418253e-01 0.000000e+00
    outer loop
      vertex   1.639606e+01 6.816490e+01 1.500000e+01
      vertex   1.639606e+01 6.816490e+01 1.550000e+01
      vertex   1.637894e+01 6.828444e+01 1.550000e+01
    endloop
  endfacet
  facet normal -9.898917e-01 -1.418253e-01 -1.843021e-18
    outer loop
      vertex   1.639606e+01 6.816490e+01 1.500000e+01
      vertex   1.637894e+01 6.828444e+01 1.550000e+01
      vertex   1.637894e+01 6.828444e+01 1.500000e+01
    endloop
  endfacet
  facet normal -9.978191e-01 -6.600812e-02 0.000000e+00
    outer loop
      vertex   1.637894e+01 6.828444e+01 1.500000e+01
      vertex   1.637894e+01 6.828444e+01 1.550000e+01
      vertex   1.637090e+01 6.840587e+01 1.550000e+01
    endloop
  endfacet
  facet normal -9.978191e-01 -6.600812e-02 -2.627618e-19
    outer loop
      vertex   1.637894e+01 6.828444e+01 1.500000e+01
      vertex   1.637090e+01 6.840587e+01 1.550000e+01
      vertex   1.637090e+01 6.840587e+01 1.500000e+01
    endloop
  endfacet
  facet normal -9.934077e-01 1.146345e-01 0.000000e+00
    outer loop
      vertex   1.637090e+01 6.840587e+01 1.550000e+01
      vertex   1.639659e+01 6.862845e+01 1.550000e+01
      vertex   1.637090e+01 6.840587e+01 1.500000e+01
    endloop
  endfacet
  facet normal -9.934077e-01 1.146345e-01 -1.634508e-18
    outer loop
      vertex   1.637090e+01 6.840587e+01 1.500000e+01
      vertex   1.639659e+01 6.862845e+01 1.550000e+01
      vertex   1.639659e+01 6.862845e+01 1.500000e+01
    endloop
  endfacet
  facet normal -9.644331e-01 2.643269e-01 0.000000e+00
    outer loop
      vertex   1.639659e+01 6.862845e+01 1.500000e+01
      vertex   1.639659e+01 6.862845e+01 1.550000e+01
      vertex   1.645391e+01 6.883758e+01 1.550000e+01
    endloop
  endfacet
  facet normal -9.644331e-01 2.643269e-01 6.693996e-18
    outer loop
      vertex   1.639659e+01 6.862845e+01 1.500000e+01
      vertex   1.645391e+01 6.883758e+01 1.550000e+01
      vertex   1.645391e+01 6.883758e+01 1.500000e+01
    endloop
  endfacet
  facet normal -8.607945e-01 5.089526e-01 0.000000e+00
    outer loop
      vertex   1.645391e+01 6.883758e+01 1.500000e+01
      vertex   1.645391e+01 6.883758e+01 1.550000e+01
      vertex   1.656422e+01 6.902416e+01 1.550000e+01
    endloop
  endfacet
  facet normal -8.607945e-01 5.089526e-01 1.431627e-17
    outer loop
      vertex   1.645391e+01 6.883758e+01 1.500000e+01
      vertex   1.656422e+01 6.902416e+01 1.550000e+01
      vertex   1.656422e+01 6.902416e+01 1.500000e+01
    endloop
  endfacet
  facet normal -7.722843e-01 6.352771e-01 0.000000e+00
    outer loop
      vertex   1.656422e+01 6.902416e+01 1.500000e+01
      vertex   1.656422e+01 6.902416e+01 1.550000e+01
      vertex   1.670651e+01 6.919714e+01 1.550000e+01
    endloop
  endfacet
  facet normal -7.722843e-01 6.352771e-01 -1.107434e-17
    outer loop
      vertex   1.656422e+01 6.902416e+01 1.500000e+01
      vertex   1.670651e+01 6.919714e+01 1.550000e+01
      vertex   1.670651e+01 6.919714e+01 1.500000e+01
    endloop
  endfacet
  facet normal -5.707788e-01 8.211039e-01 0.000000e+00
    outer loop
      vertex   1.670651e+01 6.919714e+01 1.550000e+01
      vertex   1.691153e+01 6.933965e+01 1.550000e+01
      vertex   1.670651e+01 6.919714e+01 1.500000e+01
    endloop
  endfacet
  facet normal -5.707788e-01 8.211039e-01 -6.223618e-18
    outer loop
      vertex   1.670651e+01 6.919714e+01 1.500000e+01
      vertex   1.691153e+01 6.933965e+01 1.550000e+01
      vertex   1.691153e+01 6.933965e+01 1.500000e+01
    endloop
  endfacet
  facet normal -4.395877e-01 8.981997e-01 0.000000e+00
    outer loop
      vertex   1.691153e+01 6.933965e+01 1.500000e+01
      vertex   1.691153e+01 6.933965e+01 1.550000e+01
      vertex   1.712958e+01 6.944637e+01 1.550000e+01
    endloop
  endfacet
  facet normal -4.395877e-01 8.981997e-01 -7.137089e-18
    outer loop
      vertex   1.691153e+01 6.933965e+01 1.500000e+01
      vertex   1.712958e+01 6.944637e+01 1.550000e+01
      vertex   1.712958e+01 6.944637e+01 1.500000e+01
    endloop
  endfacet
  facet normal -2.087451e-01 9.779701e-01 0.000000e+00
    outer loop
      vertex   1.712958e+01 6.944637e+01 1.500000e+01
      vertex   1.712958e+01 6.944637e+01 1.550000e+01
      vertex   1.736793e+01 6.949724e+01 1.550000e+01
    endloop
  endfacet
  facet normal -2.087451e-01 9.779701e-01 3.691993e-19
    outer loop
      vertex   1.712958e+01 6.944637e+01 1.500000e+01
      vertex   1.736793e+01 6.949724e+01 1.550000e+01
      vertex   1.736793e+01 6.949724e+01 1.500000e+01
    endloop
  endfacet
  facet normal -7.632391e-02 9.970831e-01 0.000000e+00
    outer loop
      vertex   1.736793e+01 6.949724e+01 1.500000e+01
      vertex   1.736793e+01 6.949724e+01 1.550000e+01
      vertex   1.761783e+01 6.951637e+01 1.550000e+01
    endloop
  endfacet
  facet normal -7.632391e-02 9.970831e-01 -2.542770e-18
    outer loop
      vertex   1.736793e+01 6.949724e+01 1.500000e+01
      vertex   1.761783e+01 6.951637e+01 1.550000e+01
      vertex   1.761783e+01 6.951637e+01 1.500000e+01
    endloop
  endfacet
  facet normal 7.050401e-02 9.975115e-01 0.000000e+00
    outer loop
      vertex   1.761783e+01 6.951637e+01 1.550000e+01
      vertex   1.786438e+01 6.949895e+01 1.550000e+01
      vertex   1.761783e+01 6.951637e+01 1.500000e+01
    endloop
  endfacet
  facet normal 7.050401e-02 9.975115e-01 2.775484e-18
    outer loop
      vertex   1.761783e+01 6.951637e+01 1.500000e+01
      vertex   1.786438e+01 6.949895e+01 1.550000e+01
      vertex   1.786438e+01 6.949895e+01 1.500000e+01
    endloop
  endfacet
  facet normal 1.954781e-01 9.807081e-01 -0.000000e+00
    outer loop
      vertex   1.786438e+01 6.949895e+01 1.500000e+01
      vertex   1.786438e+01 6.949895e+01 1.550000e+01
      vertex   1.810080e+01 6.945182e+01 1.550000e+01
    endloop
  endfacet
  facet normal 1.954781e-01 9.807081e-01 1.385503e-18
    outer loop
      vertex   1.786438e+01 6.949895e+01 1.500000e+01
      vertex   1.810080e+01 6.945182e+01 1.550000e+01
      vertex   1.810080e+01 6.945182e+01 1.500000e+01
    endloop
  endfacet
  facet normal 4.144541e-01 9.100702e-01 -0.000000e+00
    outer loop
      vertex   1.810080e+01 6.945182e+01 1.500000e+01
      vertex   1.810080e+01 6.945182e+01 1.550000e+01
      vertex   1.831937e+01 6.935228e+01 1.550000e+01
    endloop
  endfacet
  facet normal 4.144541e-01 9.100702e-01 -8.858513e-18
    outer loop
      vertex   1.810080e+01 6.945182e+01 1.500000e+01
      vertex   1.831937e+01 6.935228e+01 1.550000e+01
      vertex   1.831937e+01 6.935228e+01 1.500000e+01
    endloop
  endfacet
  facet normal 5.413657e-01 8.407872e-01 -0.000000e+00
    outer loop
      vertex   1.831937e+01 6.935228e+01 1.500000e+01
      vertex   1.831937e+01 6.935228e+01 1.550000e+01
      vertex   1.852643e+01 6.921896e+01 1.550000e+01
    endloop
  endfacet
  facet normal 5.413657e-01 8.407872e-01 4.995873e-18
    outer loop
      vertex   1.831937e+01 6.935228e+01 1.500000e+01
      vertex   1.852643e+01 6.921896e+01 1.550000e+01
      vertex   1.852643e+01 6.921896e+01 1.500000e+01
    endloop
  endfacet
  facet normal 7.664555e-01 6.422974e-01 0.000000e+00
    outer loop
      vertex   1.852643e+01 6.921896e+01 1.550000e+01
      vertex   1.868319e+01 6.903190e+01 1.550000e+01
      vertex   1.852643e+01 6.921896e+01 1.500000e+01
    endloop
  endfacet
  facet normal 7.664555e-01 6.422974e-01 -9.871920e-18
    outer loop
      vertex   1.852643e+01 6.921896e+01 1.500000e+01
      vertex   1.868319e+01 6.903190e+01 1.550000e+01
      vertex   1.868319e+01 6.903190e+01 1.500000e+01
    endloop
  endfacet
  facet normal 8.555764e-01 5.176765e-01 -0.000000e+00
    outer loop
      vertex   1.868319e+01 6.903190e+01 1.500000e+01
      vertex   1.868319e+01 6.903190e+01 1.550000e+01
      vertex   1.880602e+01 6.882890e+01 1.550000e+01
    endloop
  endfacet
  facet normal 8.555764e-01 5.176765e-01 -8.210317e-19
    outer loop
      vertex   1.868319e+01 6.903190e+01 1.500000e+01
      vertex   1.880602e+01 6.882890e+01 1.550000e+01
      vertex   1.880602e+01 6.882890e+01 1.500000e+01
    endloop
  endfacet
  facet normal 9.556177e-01 2.946094e-01 -0.000000e+00
    outer loop
      vertex   1.880602e+01 6.882890e+01 1.500000e+01
      vertex   1.880602e+01 6.882890e+01 1.550000e+01
      vertex   1.887622e+01 6.860119e+01 1.550000e+01
    endloop
  endfacet
  facet normal 9.556177e-01 2.946094e-01 1.727148e-18
    outer loop
      vertex   1.880602e+01 6.882890e+01 1.500000e+01
      vertex   1.887622e+01 6.860119e+01 1.550000e+01
      vertex   1.887622e+01 6.860119e+01 1.500000e+01
    endloop
  endfacet
  facet normal 9.863243e-01 1.648159e-01 -0.000000e+00
    outer loop
      vertex   1.887622e+01 6.860119e+01 1.500000e+01
      vertex   1.887622e+01 6.860119e+01 1.550000e+01
      vertex   1.891661e+01 6.835948e+01 1.550000e+01
    endloop
  endfacet
  facet normal 9.863243e-01 1.648159e-01 -6.091547e-18
    outer loop
      vertex   1.887622e+01 6.860119e+01 1.500000e+01
      vertex   1.891661e+01 6.835948e+01 1.550000e+01
      vertex   1.891661e+01 6.835948e+01 1.500000e+01
    endloop
  endfacet
  facet normal 1.021653e-01 -9.947674e-01 0.000000e+00
    outer loop
      vertex   1.841183e+01 6.830764e+01 1.550000e+01
      vertex   1.841183e+01 6.830764e+01 1.500000e+01
      vertex   1.891661e+01 6.835948e+01 1.550000e+01
    endloop
  endfacet
  facet normal 1.021653e-01 -9.947674e-01 0.000000e+00
    outer loop
      vertex   1.891661e+01 6.835948e+01 1.550000e+01
      vertex   1.841183e+01 6.830764e+01 1.500000e+01
      vertex   1.891661e+01 6.835948e+01 1.500000e+01
    endloop
  endfacet
  facet normal -9.964688e-01 -8.396387e-02 -0.000000e+00
    outer loop
      vertex   1.841183e+01 6.830764e+01 1.550000e+01
      vertex   1.839813e+01 6.847026e+01 1.550000e+01
      vertex   1.841183e+01 6.830764e+01 1.500000e+01
    endloop
  endfacet
  facet normal -9.964688e-01 -8.396387e-02 -1.099144e-18
    outer loop
      vertex   1.841183e+01 6.830764e+01 1.500000e+01
      vertex   1.839813e+01 6.847026e+01 1.550000e+01
      vertex   1.839813e+01 6.847026e+01 1.500000e+01
    endloop
  endfacet
  facet normal -9.757376e-01 -2.189432e-01 0.000000e+00
    outer loop
      vertex   1.839813e+01 6.847026e+01 1.500000e+01
      vertex   1.839813e+01 6.847026e+01 1.550000e+01
      vertex   1.836343e+01 6.862489e+01 1.550000e+01
    endloop
  endfacet
  facet normal -9.757376e-01 -2.189432e-01 6.605598e-19
    outer loop
      vertex   1.839813e+01 6.847026e+01 1.500000e+01
      vertex   1.836343e+01 6.862489e+01 1.550000e+01
      vertex   1.836343e+01 6.862489e+01 1.500000e+01
    endloop
  endfacet
  facet normal -8.908485e-01 -4.543005e-01 0.000000e+00
    outer loop
      vertex   1.836343e+01 6.862489e+01 1.500000e+01
      vertex   1.836343e+01 6.862489e+01 1.550000e+01
      vertex   1.829174e+01 6.876547e+01 1.550000e+01
    endloop
  endfacet
  facet normal -8.908485e-01 -4.543005e-01 -8.245838e-18
    outer loop
      vertex   1.836343e+01 6.862489e+01 1.500000e+01
      vertex   1.829174e+01 6.876547e+01 1.550000e+01
      vertex   1.829174e+01 6.876547e+01 1.500000e+01
    endloop
  endfacet
  facet normal -8.093074e-01 -5.873854e-01 0.000000e+00
    outer loop
      vertex   1.829174e+01 6.876547e+01 1.500000e+01
      vertex   1.829174e+01 6.876547e+01 1.550000e+01
      vertex   1.819628e+01 6.889700e+01 1.550000e+01
    endloop
  endfacet
  facet normal -8.093074e-01 -5.873854e-01 -4.954028e-18
    outer loop
      vertex   1.829174e+01 6.876547e+01 1.500000e+01
      vertex   1.819628e+01 6.889700e+01 1.550000e+01
      vertex   1.819628e+01 6.889700e+01 1.500000e+01
    endloop
  endfacet
  facet normal -5.961019e-01 -8.029088e-01 -0.000000e+00
    outer loop
      vertex   1.819628e+01 6.889700e+01 1.550000e+01
      vertex   1.807003e+01 6.899073e+01 1.550000e+01
      vertex   1.819628e+01 6.889700e+01 1.500000e+01
    endloop
  endfacet
  facet normal -5.961019e-01 -8.029088e-01 7.080369e-18
    outer loop
      vertex   1.819628e+01 6.889700e+01 1.500000e+01
      vertex   1.807003e+01 6.899073e+01 1.550000e+01
      vertex   1.807003e+01 6.899073e+01 1.500000e+01
    endloop
  endfacet
  facet normal -4.644916e-01 -8.855775e-01 0.000000e+00
    outer loop
      vertex   1.807003e+01 6.899073e+01 1.500000e+01
      vertex   1.807003e+01 6.899073e+01 1.550000e+01
      vertex   1.793496e+01 6.906158e+01 1.550000e+01
    endloop
  endfacet
  facet normal -4.644916e-01 -8.855775e-01 -2.302987e-18
    outer loop
      vertex   1.807003e+01 6.899073e+01 1.500000e+01
      vertex   1.793496e+01 6.906158e+01 1.550000e+01
      vertex   1.793496e+01 6.906158e+01 1.500000e+01
    endloop
  endfacet
  facet normal -2.258392e-01 -9.741646e-01 0.000000e+00
    outer loop
      vertex   1.793496e+01 6.906158e+01 1.500000e+01
      vertex   1.793496e+01 6.906158e+01 1.550000e+01
      vertex   1.778588e+01 6.909614e+01 1.550000e+01
    endloop
  endfacet
  facet normal -2.258392e-01 -9.741646e-01 3.162008e-18
    outer loop
      vertex   1.793496e+01 6.906158e+01 1.500000e+01
      vertex   1.778588e+01 6.909614e+01 1.550000e+01
      vertex   1.778588e+01 6.909614e+01 1.500000e+01
    endloop
  endfacet
  facet normal -8.677359e-02 -9.962281e-01 0.000000e+00
    outer loop
      vertex   1.778588e+01 6.909614e+01 1.500000e+01
      vertex   1.778588e+01 6.909614e+01 1.550000e+01
      vertex   1.762875e+01 6.910982e+01 1.550000e+01
    endloop
  endfacet
  facet normal -8.677359e-02 -9.962281e-01 -3.576594e-19
    outer loop
      vertex   1.778588e+01 6.909614e+01 1.500000e+01
      vertex   1.762875e+01 6.910982e+01 1.550000e+01
      vertex   1.762875e+01 6.910982e+01 1.500000e+01
    endloop
  endfacet
  facet normal 8.817526e-02 -9.961050e-01 0.000000e+00
    outer loop
      vertex   1.762875e+01 6.910982e+01 1.550000e+01
      vertex   1.747881e+01 6.909655e+01 1.550000e+01
      vertex   1.762875e+01 6.910982e+01 1.500000e+01
    endloop
  endfacet
  facet normal 8.817526e-02 -9.961050e-01 -1.609765e-18
    outer loop
      vertex   1.762875e+01 6.910982e+01 1.500000e+01
      vertex   1.747881e+01 6.909655e+01 1.550000e+01
      vertex   1.747881e+01 6.909655e+01 1.500000e+01
    endloop
  endfacet
  facet normal 2.256450e-01 -9.742096e-01 0.000000e+00
    outer loop
      vertex   1.747881e+01 6.909655e+01 1.500000e+01
      vertex   1.747881e+01 6.909655e+01 1.550000e+01
      vertex   1.733640e+01 6.906356e+01 1.550000e+01
    endloop
  endfacet
  facet normal 2.256450e-01 -9.742096e-01 5.140030e-18
    outer loop
      vertex   1.747881e+01 6.909655e+01 1.500000e+01
      vertex   1.733640e+01 6.906356e+01 1.550000e+01
      vertex   1.733640e+01 6.906356e+01 1.500000e+01
    endloop
  endfacet
  facet normal 4.604670e-01 -8.876768e-01 0.000000e+00
    outer loop
      vertex   1.733640e+01 6.906356e+01 1.500000e+01
      vertex   1.733640e+01 6.906356e+01 1.550000e+01
      vertex   1.720700e+01 6.899644e+01 1.550000e+01
    endloop
  endfacet
  facet normal 4.604670e-01 -8.876768e-01 -7.743320e-18
    outer loop
      vertex   1.733640e+01 6.906356e+01 1.500000e+01
      vertex   1.720700e+01 6.899644e+01 1.550000e+01
      vertex   1.720700e+01 6.899644e+01 1.500000e+01
    endloop
  endfacet
  facet normal 5.897542e-01 -8.075828e-01 0.000000e+00
    outer loop
      vertex   1.720700e+01 6.899644e+01 1.500000e+01
      vertex   1.720700e+01 6.899644e+01 1.550000e+01
      vertex   1.708578e+01 6.890791e+01 1.550000e+01
    endloop
  endfacet
  facet normal 5.897542e-01 -8.075828e-01 7.153854e-20
    outer loop
      vertex   1.720700e+01 6.899644e+01 1.500000e+01
      vertex   1.708578e+01 6.890791e+01 1.550000e+01
      vertex   1.708578e+01 6.890791e+01 1.500000e+01
    endloop
  endfacet
  facet normal 7.700846e-01 -6.379418e-01 0.000000e+00
    outer loop
      vertex   1.708578e+01 6.890791e+01 1.550000e+01
      vertex   1.699695e+01 6.880068e+01 1.550000e+01
      vertex   1.708578e+01 6.890791e+01 1.500000e+01
    endloop
  endfacet
  facet normal 7.700846e-01 -6.379418e-01 -6.990379e-18
    outer loop
      vertex   1.708578e+01 6.890791e+01 1.500000e+01
      vertex   1.699695e+01 6.880068e+01 1.550000e+01
      vertex   1.699695e+01 6.880068e+01 1.500000e+01
    endloop
  endfacet
  facet normal 8.589456e-01 -5.120669e-01 0.000000e+00
    outer loop
      vertex   1.699695e+01 6.880068e+01 1.500000e+01
      vertex   1.699695e+01 6.880068e+01 1.550000e+01
      vertex   1.692795e+01 6.868495e+01 1.550000e+01
    endloop
  endfacet
  facet normal 8.589456e-01 -5.120669e-01 -5.929479e-18
    outer loop
      vertex   1.699695e+01 6.880068e+01 1.500000e+01
      vertex   1.692795e+01 6.868495e+01 1.550000e+01
      vertex   1.692795e+01 6.868495e+01 1.500000e+01
    endloop
  endfacet
  facet normal 9.636388e-01 -2.672083e-01 0.000000e+00
    outer loop
      vertex   1.692795e+01 6.868495e+01 1.500000e+01
      vertex   1.692795e+01 6.868495e+01 1.550000e+01
      vertex   1.689194e+01 6.855510e+01 1.550000e+01
    endloop
  endfacet
  facet normal 9.636388e-01 -2.672083e-01 2.070318e-19
    outer loop
      vertex   1.692795e+01 6.868495e+01 1.500000e+01
      vertex   1.689194e+01 6.855510e+01 1.550000e+01
      vertex   1.689194e+01 6.855510e+01 1.500000e+01
    endloop
  endfacet
  facet normal 9.931568e-01 -1.167883e-01 0.000000e+00
    outer loop
      vertex   1.689194e+01 6.855510e+01 1.500000e+01
      vertex   1.689194e+01 6.855510e+01 1.550000e+01
      vertex   1.687568e+01 6.841678e+01 1.550000e+01
    endloop
  endfacet
  facet normal 9.931568e-01 -1.167883e-01 1.294482e-18
    outer loop
      vertex   1.689194e+01 6.855510e+01 1.500000e+01
      vertex   1.687568e+01 6.841678e+01 1.550000e+01
      vertex   1.687568e+01 6.841678e+01 1.500000e+01
    endloop
  endfacet
  facet normal 9.890907e-01 1.473081e-01 0.000000e+00
    outer loop
      vertex   1.687568e+01 6.841678e+01 1.550000e+01
      vertex   1.689957e+01 6.825637e+01 1.550000e+01
      vertex   1.687568e+01 6.841678e+01 1.500000e+01
    endloop
  endfacet
  facet normal 9.890907e-01 1.473081e-01 9.742505e-20
    outer loop
      vertex   1.687568e+01 6.841678e+01 1.500000e+01
      vertex   1.689957e+01 6.825637e+01 1.550000e+01
      vertex   1.689957e+01 6.825637e+01 1.500000e+01
    endloop
  endfacet
  facet normal 9.621265e-01 2.726034e-01 -0.000000e+00
    outer loop
      vertex   1.689957e+01 6.825637e+01 1.500000e+01
      vertex   1.689957e+01 6.825637e+01 1.550000e+01
      vertex   1.694297e+01 6.810319e+01 1.550000e+01
    endloop
  endfacet
  facet normal 9.621265e-01 2.726034e-01 5.423762e-18
    outer loop
      vertex   1.689957e+01 6.825637e+01 1.500000e+01
      vertex   1.694297e+01 6.810319e+01 1.550000e+01
      vertex   1.694297e+01 6.810319e+01 1.500000e+01
    endloop
  endfacet
  facet normal 8.902950e-01 4.553843e-01 -0.000000e+00
    outer loop
      vertex   1.694297e+01 6.810319e+01 1.500000e+01
      vertex   1.694297e+01 6.810319e+01 1.550000e+01
      vertex   1.701575e+01 6.796091e+01 1.550000e+01
    endloop
  endfacet
  facet normal 8.902950e-01 4.553843e-01 4.450040e-18
    outer loop
      vertex   1.694297e+01 6.810319e+01 1.500000e+01
      vertex   1.701575e+01 6.796091e+01 1.550000e+01
      vertex   1.701575e+01 6.796091e+01 1.500000e+01
    endloop
  endfacet
  facet normal 8.367970e-01 5.475132e-01 -0.000000e+00
    outer loop
      vertex   1.701575e+01 6.796091e+01 1.500000e+01
      vertex   1.701575e+01 6.796091e+01 1.550000e+01
      vertex   1.710487e+01 6.782469e+01 1.550000e+01
    endloop
  endfacet
  facet normal 8.367970e-01 5.475132e-01 7.031426e-18
    outer loop
      vertex   1.701575e+01 6.796091e+01 1.500000e+01
      vertex   1.710487e+01 6.782469e+01 1.550000e+01
      vertex   1.710487e+01 6.782469e+01 1.500000e+01
    endloop
  endfacet
  facet normal 7.480055e-01 6.636926e-01 0.000000e+00
    outer loop
      vertex   1.710487e+01 6.782469e+01 1.550000e+01
      vertex   1.730804e+01 6.759572e+01 1.550000e+01
      vertex   1.710487e+01 6.782469e+01 1.500000e+01
    endloop
  endfacet
  facet normal 7.480055e-01 6.636926e-01 -3.720466e-18
    outer loop
      vertex   1.710487e+01 6.782469e+01 1.500000e+01
      vertex   1.730804e+01 6.759572e+01 1.550000e+01
      vertex   1.730804e+01 6.759572e+01 1.500000e+01
    endloop
  endfacet
  facet normal 7.134685e-01 7.006873e-01 -0.000000e+00
    outer loop
      vertex   1.730804e+01 6.759572e+01 1.500000e+01
      vertex   1.730804e+01 6.759572e+01 1.550000e+01
      vertex   1.752204e+01 6.737781e+01 1.550000e+01
    endloop
  endfacet
  facet normal 7.134685e-01 7.006873e-01 -5.741504e-18
    outer loop
      vertex   1.730804e+01 6.759572e+01 1.500000e+01
      vertex   1.752204e+01 6.737781e+01 1.550000e+01
      vertex   1.752204e+01 6.737781e+01 1.500000e+01
    endloop
  endfacet
  facet normal 6.650552e-01 7.467942e-01 -0.000000e+00
    outer loop
      vertex   1.752204e+01 6.737781e+01 1.500000e+01
      vertex   1.752204e+01 6.737781e+01 1.550000e+01
      vertex   1.775035e+01 6.717449e+01 1.550000e+01
    endloop
  endfacet
  facet normal 6.650552e-01 7.467942e-01 9.838619e-18
    outer loop
      vertex   1.752204e+01 6.737781e+01 1.500000e+01
      vertex   1.775035e+01 6.717449e+01 1.550000e+01
      vertex   1.775035e+01 6.717449e+01 1.500000e+01
    endloop
  endfacet
  facet normal 6.384695e-01 7.696471e-01 -0.000000e+00
    outer loop
      vertex   1.775035e+01 6.717449e+01 1.500000e+01
      vertex   1.775035e+01 6.717449e+01 1.550000e+01
      vertex   1.798618e+01 6.697885e+01 1.550000e+01
    endloop
  endfacet
  facet normal 6.384695e-01 7.696471e-01 -1.931550e-17
    outer loop
      vertex   1.775035e+01 6.717449e+01 1.500000e+01
      vertex   1.798618e+01 6.697885e+01 1.550000e+01
      vertex   1.798618e+01 6.697885e+01 1.500000e+01
    endloop
  endfacet
  facet normal 6.424827e-01 7.663002e-01 0.000000e+00
    outer loop
      vertex   1.798618e+01 6.697885e+01 1.550000e+01
      vertex   1.815587e+01 6.683659e+01 1.550000e+01
      vertex   1.798618e+01 6.697885e+01 1.500000e+01
    endloop
  endfacet
  facet normal 6.424827e-01 7.663002e-01 -5.429439e-18
    outer loop
      vertex   1.798618e+01 6.697885e+01 1.500000e+01
      vertex   1.815587e+01 6.683659e+01 1.550000e+01
      vertex   1.815587e+01 6.683659e+01 1.500000e+01
    endloop
  endfacet
  facet normal 6.643501e-01 7.474215e-01 -0.000000e+00
    outer loop
      vertex   1.815587e+01 6.683659e+01 1.500000e+01
      vertex   1.815587e+01 6.683659e+01 1.550000e+01
      vertex   1.832115e+01 6.668968e+01 1.550000e+01
    endloop
  endfacet
  facet normal 6.643501e-01 7.474215e-01 5.317659e-18
    outer loop
      vertex   1.815587e+01 6.683659e+01 1.500000e+01
      vertex   1.832115e+01 6.668968e+01 1.550000e+01
      vertex   1.832115e+01 6.668968e+01 1.500000e+01
    endloop
  endfacet
  facet normal 7.028954e-01 7.112932e-01 -0.000000e+00
    outer loop
      vertex   1.832115e+01 6.668968e+01 1.500000e+01
      vertex   1.832115e+01 6.668968e+01 1.550000e+01
      vertex   1.847838e+01 6.653430e+01 1.550000e+01
    endloop
  endfacet
  facet normal 7.028954e-01 7.112932e-01 -1.179302e-17
    outer loop
      vertex   1.832115e+01 6.668968e+01 1.500000e+01
      vertex   1.847838e+01 6.653430e+01 1.550000e+01
      vertex   1.847838e+01 6.653430e+01 1.500000e+01
    endloop
  endfacet
  facet normal 7.281202e-01 6.854495e-01 -0.000000e+00
    outer loop
      vertex   1.847838e+01 6.653430e+01 1.500000e+01
      vertex   1.847838e+01 6.653430e+01 1.550000e+01
      vertex   1.863011e+01 6.637312e+01 1.550000e+01
    endloop
  endfacet
  facet normal 7.281202e-01 6.854495e-01 1.347946e-17
    outer loop
      vertex   1.847838e+01 6.653430e+01 1.500000e+01
      vertex   1.863011e+01 6.637312e+01 1.550000e+01
      vertex   1.863011e+01 6.637312e+01 1.500000e+01
    endloop
  endfacet
  facet normal 7.896110e-01 6.136078e-01 0.000000e+00
    outer loop
      vertex   1.863011e+01 6.637312e+01 1.550000e+01
      vertex   1.872620e+01 6.624947e+01 1.550000e+01
      vertex   1.863011e+01 6.637312e+01 1.500000e+01
    endloop
  endfacet
  facet normal 7.896110e-01 6.136078e-01 9.697667e-18
    outer loop
      vertex   1.863011e+01 6.637312e+01 1.500000e+01
      vertex   1.872620e+01 6.624947e+01 1.550000e+01
      vertex   1.872620e+01 6.624947e+01 1.500000e+01
    endloop
  endfacet
  facet normal 8.257623e-01 5.640183e-01 -0.000000e+00
    outer loop
      vertex   1.872620e+01 6.624947e+01 1.500000e+01
      vertex   1.872620e+01 6.624947e+01 1.550000e+01
      vertex   1.881405e+01 6.612086e+01 1.550000e+01
    endloop
  endfacet
  facet normal 8.257623e-01 5.640183e-01 -1.486389e-18
    outer loop
      vertex   1.872620e+01 6.624947e+01 1.500000e+01
      vertex   1.881405e+01 6.612086e+01 1.550000e+01
      vertex   1.881405e+01 6.612086e+01 1.500000e+01
    endloop
  endfacet
  facet normal 8.814212e-01 4.723312e-01 -0.000000e+00
    outer loop
      vertex   1.881405e+01 6.612086e+01 1.500000e+01
      vertex   1.881405e+01 6.612086e+01 1.550000e+01
      vertex   1.888757e+01 6.598367e+01 1.550000e+01
    endloop
  endfacet
  facet normal 8.814212e-01 4.723312e-01 6.741562e-18
    outer loop
      vertex   1.881405e+01 6.612086e+01 1.500000e+01
      vertex   1.888757e+01 6.598367e+01 1.550000e+01
      vertex   1.888757e+01 6.598367e+01 1.500000e+01
    endloop
  endfacet
  facet normal 9.111063e-01 4.121714e-01 -0.000000e+00
    outer loop
      vertex   1.888757e+01 6.598367e+01 1.500000e+01
      vertex   1.888757e+01 6.598367e+01 1.550000e+01
      vertex   1.895208e+01 6.584106e+01 1.550000e+01
    endloop
  endfacet
  facet normal 9.111063e-01 4.121714e-01 2.234321e-18
    outer loop
      vertex   1.888757e+01 6.598367e+01 1.500000e+01
      vertex   1.895208e+01 6.584106e+01 1.550000e+01
      vertex   1.895208e+01 6.584106e+01 1.500000e+01
    endloop
  endfacet
  facet normal 9.541725e-01 2.992572e-01 0.000000e+00
    outer loop
      vertex   1.895208e+01 6.584106e+01 1.550000e+01
      vertex   1.897820e+01 6.575778e+01 1.550000e+01
      vertex   1.895208e+01 6.584106e+01 1.500000e+01
    endloop
  endfacet
  facet normal 9.541725e-01 2.992572e-01 4.426811e-19
    outer loop
      vertex   1.895208e+01 6.584106e+01 1.500000e+01
      vertex   1.897820e+01 6.575778e+01 1.550000e+01
      vertex   1.897820e+01 6.575778e+01 1.500000e+01
    endloop
  endfacet
  facet normal 9.738768e-01 2.270771e-01 -0.000000e+00
    outer loop
      vertex   1.897820e+01 6.575778e+01 1.500000e+01
      vertex   1.897820e+01 6.575778e+01 1.550000e+01
      vertex   1.899787e+01 6.567342e+01 1.550000e+01
    endloop
  endfacet
  facet normal 9.738768e-01 2.270771e-01 -1.049479e-18
    outer loop
      vertex   1.897820e+01 6.575778e+01 1.500000e+01
      vertex   1.899787e+01 6.567342e+01 1.550000e+01
      vertex   1.899787e+01 6.567342e+01 1.500000e+01
    endloop
  endfacet
  facet normal 9.946394e-01 1.034041e-01 -0.000000e+00
    outer loop
      vertex   1.899787e+01 6.567342e+01 1.500000e+01
      vertex   1.899787e+01 6.567342e+01 1.550000e+01
      vertex   1.900683e+01 6.558725e+01 1.550000e+01
    endloop
  endfacet
  facet normal 9.946394e-01 1.034041e-01 -8.217698e-19
    outer loop
      vertex   1.899787e+01 6.567342e+01 1.500000e+01
      vertex   1.900683e+01 6.558725e+01 1.550000e+01
      vertex   1.900683e+01 6.558725e+01 1.500000e+01
    endloop
  endfacet
  facet normal 9.995732e-01 2.921489e-02 -0.000000e+00
    outer loop
      vertex   1.900683e+01 6.558725e+01 1.500000e+01
      vertex   1.900683e+01 6.558725e+01 1.550000e+01
      vertex   1.900938e+01 6.550000e+01 1.550000e+01
    endloop
  endfacet
  facet normal 9.995732e-01 2.921489e-02 -1.140048e-19
    outer loop
      vertex   1.900683e+01 6.558725e+01 1.500000e+01
      vertex   1.900938e+01 6.550000e+01 1.550000e+01
      vertex   1.900938e+01 6.550000e+01 1.500000e+01
    endloop
  endfacet
  facet normal -1.435098e-12 -1.000000e+00 -0.000000e+00
    outer loop
      vertex   1.636545e+01 6.550000e+01 1.550000e+01
      vertex   1.636545e+01 6.550000e+01 1.500000e+01
      vertex   1.900938e+01 6.550000e+01 1.550000e+01
    endloop
  endfacet
  facet normal -1.435098e-12 -1.000000e+00 -0.000000e+00
    outer loop
      vertex   1.900938e+01 6.550000e+01 1.550000e+01
      vertex   1.636545e+01 6.550000e+01 1.500000e+01
      vertex   1.900938e+01 6.550000e+01 1.500000e+01
    endloop
  endfacet
  facet normal -1.000000e+00 1.430019e-12 0.000000e+00
    outer loop
      vertex   1.636545e+01 6.597203e+01 1.550000e+01
      vertex   1.636545e+01 6.597203e+01 1.500000e+01
      vertex   1.636545e+01 6.550000e+01 1.550000e+01
    endloop
  endfacet
  facet normal -1.000000e+00 1.430019e-12 0.000000e+00
    outer loop
      vertex   1.636545e+01 6.550000e+01 1.550000e+01
      vertex   1.636545e+01 6.597203e+01 1.500000e+01
      vertex   1.636545e+01 6.550000e+01 1.500000e+01
    endloop
  endfacet
  facet normal 1.434268e-12 1.000000e+00 0.000000e+00
    outer loop
      vertex   1.832725e+01 6.597203e+01 1.550000e+01
      vertex   1.832725e+01 6.597203e+01 1.500000e+01
      vertex   1.636545e+01 6.597203e+01 1.550000e+01
    endloop
  endfacet
  facet normal 1.434268e-12 1.000000e+00 0.000000e+00
    outer loop
      vertex   1.636545e+01 6.597203e+01 1.550000e+01
      vertex   1.832725e+01 6.597203e+01 1.500000e+01
      vertex   1.636545e+01 6.597203e+01 1.500000e+01
    endloop
  endfacet
  facet normal 1.256316e-02 -9.542670e-02 9.953572e-01
    outer loop
      vertex   4.394411e+01 1.525556e+00 1.765000e+01
      vertex   4.375000e+01 1.500000e+00 1.765000e+01
      vertex   4.393105e+01 1.223204e+00 1.762118e+01
    endloop
  endfacet
  facet normal 8.575073e-03 -9.801354e-02 9.951481e-01
    outer loop
      vertex   4.393105e+01 1.223204e+00 1.762118e+01
      vertex   4.375000e+01 1.500000e+00 1.765000e+01
      vertex   4.375000e+01 1.207365e+00 1.762118e+01
    endloop
  endfacet
  facet normal 2.538843e-02 -2.901911e-01 9.566319e-01
    outer loop
      vertex   4.393105e+01 1.223204e+00 1.762118e+01
      vertex   4.375000e+01 1.207365e+00 1.762118e+01
      vertex   4.375000e+01 9.259749e-01 1.753582e+01
    endloop
  endfacet
  facet normal 2.538843e-02 -2.901911e-01 9.566319e-01
    outer loop
      vertex   4.393105e+01 1.223204e+00 1.762118e+01
      vertex   4.375000e+01 9.259749e-01 1.753582e+01
      vertex   4.397991e+01 9.460898e-01 1.753582e+01
    endloop
  endfacet
  facet normal 4.120684e-02 -4.709964e-01 8.811722e-01
    outer loop
      vertex   4.397991e+01 9.460898e-01 1.753582e+01
      vertex   4.375000e+01 9.259749e-01 1.753582e+01
      vertex   4.375000e+01 6.666447e-01 1.739720e+01
    endloop
  endfacet
  facet normal 4.120684e-02 -4.709964e-01 8.811722e-01
    outer loop
      vertex   4.397991e+01 9.460898e-01 1.753582e+01
      vertex   4.375000e+01 6.666447e-01 1.739720e+01
      vertex   4.402495e+01 6.906994e-01 1.739720e+01
    endloop
  endfacet
  facet normal 5.541693e-02 -6.334184e-01 7.718226e-01
    outer loop
      vertex   4.402495e+01 6.906994e-01 1.739720e+01
      vertex   4.375000e+01 6.666447e-01 1.739720e+01
      vertex   4.375000e+01 4.393398e-01 1.721066e+01
    endloop
  endfacet
  facet normal 5.541693e-02 -6.334184e-01 7.718226e-01
    outer loop
      vertex   4.402495e+01 6.906994e-01 1.739720e+01
      vertex   4.375000e+01 4.393398e-01 1.721066e+01
      vertex   4.406442e+01 4.668478e-01 1.721066e+01
    endloop
  endfacet
  facet normal 6.747552e-02 -7.712487e-01 6.329475e-01
    outer loop
      vertex   4.406442e+01 4.668478e-01 1.721066e+01
      vertex   4.375000e+01 4.393398e-01 1.721066e+01
      vertex   4.375000e+01 2.527956e-01 1.698336e+01
    endloop
  endfacet
  facet normal 6.747552e-02 -7.712487e-01 6.329475e-01
    outer loop
      vertex   4.406442e+01 4.668478e-01 1.721066e+01
      vertex   4.375000e+01 2.527956e-01 1.698336e+01
      vertex   4.409681e+01 2.831376e-01 1.698336e+01
    endloop
  endfacet
  facet normal 7.692946e-02 -8.793077e-01 4.699998e-01
    outer loop
      vertex   4.409681e+01 2.831376e-01 1.698336e+01
      vertex   4.375000e+01 2.527956e-01 1.698336e+01
      vertex   4.375000e+01 1.141807e-01 1.672403e+01
    endloop
  endfacet
  facet normal 7.692946e-02 -8.793077e-01 4.699998e-01
    outer loop
      vertex   4.409681e+01 2.831376e-01 1.698336e+01
      vertex   4.375000e+01 1.141807e-01 1.672403e+01
      vertex   4.412088e+01 1.466286e-01 1.672403e+01
    endloop
  endfacet
  facet normal 8.342955e-02 -9.536041e-01 2.892727e-01
    outer loop
      vertex   4.412088e+01 1.466286e-01 1.672403e+01
      vertex   4.375000e+01 1.141807e-01 1.672403e+01
      vertex   4.375000e+01 2.882208e-02 1.644264e+01
    endloop
  endfacet
  facet normal 8.342955e-02 -9.536041e-01 2.892727e-01
    outer loop
      vertex   4.412088e+01 1.466286e-01 1.672403e+01
      vertex   4.375000e+01 2.882208e-02 1.644264e+01
      vertex   4.413570e+01 6.256676e-02 1.644264e+01
    endloop
  endfacet
  facet normal 8.673923e-02 -9.914339e-01 9.764772e-02
    outer loop
      vertex   4.413570e+01 6.256676e-02 1.644264e+01
      vertex   4.375000e+01 2.882208e-02 1.644264e+01
      vertex   4.375000e+01 0.000000e+00 1.615000e+01
    endloop
  endfacet
  facet normal 8.673923e-02 -9.914339e-01 9.764772e-02
    outer loop
      vertex   4.413570e+01 6.256676e-02 1.644264e+01
      vertex   4.375000e+01 0.000000e+00 1.615000e+01
      vertex   4.414071e+01 3.418256e-02 1.615000e+01
    endloop
  endfacet
  facet normal 2.575822e-01 -9.613097e-01 9.764772e-02
    outer loop
      vertex   4.413570e+01 6.256676e-02 1.644264e+01
      vertex   4.414071e+01 3.418256e-02 1.615000e+01
      vertex   4.450969e+01 1.627755e-01 1.644264e+01
    endloop
  endfacet
  facet normal 2.575822e-01 -9.613097e-01 9.764772e-02
    outer loop
      vertex   4.450969e+01 1.627755e-01 1.644264e+01
      vertex   4.414071e+01 3.418256e-02 1.615000e+01
      vertex   4.451955e+01 1.356916e-01 1.615000e+01
    endloop
  endfacet
  facet normal 4.205986e-01 -9.019766e-01 9.764772e-02
    outer loop
      vertex   4.450969e+01 1.627755e-01 1.644264e+01
      vertex   4.451955e+01 1.356916e-01 1.615000e+01
      vertex   4.486059e+01 3.264035e-01 1.644264e+01
    endloop
  endfacet
  facet normal 4.205986e-01 -9.019766e-01 9.764772e-02
    outer loop
      vertex   4.486059e+01 3.264035e-01 1.644264e+01
      vertex   4.451955e+01 1.356916e-01 1.615000e+01
      vertex   4.487500e+01 3.014428e-01 1.615000e+01
    endloop
  endfacet
  facet normal 5.708353e-01 -8.152374e-01 9.764772e-02
    outer loop
      vertex   4.486059e+01 3.264035e-01 1.644264e+01
      vertex   4.487500e+01 3.014428e-01 1.615000e+01
      vertex   4.517775e+01 5.484790e-01 1.644264e+01
    endloop
  endfacet
  facet normal 5.708353e-01 -8.152374e-01 9.764772e-02
    outer loop
      vertex   4.517775e+01 5.484790e-01 1.644264e+01
      vertex   4.487500e+01 3.014428e-01 1.615000e+01
      vertex   4.519627e+01 5.264000e-01 1.615000e+01
    endloop
  endfacet
  facet normal 7.037275e-01 -7.037275e-01 9.764772e-02
    outer loop
      vertex   4.517775e+01 5.484790e-01 1.644264e+01
      vertex   4.519627e+01 5.264000e-01 1.615000e+01
      vertex   4.545152e+01 8.222544e-01 1.644264e+01
    endloop
  endfacet
  facet normal 7.037275e-01 -7.037275e-01 9.764772e-02
    outer loop
      vertex   4.545152e+01 8.222544e-01 1.644264e+01
      vertex   4.519627e+01 5.264000e-01 1.615000e+01
      vertex   4.547360e+01 8.037279e-01 1.615000e+01
    endloop
  endfacet
  facet normal 8.152374e-01 -5.708353e-01 9.764772e-02
    outer loop
      vertex   4.545152e+01 8.222544e-01 1.644264e+01
      vertex   4.547360e+01 8.037279e-01 1.615000e+01
      vertex   4.567360e+01 1.139411e+00 1.644264e+01
    endloop
  endfacet
  facet normal 8.152374e-01 -5.708353e-01 9.764772e-02
    outer loop
      vertex   4.567360e+01 1.139411e+00 1.644264e+01
      vertex   4.547360e+01 8.037279e-01 1.615000e+01
      vertex   4.569856e+01 1.125000e+00 1.615000e+01
    endloop
  endfacet
  facet normal 9.019766e-01 -4.205986e-01 9.764772e-02
    outer loop
      vertex   4.567360e+01 1.139411e+00 1.644264e+01
      vertex   4.569856e+01 1.125000e+00 1.615000e+01
      vertex   4.583722e+01 1.490312e+00 1.644264e+01
    endloop
  endfacet
  facet normal 9.019766e-01 -4.205986e-01 9.764772e-02
    outer loop
      vertex   4.583722e+01 1.490312e+00 1.644264e+01
      vertex   4.569856e+01 1.125000e+00 1.615000e+01
      vertex   4.586431e+01 1.480455e+00 1.615000e+01
    endloop
  endfacet
  facet normal 9.613097e-01 -2.575822e-01 9.764772e-02
    outer loop
      vertex   4.583722e+01 1.490312e+00 1.644264e+01
      vertex   4.586431e+01 1.480455e+00 1.615000e+01
      vertex   4.593743e+01 1.864297e+00 1.644264e+01
    endloop
  endfacet
  facet normal 9.613097e-01 -2.575822e-01 9.764772e-02
    outer loop
      vertex   4.593743e+01 1.864297e+00 1.644264e+01
      vertex   4.586431e+01 1.480455e+00 1.615000e+01
      vertex   4.596582e+01 1.859292e+00 1.615000e+01
    endloop
  endfacet
  facet normal 9.914339e-01 -8.673923e-02 9.764772e-02
    outer loop
      vertex   4.593743e+01 1.864297e+00 1.644264e+01
      vertex   4.596582e+01 1.859292e+00 1.615000e+01
      vertex   4.597118e+01 2.250000e+00 1.644264e+01
    endloop
  endfacet
  facet normal 9.914339e-01 -8.673923e-02 9.764772e-02
    outer loop
      vertex   4.597118e+01 2.250000e+00 1.644264e+01
      vertex   4.596582e+01 1.859292e+00 1.615000e+01
      vertex   4.600000e+01 2.250000e+00 1.615000e+01
    endloop
  endfacet
  facet normal 9.536041e-01 -8.342955e-02 2.892727e-01
    outer loop
      vertex   4.597118e+01 2.250000e+00 1.644264e+01
      vertex   4.588582e+01 2.250000e+00 1.672403e+01
      vertex   4.593743e+01 1.864297e+00 1.644264e+01
    endloop
  endfacet
  facet normal 9.536041e-01 -8.342955e-02 2.892727e-01
    outer loop
      vertex   4.593743e+01 1.864297e+00 1.644264e+01
      vertex   4.588582e+01 2.250000e+00 1.672403e+01
      vertex   4.585337e+01 1.879119e+00 1.672403e+01
    endloop
  endfacet
  facet normal 9.246294e-01 -2.477537e-01 2.892727e-01
    outer loop
      vertex   4.593743e+01 1.864297e+00 1.644264e+01
      vertex   4.585337e+01 1.879119e+00 1.672403e+01
      vertex   4.583722e+01 1.490312e+00 1.644264e+01
    endloop
  endfacet
  facet normal 9.246294e-01 -2.477537e-01 2.892727e-01
    outer loop
      vertex   4.583722e+01 1.490312e+00 1.644264e+01
      vertex   4.585337e+01 1.879119e+00 1.672403e+01
      vertex   4.575701e+01 1.519507e+00 1.672403e+01
    endloop
  endfacet
  facet normal 8.675602e-01 -4.045500e-01 2.892727e-01
    outer loop
      vertex   4.583722e+01 1.490312e+00 1.644264e+01
      vertex   4.575701e+01 1.519507e+00 1.672403e+01
      vertex   4.567360e+01 1.139411e+00 1.644264e+01
    endloop
  endfacet
  facet normal 8.675602e-01 -4.045500e-01 2.892727e-01
    outer loop
      vertex   4.567360e+01 1.139411e+00 1.644264e+01
      vertex   4.575701e+01 1.519507e+00 1.672403e+01
      vertex   4.559967e+01 1.182090e+00 1.672403e+01
    endloop
  endfacet
  facet normal 7.841306e-01 -5.490542e-01 2.892727e-01
    outer loop
      vertex   4.567360e+01 1.139411e+00 1.644264e+01
      vertex   4.559967e+01 1.182090e+00 1.672403e+01
      vertex   4.545152e+01 8.222544e-01 1.644264e+01
    endloop
  endfacet
  facet normal 7.841306e-01 -5.490542e-01 2.892727e-01
    outer loop
      vertex   4.545152e+01 8.222544e-01 1.644264e+01
      vertex   4.559967e+01 1.182090e+00 1.672403e+01
      vertex   4.538613e+01 8.771218e-01 1.672403e+01
    endloop
  endfacet
  facet normal 6.768757e-01 -6.768757e-01 2.892727e-01
    outer loop
      vertex   4.545152e+01 8.222544e-01 1.644264e+01
      vertex   4.538613e+01 8.771218e-01 1.672403e+01
      vertex   4.517775e+01 5.484790e-01 1.644264e+01
    endloop
  endfacet
  facet normal 6.768757e-01 -6.768757e-01 2.892727e-01
    outer loop
      vertex   4.517775e+01 5.484790e-01 1.644264e+01
      vertex   4.538613e+01 8.771218e-01 1.672403e+01
      vertex   4.512288e+01 6.138675e-01 1.672403e+01
    endloop
  endfacet
  facet normal 5.490542e-01 -7.841306e-01 2.892727e-01
    outer loop
      vertex   4.517775e+01 5.484790e-01 1.644264e+01
      vertex   4.512288e+01 6.138675e-01 1.672403e+01
      vertex   4.486059e+01 3.264035e-01 1.644264e+01
    endloop
  endfacet
  facet normal 5.490542e-01 -7.841306e-01 2.892727e-01
    outer loop
      vertex   4.486059e+01 3.264035e-01 1.644264e+01
      vertex   4.512288e+01 6.138675e-01 1.672403e+01
      vertex   4.481791e+01 4.003262e-01 1.672403e+01
    endloop
  endfacet
  facet normal 4.045500e-01 -8.675602e-01 2.892727e-01
    outer loop
      vertex   4.486059e+01 3.264035e-01 1.644264e+01
      vertex   4.481791e+01 4.003262e-01 1.672403e+01
      vertex   4.450969e+01 1.627755e-01 1.644264e+01
    endloop
  endfacet
  facet normal 4.045500e-01 -8.675602e-01 2.892727e-01
    outer loop
      vertex   4.450969e+01 1.627755e-01 1.644264e+01
      vertex   4.481791e+01 4.003262e-01 1.672403e+01
      vertex   4.448049e+01 2.429864e-01 1.672403e+01
    endloop
  endfacet
  facet normal 2.477537e-01 -9.246294e-01 2.892727e-01
    outer loop
      vertex   4.450969e+01 1.627755e-01 1.644264e+01
      vertex   4.448049e+01 2.429864e-01 1.672403e+01
      vertex   4.413570e+01 6.256676e-02 1.644264e+01
    endloop
  endfacet
  facet normal 2.477537e-01 -9.246294e-01 2.892727e-01
    outer loop
      vertex   4.413570e+01 6.256676e-02 1.644264e+01
      vertex   4.448049e+01 2.429864e-01 1.672403e+01
      vertex   4.412088e+01 1.466286e-01 1.672403e+01
    endloop
  endfacet
  facet normal 8.793077e-01 -7.692946e-02 4.699998e-01
    outer loop
      vertex   4.588582e+01 2.250000e+00 1.672403e+01
      vertex   4.574720e+01 2.250000e+00 1.698336e+01
      vertex   4.585337e+01 1.879119e+00 1.672403e+01
    endloop
  endfacet
  facet normal 8.793077e-01 -7.692946e-02 4.699998e-01
    outer loop
      vertex   4.585337e+01 1.879119e+00 1.672403e+01
      vertex   4.574720e+01 2.250000e+00 1.698336e+01
      vertex   4.571686e+01 1.903189e+00 1.698336e+01
    endloop
  endfacet
  facet normal 8.525904e-01 -2.284509e-01 4.699998e-01
    outer loop
      vertex   4.585337e+01 1.879119e+00 1.672403e+01
      vertex   4.571686e+01 1.903189e+00 1.698336e+01
      vertex   4.575701e+01 1.519507e+00 1.672403e+01
    endloop
  endfacet
  facet normal 8.525904e-01 -2.284509e-01 4.699998e-01
    outer loop
      vertex   4.575701e+01 1.519507e+00 1.672403e+01
      vertex   4.571686e+01 1.903189e+00 1.698336e+01
      vertex   4.562676e+01 1.566916e+00 1.698336e+01
    endloop
  endfacet
  facet normal 7.999676e-01 -3.730310e-01 4.699998e-01
    outer loop
      vertex   4.575701e+01 1.519507e+00 1.672403e+01
      vertex   4.562676e+01 1.566916e+00 1.698336e+01
      vertex   4.559967e+01 1.182090e+00 1.672403e+01
    endloop
  endfacet
  facet normal 7.999676e-01 -3.730310e-01 4.699998e-01
    outer loop
      vertex   4.559967e+01 1.182090e+00 1.672403e+01
      vertex   4.562676e+01 1.566916e+00 1.698336e+01
      vertex   4.547963e+01 1.251398e+00 1.698336e+01
    endloop
  endfacet
  facet normal 7.230381e-01 -5.062767e-01 4.699998e-01
    outer loop
      vertex   4.559967e+01 1.182090e+00 1.672403e+01
      vertex   4.547963e+01 1.251398e+00 1.698336e+01
      vertex   4.538613e+01 8.771218e-01 1.672403e+01
    endloop
  endfacet
  facet normal 7.230381e-01 -5.062767e-01 4.699998e-01
    outer loop
      vertex   4.538613e+01 8.771218e-01 1.672403e+01
      vertex   4.547963e+01 1.251398e+00 1.698336e+01
      vertex   4.527995e+01 9.662217e-01 1.698336e+01
    endloop
  endfacet
  facet normal 6.241395e-01 -6.241395e-01 4.699998e-01
    outer loop
      vertex   4.538613e+01 8.771218e-01 1.672403e+01
      vertex   4.527995e+01 9.662217e-01 1.698336e+01
      vertex   4.512288e+01 6.138675e-01 1.672403e+01
    endloop
  endfacet
  facet normal 6.241395e-01 -6.241395e-01 4.699998e-01
    outer loop
      vertex   4.512288e+01 6.138675e-01 1.672403e+01
      vertex   4.527995e+01 9.662217e-01 1.698336e+01
      vertex   4.503378e+01 7.200527e-01 1.698336e+01
    endloop
  endfacet
  facet normal 5.062767e-01 -7.230381e-01 4.699998e-01
    outer loop
      vertex   4.512288e+01 6.138675e-01 1.672403e+01
      vertex   4.503378e+01 7.200527e-01 1.698336e+01
      vertex   4.481791e+01 4.003262e-01 1.672403e+01
    endloop
  endfacet
  facet normal 5.062767e-01 -7.230381e-01 4.699998e-01
    outer loop
      vertex   4.481791e+01 4.003262e-01 1.672403e+01
      vertex   4.503378e+01 7.200527e-01 1.698336e+01
      vertex   4.474860e+01 5.203702e-01 1.698336e+01
    endloop
  endfacet
  facet normal 3.730310e-01 -7.999676e-01 4.699998e-01
    outer loop
      vertex   4.481791e+01 4.003262e-01 1.672403e+01
      vertex   4.474860e+01 5.203702e-01 1.698336e+01
      vertex   4.448049e+01 2.429864e-01 1.672403e+01
    endloop
  endfacet
  facet normal 3.730310e-01 -7.999676e-01 4.699998e-01
    outer loop
      vertex   4.448049e+01 2.429864e-01 1.672403e+01
      vertex   4.474860e+01 5.203702e-01 1.698336e+01
      vertex   4.443308e+01 3.732417e-01 1.698336e+01
    endloop
  endfacet
  facet normal 2.284509e-01 -8.525904e-01 4.699998e-01
    outer loop
      vertex   4.448049e+01 2.429864e-01 1.672403e+01
      vertex   4.443308e+01 3.732417e-01 1.698336e+01
      vertex   4.412088e+01 1.466286e-01 1.672403e+01
    endloop
  endfacet
  facet normal 2.284509e-01 -8.525904e-01 4.699998e-01
    outer loop
      vertex   4.412088e+01 1.466286e-01 1.672403e+01
      vertex   4.443308e+01 3.732417e-01 1.698336e+01
      vertex   4.409681e+01 2.831376e-01 1.698336e+01
    endloop
  endfacet
  facet normal 7.712487e-01 -6.747552e-02 6.329475e-01
    outer loop
      vertex   4.574720e+01 2.250000e+00 1.698336e+01
      vertex   4.556066e+01 2.250000e+00 1.721066e+01
      vertex   4.571686e+01 1.903189e+00 1.698336e+01
    endloop
  endfacet
  facet normal 7.712487e-01 -6.747552e-02 6.329475e-01
    outer loop
      vertex   4.571686e+01 1.903189e+00 1.698336e+01
      vertex   4.556066e+01 2.250000e+00 1.721066e+01
      vertex   4.553315e+01 1.935582e+00 1.721066e+01
    endloop
  endfacet
  facet normal 7.478147e-01 -2.003763e-01 6.329475e-01
    outer loop
      vertex   4.571686e+01 1.903189e+00 1.698336e+01
      vertex   4.553315e+01 1.935582e+00 1.721066e+01
      vertex   4.562676e+01 1.566916e+00 1.698336e+01
    endloop
  endfacet
  facet normal 7.478147e-01 -2.003763e-01 6.329475e-01
    outer loop
      vertex   4.562676e+01 1.566916e+00 1.698336e+01
      vertex   4.553315e+01 1.935582e+00 1.721066e+01
      vertex   4.545146e+01 1.630718e+00 1.721066e+01
    endloop
  endfacet
  facet normal 7.016587e-01 -3.271888e-01 6.329475e-01
    outer loop
      vertex   4.562676e+01 1.566916e+00 1.698336e+01
      vertex   4.545146e+01 1.630718e+00 1.721066e+01
      vertex   4.547963e+01 1.251398e+00 1.698336e+01
    endloop
  endfacet
  facet normal 7.016587e-01 -3.271888e-01 6.329475e-01
    outer loop
      vertex   4.547963e+01 1.251398e+00 1.698336e+01
      vertex   4.545146e+01 1.630718e+00 1.721066e+01
      vertex   4.531808e+01 1.344670e+00 1.721066e+01
    endloop
  endfacet
  facet normal 6.341832e-01 -4.440599e-01 6.329475e-01
    outer loop
      vertex   4.547963e+01 1.251398e+00 1.698336e+01
      vertex   4.531808e+01 1.344670e+00 1.721066e+01
      vertex   4.527995e+01 9.662217e-01 1.698336e+01
    endloop
  endfacet
  facet normal 6.341832e-01 -4.440599e-01 6.329475e-01
    outer loop
      vertex   4.527995e+01 9.662217e-01 1.698336e+01
      vertex   4.531808e+01 1.344670e+00 1.721066e+01
      vertex   4.513705e+01 1.086130e+00 1.721066e+01
    endloop
  endfacet
  facet normal 5.474384e-01 -5.474384e-01 6.329475e-01
    outer loop
      vertex   4.527995e+01 9.662217e-01 1.698336e+01
      vertex   4.513705e+01 1.086130e+00 1.721066e+01
      vertex   4.503378e+01 7.200527e-01 1.698336e+01
    endloop
  endfacet
  facet normal 5.474384e-01 -5.474384e-01 6.329475e-01
    outer loop
      vertex   4.503378e+01 7.200527e-01 1.698336e+01
      vertex   4.513705e+01 1.086130e+00 1.721066e+01
      vertex   4.491387e+01 8.629538e-01 1.721066e+01
    endloop
  endfacet
  facet normal 4.440599e-01 -6.341832e-01 6.329475e-01
    outer loop
      vertex   4.503378e+01 7.200527e-01 1.698336e+01
      vertex   4.491387e+01 8.629538e-01 1.721066e+01
      vertex   4.474860e+01 5.203702e-01 1.698336e+01
    endloop
  endfacet
  facet normal 4.440599e-01 -6.341832e-01 6.329475e-01
    outer loop
      vertex   4.474860e+01 5.203702e-01 1.698336e+01
      vertex   4.491387e+01 8.629538e-01 1.721066e+01
      vertex   4.465533e+01 6.819223e-01 1.721066e+01
    endloop
  endfacet
  facet normal 3.271888e-01 -7.016587e-01 6.329475e-01
    outer loop
      vertex   4.474860e+01 5.203702e-01 1.698336e+01
      vertex   4.465533e+01 6.819223e-01 1.721066e+01
      vertex   4.443308e+01 3.732417e-01 1.698336e+01
    endloop
  endfacet
  facet normal 3.271888e-01 -7.016587e-01 6.329475e-01
    outer loop
      vertex   4.443308e+01 3.732417e-01 1.698336e+01
      vertex   4.465533e+01 6.819223e-01 1.721066e+01
      vertex   4.436928e+01 5.485360e-01 1.721066e+01
    endloop
  endfacet
  facet normal 2.003763e-01 -7.478147e-01 6.329475e-01
    outer loop
      vertex   4.443308e+01 3.732417e-01 1.698336e+01
      vertex   4.436928e+01 5.485360e-01 1.721066e+01
      vertex   4.409681e+01 2.831376e-01 1.698336e+01
    endloop
  endfacet
  facet normal 2.003763e-01 -7.478147e-01 6.329475e-01
    outer loop
      vertex   4.409681e+01 2.831376e-01 1.698336e+01
      vertex   4.436928e+01 5.485360e-01 1.721066e+01
      vertex   4.406442e+01 4.668478e-01 1.721066e+01
    endloop
  endfacet
  facet normal 6.334184e-01 -5.541693e-02 7.718226e-01
    outer loop
      vertex   4.556066e+01 2.250000e+00 1.721066e+01
      vertex   4.533336e+01 2.250000e+00 1.739720e+01
      vertex   4.553315e+01 1.935582e+00 1.721066e+01
    endloop
  endfacet
  facet normal 6.334184e-01 -5.541693e-02 7.718226e-01
    outer loop
      vertex   4.553315e+01 1.935582e+00 1.721066e+01
      vertex   4.533336e+01 2.250000e+00 1.739720e+01
      vertex   4.530930e+01 1.975053e+00 1.739720e+01
    endloop
  endfacet
  facet normal 6.141723e-01 -1.645670e-01 7.718226e-01
    outer loop
      vertex   4.553315e+01 1.935582e+00 1.721066e+01
      vertex   4.530930e+01 1.975053e+00 1.739720e+01
      vertex   4.545146e+01 1.630718e+00 1.721066e+01
    endloop
  endfacet
  facet normal 6.141723e-01 -1.645670e-01 7.718226e-01
    outer loop
      vertex   4.545146e+01 1.630718e+00 1.721066e+01
      vertex   4.530930e+01 1.975053e+00 1.739720e+01
      vertex   4.523787e+01 1.708461e+00 1.739720e+01
    endloop
  endfacet
  facet normal 5.762649e-01 -2.687167e-01 7.718226e-01
    outer loop
      vertex   4.545146e+01 1.630718e+00 1.721066e+01
      vertex   4.523787e+01 1.708461e+00 1.739720e+01
      vertex   4.531808e+01 1.344670e+00 1.721066e+01
    endloop
  endfacet
  facet normal 5.762649e-01 -2.687167e-01 7.718226e-01
    outer loop
      vertex   4.531808e+01 1.344670e+00 1.721066e+01
      vertex   4.523787e+01 1.708461e+00 1.739720e+01
      vertex   4.512123e+01 1.458322e+00 1.739720e+01
    endloop
  endfacet
  facet normal 5.208480e-01 -3.647017e-01 7.718226e-01
    outer loop
      vertex   4.531808e+01 1.344670e+00 1.721066e+01
      vertex   4.512123e+01 1.458322e+00 1.739720e+01
      vertex   4.513705e+01 1.086130e+00 1.721066e+01
    endloop
  endfacet
  facet normal 5.208480e-01 -3.647017e-01 7.718226e-01
    outer loop
      vertex   4.513705e+01 1.086130e+00 1.721066e+01
      vertex   4.512123e+01 1.458322e+00 1.739720e+01
      vertex   4.496292e+01 1.232239e+00 1.739720e+01
    endloop
  endfacet
  facet normal 4.496053e-01 -4.496053e-01 7.718226e-01
    outer loop
      vertex   4.513705e+01 1.086130e+00 1.721066e+01
      vertex   4.496292e+01 1.232239e+00 1.739720e+01
      vertex   4.491387e+01 8.629538e-01 1.721066e+01
    endloop
  endfacet
  facet normal 4.496053e-01 -4.496053e-01 7.718226e-01
    outer loop
      vertex   4.491387e+01 8.629538e-01 1.721066e+01
      vertex   4.496292e+01 1.232239e+00 1.739720e+01
      vertex   4.476776e+01 1.037079e+00 1.739720e+01
    endloop
  endfacet
  facet normal 3.647017e-01 -5.208480e-01 7.718226e-01
    outer loop
      vertex   4.491387e+01 8.629538e-01 1.721066e+01
      vertex   4.476776e+01 1.037079e+00 1.739720e+01
      vertex   4.465533e+01 6.819223e-01 1.721066e+01
    endloop
  endfacet
  facet normal 3.647017e-01 -5.208480e-01 7.718226e-01
    outer loop
      vertex   4.465533e+01 6.819223e-01 1.721066e+01
      vertex   4.476776e+01 1.037079e+00 1.739720e+01
      vertex   4.454168e+01 8.787740e-01 1.739720e+01
    endloop
  endfacet
  facet normal 2.687167e-01 -5.762649e-01 7.718226e-01
    outer loop
      vertex   4.465533e+01 6.819223e-01 1.721066e+01
      vertex   4.454168e+01 8.787740e-01 1.739720e+01
      vertex   4.436928e+01 5.485360e-01 1.721066e+01
    endloop
  endfacet
  facet normal 2.687167e-01 -5.762649e-01 7.718226e-01
    outer loop
      vertex   4.436928e+01 5.485360e-01 1.721066e+01
      vertex   4.454168e+01 8.787740e-01 1.739720e+01
      vertex   4.429154e+01 7.621327e-01 1.739720e+01
    endloop
  endfacet
  facet normal 1.645670e-01 -6.141723e-01 7.718226e-01
    outer loop
      vertex   4.436928e+01 5.485360e-01 1.721066e+01
      vertex   4.429154e+01 7.621327e-01 1.739720e+01
      vertex   4.406442e+01 4.668478e-01 1.721066e+01
    endloop
  endfacet
  facet normal 1.645670e-01 -6.141723e-01 7.718226e-01
    outer loop
      vertex   4.406442e+01 4.668478e-01 1.721066e+01
      vertex   4.429154e+01 7.621327e-01 1.739720e+01
      vertex   4.402495e+01 6.906994e-01 1.739720e+01
    endloop
  endfacet
  facet normal 4.709964e-01 -4.120684e-02 8.811722e-01
    outer loop
      vertex   4.533336e+01 2.250000e+00 1.739720e+01
      vertex   4.507403e+01 2.250000e+00 1.753582e+01
      vertex   4.530930e+01 1.975053e+00 1.739720e+01
    endloop
  endfacet
  facet normal 4.709964e-01 -4.120684e-02 8.811722e-01
    outer loop
      vertex   4.530930e+01 1.975053e+00 1.739720e+01
      vertex   4.507403e+01 2.250000e+00 1.753582e+01
      vertex   4.505391e+01 2.020085e+00 1.753582e+01
    endloop
  endfacet
  facet normal 4.566854e-01 -1.223685e-01 8.811722e-01
    outer loop
      vertex   4.530930e+01 1.975053e+00 1.739720e+01
      vertex   4.505391e+01 2.020085e+00 1.753582e+01
      vertex   4.523787e+01 1.708461e+00 1.739720e+01
    endloop
  endfacet
  facet normal 4.566854e-01 -1.223685e-01 8.811722e-01
    outer loop
      vertex   4.523787e+01 1.708461e+00 1.739720e+01
      vertex   4.505391e+01 2.020085e+00 1.753582e+01
      vertex   4.499418e+01 1.797157e+00 1.753582e+01
    endloop
  endfacet
  facet normal 4.284982e-01 -1.998120e-01 8.811722e-01
    outer loop
      vertex   4.523787e+01 1.708461e+00 1.739720e+01
      vertex   4.499418e+01 1.797157e+00 1.753582e+01
      vertex   4.512123e+01 1.458322e+00 1.739720e+01
    endloop
  endfacet
  facet normal 4.284982e-01 -1.998120e-01 8.811722e-01
    outer loop
      vertex   4.512123e+01 1.458322e+00 1.739720e+01
      vertex   4.499418e+01 1.797157e+00 1.753582e+01
      vertex   4.489664e+01 1.587987e+00 1.753582e+01
    endloop
  endfacet
  facet normal 3.872914e-01 -2.711843e-01 8.811722e-01
    outer loop
      vertex   4.512123e+01 1.458322e+00 1.739720e+01
      vertex   4.489664e+01 1.587987e+00 1.753582e+01
      vertex   4.496292e+01 1.232239e+00 1.739720e+01
    endloop
  endfacet
  facet normal 3.872914e-01 -2.711843e-01 8.811722e-01
    outer loop
      vertex   4.496292e+01 1.232239e+00 1.739720e+01
      vertex   4.489664e+01 1.587987e+00 1.753582e+01
      vertex   4.476426e+01 1.398933e+00 1.753582e+01
    endloop
  endfacet
  facet normal 3.343169e-01 -3.343169e-01 8.811722e-01
    outer loop
      vertex   4.496292e+01 1.232239e+00 1.739720e+01
      vertex   4.476426e+01 1.398933e+00 1.753582e+01
      vertex   4.476776e+01 1.037079e+00 1.739720e+01
    endloop
  endfacet
  facet normal 3.343169e-01 -3.343169e-01 8.811722e-01
    outer loop
      vertex   4.476776e+01 1.037079e+00 1.739720e+01
      vertex   4.476426e+01 1.398933e+00 1.753582e+01
      vertex   4.460107e+01 1.235738e+00 1.753582e+01
    endloop
  endfacet
  facet normal 2.711843e-01 -3.872914e-01 8.811722e-01
    outer loop
      vertex   4.476776e+01 1.037079e+00 1.739720e+01
      vertex   4.460107e+01 1.235738e+00 1.753582e+01
      vertex   4.454168e+01 8.787740e-01 1.739720e+01
    endloop
  endfacet
  facet normal 2.711843e-01 -3.872914e-01 8.811722e-01
    outer loop
      vertex   4.454168e+01 8.787740e-01 1.739720e+01
      vertex   4.460107e+01 1.235738e+00 1.753582e+01
      vertex   4.441201e+01 1.103361e+00 1.753582e+01
    endloop
  endfacet
  facet normal 1.998120e-01 -4.284982e-01 8.811722e-01
    outer loop
      vertex   4.454168e+01 8.787740e-01 1.739720e+01
      vertex   4.441201e+01 1.103361e+00 1.753582e+01
      vertex   4.429154e+01 7.621327e-01 1.739720e+01
    endloop
  endfacet
  facet normal 1.998120e-01 -4.284982e-01 8.811722e-01
    outer loop
      vertex   4.429154e+01 7.621327e-01 1.739720e+01
      vertex   4.441201e+01 1.103361e+00 1.753582e+01
      vertex   4.420284e+01 1.005823e+00 1.753582e+01
    endloop
  endfacet
  facet normal 1.223685e-01 -4.566854e-01 8.811722e-01
    outer loop
      vertex   4.429154e+01 7.621327e-01 1.739720e+01
      vertex   4.420284e+01 1.005823e+00 1.753582e+01
      vertex   4.402495e+01 6.906994e-01 1.739720e+01
    endloop
  endfacet
  facet normal 1.223685e-01 -4.566854e-01 8.811722e-01
    outer loop
      vertex   4.402495e+01 6.906994e-01 1.739720e+01
      vertex   4.420284e+01 1.005823e+00 1.753582e+01
      vertex   4.397991e+01 9.460898e-01 1.753582e+01
    endloop
  endfacet
  facet normal 2.901911e-01 -2.538843e-02 9.566319e-01
    outer loop
      vertex   4.507403e+01 2.250000e+00 1.753582e+01
      vertex   4.479264e+01 2.250000e+00 1.762118e+01
      vertex   4.505391e+01 2.020085e+00 1.753582e+01
    endloop
  endfacet
  facet normal 2.901911e-01 -2.538843e-02 9.566319e-01
    outer loop
      vertex   4.505391e+01 2.020085e+00 1.753582e+01
      vertex   4.479264e+01 2.250000e+00 1.762118e+01
      vertex   4.477680e+01 2.068948e+00 1.762118e+01
    endloop
  endfacet
  facet normal 2.813738e-01 -7.539388e-02 9.566319e-01
    outer loop
      vertex   4.505391e+01 2.020085e+00 1.753582e+01
      vertex   4.477680e+01 2.068948e+00 1.762118e+01
      vertex   4.499418e+01 1.797157e+00 1.753582e+01
    endloop
  endfacet
  facet normal 2.813738e-01 -7.539388e-02 9.566319e-01
    outer loop
      vertex   4.499418e+01 1.797157e+00 1.753582e+01
      vertex   4.477680e+01 2.068948e+00 1.762118e+01
      vertex   4.472976e+01 1.893398e+00 1.762118e+01
    endloop
  endfacet
  facet normal 2.640071e-01 -1.231085e-01 9.566319e-01
    outer loop
      vertex   4.499418e+01 1.797157e+00 1.753582e+01
      vertex   4.472976e+01 1.893398e+00 1.762118e+01
      vertex   4.489664e+01 1.587987e+00 1.753582e+01
    endloop
  endfacet
  facet normal 2.640071e-01 -1.231085e-01 9.566319e-01
    outer loop
      vertex   4.489664e+01 1.587987e+00 1.753582e+01
      vertex   4.472976e+01 1.893398e+00 1.762118e+01
      vertex   4.465295e+01 1.728682e+00 1.762118e+01
    endloop
  endfacet
  facet normal 2.386187e-01 -1.670826e-01 9.566319e-01
    outer loop
      vertex   4.489664e+01 1.587987e+00 1.753582e+01
      vertex   4.465295e+01 1.728682e+00 1.762118e+01
      vertex   4.476426e+01 1.398933e+00 1.753582e+01
    endloop
  endfacet
  facet normal 2.386187e-01 -1.670826e-01 9.566319e-01
    outer loop
      vertex   4.476426e+01 1.398933e+00 1.753582e+01
      vertex   4.465295e+01 1.728682e+00 1.762118e+01
      vertex   4.454871e+01 1.579807e+00 1.762118e+01
    endloop
  endfacet
  facet normal 2.059799e-01 -2.059799e-01 9.566319e-01
    outer loop
      vertex   4.476426e+01 1.398933e+00 1.753582e+01
      vertex   4.454871e+01 1.579807e+00 1.762118e+01
      vertex   4.460107e+01 1.235738e+00 1.753582e+01
    endloop
  endfacet
  facet normal 2.059799e-01 -2.059799e-01 9.566319e-01
    outer loop
      vertex   4.460107e+01 1.235738e+00 1.753582e+01
      vertex   4.454871e+01 1.579807e+00 1.762118e+01
      vertex   4.442019e+01 1.451295e+00 1.762118e+01
    endloop
  endfacet
  facet normal 1.670826e-01 -2.386187e-01 9.566319e-01
    outer loop
      vertex   4.460107e+01 1.235738e+00 1.753582e+01
      vertex   4.442019e+01 1.451295e+00 1.762118e+01
      vertex   4.441201e+01 1.103361e+00 1.753582e+01
    endloop
  endfacet
  facet normal 1.670826e-01 -2.386187e-01 9.566319e-01
    outer loop
      vertex   4.441201e+01 1.103361e+00 1.753582e+01
      vertex   4.442019e+01 1.451295e+00 1.762118e+01
      vertex   4.427132e+01 1.347051e+00 1.762118e+01
    endloop
  endfacet
  facet normal 1.231085e-01 -2.640071e-01 9.566319e-01
    outer loop
      vertex   4.441201e+01 1.103361e+00 1.753582e+01
      vertex   4.427132e+01 1.347051e+00 1.762118e+01
      vertex   4.420284e+01 1.005823e+00 1.753582e+01
    endloop
  endfacet
  facet normal 1.231085e-01 -2.640071e-01 9.566319e-01
    outer loop
      vertex   4.420284e+01 1.005823e+00 1.753582e+01
      vertex   4.427132e+01 1.347051e+00 1.762118e+01
      vertex   4.410660e+01 1.270243e+00 1.762118e+01
    endloop
  endfacet
  facet normal 7.539388e-02 -2.813738e-01 9.566319e-01
    outer loop
      vertex   4.420284e+01 1.005823e+00 1.753582e+01
      vertex   4.410660e+01 1.270243e+00 1.762118e+01
      vertex   4.397991e+01 9.460898e-01 1.753582e+01
    endloop
  endfacet
  facet normal 7.539388e-02 -2.813738e-01 9.566319e-01
    outer loop
      vertex   4.397991e+01 9.460898e-01 1.753582e+01
      vertex   4.410660e+01 1.270243e+00 1.762118e+01
      vertex   4.393105e+01 1.223204e+00 1.762118e+01
    endloop
  endfacet
  facet normal 9.801354e-02 -8.575073e-03 9.951481e-01
    outer loop
      vertex   4.479264e+01 2.250000e+00 1.762118e+01
      vertex   4.450000e+01 2.250000e+00 1.765000e+01
      vertex   4.477680e+01 2.068948e+00 1.762118e+01
    endloop
  endfacet
  facet normal 9.542670e-02 -1.256316e-02 9.953572e-01
    outer loop
      vertex   4.477680e+01 2.068948e+00 1.762118e+01
      vertex   4.450000e+01 2.250000e+00 1.765000e+01
      vertex   4.447444e+01 2.055886e+00 1.765000e+01
    endloop
  endfacet
  facet normal 9.596580e-02 -2.571396e-02 9.950524e-01
    outer loop
      vertex   4.477680e+01 2.068948e+00 1.762118e+01
      vertex   4.447444e+01 2.055886e+00 1.765000e+01
      vertex   4.472976e+01 1.893398e+00 1.762118e+01
    endloop
  endfacet
  facet normal 8.892353e-02 -3.683333e-02 9.953572e-01
    outer loop
      vertex   4.472976e+01 1.893398e+00 1.762118e+01
      vertex   4.447444e+01 2.055886e+00 1.765000e+01
      vertex   4.439952e+01 1.875000e+00 1.765000e+01
    endloop
  endfacet
  facet normal 8.916975e-02 -4.158054e-02 9.951481e-01
    outer loop
      vertex   4.472976e+01 1.893398e+00 1.762118e+01
      vertex   4.439952e+01 1.875000e+00 1.765000e+01
      vertex   4.465295e+01 1.728682e+00 1.762118e+01
    endloop
  endfacet
  facet normal 8.059468e-02 -5.643300e-02 9.951481e-01
    outer loop
      vertex   4.465295e+01 1.728682e+00 1.762118e+01
      vertex   4.439952e+01 1.875000e+00 1.765000e+01
      vertex   4.454871e+01 1.579807e+00 1.762118e+01
    endloop
  endfacet
  facet normal 7.636036e-02 -5.859337e-02 9.953572e-01
    outer loop
      vertex   4.439952e+01 1.875000e+00 1.765000e+01
      vertex   4.428033e+01 1.719670e+00 1.765000e+01
      vertex   4.454871e+01 1.579807e+00 1.762118e+01
    endloop
  endfacet
  facet normal 7.025184e-02 -7.025184e-02 9.950524e-01
    outer loop
      vertex   4.454871e+01 1.579807e+00 1.762118e+01
      vertex   4.428033e+01 1.719670e+00 1.765000e+01
      vertex   4.442019e+01 1.451295e+00 1.762118e+01
    endloop
  endfacet
  facet normal 5.859337e-02 -7.636036e-02 9.953572e-01
    outer loop
      vertex   4.428033e+01 1.719670e+00 1.765000e+01
      vertex   4.412500e+01 1.600481e+00 1.765000e+01
      vertex   4.442019e+01 1.451295e+00 1.762118e+01
    endloop
  endfacet
  facet normal 5.643300e-02 -8.059468e-02 9.951481e-01
    outer loop
      vertex   4.442019e+01 1.451295e+00 1.762118e+01
      vertex   4.412500e+01 1.600481e+00 1.765000e+01
      vertex   4.427132e+01 1.347051e+00 1.762118e+01
    endloop
  endfacet
  facet normal 4.158054e-02 -8.916975e-02 9.951481e-01
    outer loop
      vertex   4.427132e+01 1.347051e+00 1.762118e+01
      vertex   4.412500e+01 1.600481e+00 1.765000e+01
      vertex   4.410660e+01 1.270243e+00 1.762118e+01
    endloop
  endfacet
  facet normal 3.683333e-02 -8.892353e-02 9.953572e-01
    outer loop
      vertex   4.410660e+01 1.270243e+00 1.762118e+01
      vertex   4.412500e+01 1.600481e+00 1.765000e+01
      vertex   4.394411e+01 1.525556e+00 1.765000e+01
    endloop
  endfacet
  facet normal 2.571396e-02 -9.596580e-02 9.950524e-01
    outer loop
      vertex   4.410660e+01 1.270243e+00 1.762118e+01
      vertex   4.394411e+01 1.525556e+00 1.765000e+01
      vertex   4.393105e+01 1.223204e+00 1.762118e+01
    endloop
  endfacet
  facet normal 9.951847e-01 -2.238370e-15 9.801714e-02
    outer loop
      vertex   4.597118e+01 7.175000e+01 1.644264e+01
      vertex   4.597118e+01 6.543182e+01 1.644264e+01
      vertex   4.600000e+01 7.175000e+01 1.615000e+01
    endloop
  endfacet
  facet normal 9.951847e-01 9.250829e-20 9.801714e-02
    outer loop
      vertex   4.600000e+01 7.175000e+01 1.615000e+01
      vertex   4.597118e+01 6.543182e+01 1.644264e+01
      vertex   4.597118e+01 5.911364e+01 1.644264e+01
    endloop
  endfacet
  facet normal 9.951847e-01 9.250829e-20 9.801714e-02
    outer loop
      vertex   4.600000e+01 7.175000e+01 1.615000e+01
      vertex   4.597118e+01 5.911364e+01 1.644264e+01
      vertex   4.597118e+01 5.279545e+01 1.644264e+01
    endloop
  endfacet
  facet normal 9.569403e-01 -0.000000e+00 2.902847e-01
    outer loop
      vertex   4.597118e+01 5.279545e+01 1.644264e+01
      vertex   4.597118e+01 5.911364e+01 1.644264e+01
      vertex   4.588582e+01 5.279545e+01 1.672403e+01
    endloop
  endfacet
  facet normal 9.569403e-01 8.003002e-19 2.902847e-01
    outer loop
      vertex   4.597118e+01 5.279545e+01 1.644264e+01
      vertex   4.588582e+01 5.279545e+01 1.672403e+01
      vertex   4.588582e+01 4.647727e+01 1.672403e+01
    endloop
  endfacet
  facet normal 8.819213e-01 -0.000000e+00 4.713967e-01
    outer loop
      vertex   4.588582e+01 4.647727e+01 1.672403e+01
      vertex   4.588582e+01 5.279545e+01 1.672403e+01
      vertex   4.574720e+01 4.647727e+01 1.698336e+01
    endloop
  endfacet
  facet normal 8.819213e-01 9.931335e-16 4.713967e-01
    outer loop
      vertex   4.588582e+01 4.647727e+01 1.672403e+01
      vertex   4.574720e+01 4.647727e+01 1.698336e+01
      vertex   4.574720e+01 4.015909e+01 1.698336e+01
    endloop
  endfacet
  facet normal 7.730105e-01 8.693276e-16 6.343933e-01
    outer loop
      vertex   4.574720e+01 4.015909e+01 1.698336e+01
      vertex   4.574720e+01 4.647727e+01 1.698336e+01
      vertex   4.556066e+01 4.015909e+01 1.721066e+01
    endloop
  endfacet
  facet normal 7.730105e-01 -9.125770e-20 6.343933e-01
    outer loop
      vertex   4.574720e+01 4.015909e+01 1.698336e+01
      vertex   4.556066e+01 4.015909e+01 1.721066e+01
      vertex   4.556066e+01 3.384091e+01 1.721066e+01
    endloop
  endfacet
  facet normal 6.343933e-01 -0.000000e+00 7.730105e-01
    outer loop
      vertex   4.556066e+01 3.384091e+01 1.721066e+01
      vertex   4.556066e+01 4.015909e+01 1.721066e+01
      vertex   4.533336e+01 3.384091e+01 1.739720e+01
    endloop
  endfacet
  facet normal 6.343933e-01 2.372913e-19 7.730105e-01
    outer loop
      vertex   4.556066e+01 3.384091e+01 1.721066e+01
      vertex   4.533336e+01 3.384091e+01 1.739720e+01
      vertex   4.533336e+01 2.752273e+01 1.739720e+01
    endloop
  endfacet
  facet normal 4.713967e-01 -0.000000e+00 8.819213e-01
    outer loop
      vertex   4.533336e+01 2.752273e+01 1.739720e+01
      vertex   4.533336e+01 3.384091e+01 1.739720e+01
      vertex   4.507403e+01 2.752273e+01 1.753582e+01
    endloop
  endfacet
  facet normal 4.713967e-01 1.215892e-18 8.819213e-01
    outer loop
      vertex   4.533336e+01 2.752273e+01 1.739720e+01
      vertex   4.507403e+01 2.752273e+01 1.753582e+01
      vertex   4.507403e+01 2.120455e+01 1.753582e+01
    endloop
  endfacet
  facet normal 2.902847e-01 -0.000000e+00 9.569403e-01
    outer loop
      vertex   4.507403e+01 2.120455e+01 1.753582e+01
      vertex   4.507403e+01 2.752273e+01 1.753582e+01
      vertex   4.479264e+01 2.120455e+01 1.762118e+01
    endloop
  endfacet
  facet normal 2.902847e-01 5.332247e-19 9.569403e-01
    outer loop
      vertex   4.507403e+01 2.120455e+01 1.753582e+01
      vertex   4.479264e+01 2.120455e+01 1.762118e+01
      vertex   4.479264e+01 1.488636e+01 1.762118e+01
    endloop
  endfacet
  facet normal 9.801714e-02 -0.000000e+00 9.951847e-01
    outer loop
      vertex   4.479264e+01 1.488636e+01 1.762118e+01
      vertex   4.479264e+01 2.120455e+01 1.762118e+01
      vertex   4.450000e+01 2.250000e+00 1.765000e+01
    endloop
  endfacet
  facet normal 9.801714e-02 0.000000e+00 9.951847e-01
    outer loop
      vertex   4.479264e+01 1.488636e+01 1.762118e+01
      vertex   4.450000e+01 2.250000e+00 1.765000e+01
      vertex   4.479264e+01 8.568182e+00 1.762118e+01
    endloop
  endfacet
  facet normal 9.801714e-02 -5.595924e-16 9.951847e-01
    outer loop
      vertex   4.479264e+01 8.568182e+00 1.762118e+01
      vertex   4.450000e+01 2.250000e+00 1.765000e+01
      vertex   4.479264e+01 2.250000e+00 1.762118e+01
    endloop
  endfacet
  facet normal 2.902847e-01 -5.380876e-16 9.569403e-01
    outer loop
      vertex   4.479264e+01 8.568182e+00 1.762118e+01
      vertex   4.479264e+01 2.250000e+00 1.762118e+01
      vertex   4.507403e+01 8.568182e+00 1.753582e+01
    endloop
  endfacet
  facet normal 2.902847e-01 -5.380876e-16 9.569403e-01
    outer loop
      vertex   4.507403e+01 8.568182e+00 1.753582e+01
      vertex   4.479264e+01 2.250000e+00 1.762118e+01
      vertex   4.507403e+01 2.250000e+00 1.753582e+01
    endloop
  endfacet
  facet normal 4.713967e-01 -4.959043e-16 8.819213e-01
    outer loop
      vertex   4.507403e+01 8.568182e+00 1.753582e+01
      vertex   4.507403e+01 2.250000e+00 1.753582e+01
      vertex   4.533336e+01 8.568182e+00 1.739720e+01
    endloop
  endfacet
  facet normal 4.713967e-01 -4.959043e-16 8.819213e-01
    outer loop
      vertex   4.533336e+01 8.568182e+00 1.739720e+01
      vertex   4.507403e+01 2.250000e+00 1.753582e+01
      vertex   4.533336e+01 2.250000e+00 1.739720e+01
    endloop
  endfacet
  facet normal 6.343933e-01 -4.346638e-16 7.730105e-01
    outer loop
      vertex   4.533336e+01 8.568182e+00 1.739720e+01
      vertex   4.533336e+01 2.250000e+00 1.739720e+01
      vertex   4.556066e+01 8.568182e+00 1.721066e+01
    endloop
  endfacet
  facet normal 6.343933e-01 0.000000e+00 7.730105e-01
    outer loop
      vertex   4.556066e+01 8.568182e+00 1.721066e+01
      vertex   4.533336e+01 2.250000e+00 1.739720e+01
      vertex   4.556066e+01 2.250000e+00 1.721066e+01
    endloop
  endfacet
  facet normal 7.730105e-01 0.000000e+00 6.343933e-01
    outer loop
      vertex   4.556066e+01 8.568182e+00 1.721066e+01
      vertex   4.556066e+01 2.250000e+00 1.721066e+01
      vertex   4.574720e+01 8.568182e+00 1.698336e+01
    endloop
  endfacet
  facet normal 7.730105e-01 3.567193e-16 6.343933e-01
    outer loop
      vertex   4.574720e+01 8.568182e+00 1.698336e+01
      vertex   4.556066e+01 2.250000e+00 1.721066e+01
      vertex   4.574720e+01 2.250000e+00 1.698336e+01
    endloop
  endfacet
  facet normal 8.819213e-01 2.650664e-16 4.713967e-01
    outer loop
      vertex   4.574720e+01 8.568182e+00 1.698336e+01
      vertex   4.574720e+01 2.250000e+00 1.698336e+01
      vertex   4.588582e+01 8.568182e+00 1.672403e+01
    endloop
  endfacet
  facet normal 8.819213e-01 0.000000e+00 4.713967e-01
    outer loop
      vertex   4.588582e+01 8.568182e+00 1.672403e+01
      vertex   4.574720e+01 2.250000e+00 1.698336e+01
      vertex   4.588582e+01 2.250000e+00 1.672403e+01
    endloop
  endfacet
  facet normal 9.569403e-01 0.000000e+00 2.902847e-01
    outer loop
      vertex   4.588582e+01 8.568182e+00 1.672403e+01
      vertex   4.588582e+01 2.250000e+00 1.672403e+01
      vertex   4.597118e+01 8.568182e+00 1.644264e+01
    endloop
  endfacet
  facet normal 9.569403e-01 2.152350e-15 2.902847e-01
    outer loop
      vertex   4.597118e+01 8.568182e+00 1.644264e+01
      vertex   4.588582e+01 2.250000e+00 1.672403e+01
      vertex   4.597118e+01 2.250000e+00 1.644264e+01
    endloop
  endfacet
  facet normal 9.951847e-01 2.238370e-15 9.801714e-02
    outer loop
      vertex   4.597118e+01 8.568182e+00 1.644264e+01
      vertex   4.597118e+01 2.250000e+00 1.644264e+01
      vertex   4.600000e+01 2.250000e+00 1.615000e+01
    endloop
  endfacet
  facet normal 9.569403e-01 -2.152350e-15 2.902847e-01
    outer loop
      vertex   4.597118e+01 6.543182e+01 1.644264e+01
      vertex   4.597118e+01 7.175000e+01 1.644264e+01
      vertex   4.588582e+01 6.543182e+01 1.672403e+01
    endloop
  endfacet
  facet normal 9.569403e-01 -1.632271e-16 2.902847e-01
    outer loop
      vertex   4.588582e+01 6.543182e+01 1.672403e+01
      vertex   4.597118e+01 7.175000e+01 1.644264e+01
      vertex   4.588582e+01 7.175000e+01 1.672403e+01
    endloop
  endfacet
  facet normal 8.819213e-01 -2.650664e-16 4.713967e-01
    outer loop
      vertex   4.588582e+01 6.543182e+01 1.672403e+01
      vertex   4.588582e+01 7.175000e+01 1.672403e+01
      vertex   4.574720e+01 6.543182e+01 1.698336e+01
    endloop
  endfacet
  facet normal 8.819213e-01 -1.256875e-15 4.713967e-01
    outer loop
      vertex   4.574720e+01 6.543182e+01 1.698336e+01
      vertex   4.588582e+01 7.175000e+01 1.672403e+01
      vertex   4.574720e+01 7.175000e+01 1.698336e+01
    endloop
  endfacet
  facet normal 7.730105e-01 -1.226047e-15 6.343933e-01
    outer loop
      vertex   4.574720e+01 6.543182e+01 1.698336e+01
      vertex   4.574720e+01 7.175000e+01 1.698336e+01
      vertex   4.556066e+01 6.543182e+01 1.721066e+01
    endloop
  endfacet
  facet normal 7.730105e-01 -3.567193e-16 6.343933e-01
    outer loop
      vertex   4.556066e+01 6.543182e+01 1.721066e+01
      vertex   4.574720e+01 7.175000e+01 1.698336e+01
      vertex   4.556066e+01 7.175000e+01 1.721066e+01
    endloop
  endfacet
  facet normal 6.343933e-01 -4.346638e-16 7.730105e-01
    outer loop
      vertex   4.556066e+01 6.543182e+01 1.721066e+01
      vertex   4.556066e+01 7.175000e+01 1.721066e+01
      vertex   4.533336e+01 6.543182e+01 1.739720e+01
    endloop
  endfacet
  facet normal 6.343933e-01 -0.000000e+00 7.730105e-01
    outer loop
      vertex   4.533336e+01 6.543182e+01 1.739720e+01
      vertex   4.556066e+01 7.175000e+01 1.721066e+01
      vertex   4.533336e+01 7.175000e+01 1.739720e+01
    endloop
  endfacet
  facet normal 4.713967e-01 -0.000000e+00 8.819213e-01
    outer loop
      vertex   4.533336e+01 6.543182e+01 1.739720e+01
      vertex   4.533336e+01 7.175000e+01 1.739720e+01
      vertex   4.507403e+01 6.543182e+01 1.753582e+01
    endloop
  endfacet
  facet normal 4.713967e-01 -4.959043e-16 8.819213e-01
    outer loop
      vertex   4.507403e+01 6.543182e+01 1.753582e+01
      vertex   4.533336e+01 7.175000e+01 1.739720e+01
      vertex   4.507403e+01 7.175000e+01 1.753582e+01
    endloop
  endfacet
  facet normal 2.902847e-01 -5.380876e-16 9.569403e-01
    outer loop
      vertex   4.507403e+01 6.543182e+01 1.753582e+01
      vertex   4.507403e+01 7.175000e+01 1.753582e+01
      vertex   4.479264e+01 6.543182e+01 1.762118e+01
    endloop
  endfacet
  facet normal 2.902847e-01 -5.380876e-16 9.569403e-01
    outer loop
      vertex   4.479264e+01 6.543182e+01 1.762118e+01
      vertex   4.507403e+01 7.175000e+01 1.753582e+01
      vertex   4.479264e+01 7.175000e+01 1.762118e+01
    endloop
  endfacet
  facet normal 9.801714e-02 -5.595924e-16 9.951847e-01
    outer loop
      vertex   4.479264e+01 6.543182e+01 1.762118e+01
      vertex   4.479264e+01 7.175000e+01 1.762118e+01
      vertex   4.450000e+01 7.175000e+01 1.765000e+01
    endloop
  endfacet
  facet normal 9.801714e-02 2.004183e-17 9.951847e-01
    outer loop
      vertex   4.450000e+01 2.250000e+00 1.765000e+01
      vertex   4.479264e+01 4.015909e+01 1.762118e+01
      vertex   4.450000e+01 7.175000e+01 1.765000e+01
    endloop
  endfacet
  facet normal 9.801714e-02 -2.999314e-19 9.951847e-01
    outer loop
      vertex   4.450000e+01 7.175000e+01 1.765000e+01
      vertex   4.479264e+01 4.015909e+01 1.762118e+01
      vertex   4.479264e+01 4.647727e+01 1.762118e+01
    endloop
  endfacet
  facet normal 9.801714e-02 -2.999314e-19 9.951847e-01
    outer loop
      vertex   4.450000e+01 7.175000e+01 1.765000e+01
      vertex   4.479264e+01 4.647727e+01 1.762118e+01
      vertex   4.479264e+01 5.279545e+01 1.762118e+01
    endloop
  endfacet
  facet normal 2.902847e-01 0.000000e+00 9.569403e-01
    outer loop
      vertex   4.479264e+01 5.279545e+01 1.762118e+01
      vertex   4.479264e+01 4.647727e+01 1.762118e+01
      vertex   4.507403e+01 5.279545e+01 1.753582e+01
    endloop
  endfacet
  facet normal 2.902847e-01 5.332247e-19 9.569403e-01
    outer loop
      vertex   4.479264e+01 5.279545e+01 1.762118e+01
      vertex   4.507403e+01 5.279545e+01 1.753582e+01
      vertex   4.507403e+01 5.911364e+01 1.753582e+01
    endloop
  endfacet
  facet normal 4.713967e-01 0.000000e+00 8.819213e-01
    outer loop
      vertex   4.507403e+01 5.911364e+01 1.753582e+01
      vertex   4.507403e+01 5.279545e+01 1.753582e+01
      vertex   4.533336e+01 5.911364e+01 1.739720e+01
    endloop
  endfacet
  facet normal 4.713967e-01 3.832522e-19 8.819213e-01
    outer loop
      vertex   4.507403e+01 5.911364e+01 1.753582e+01
      vertex   4.533336e+01 5.911364e+01 1.739720e+01
      vertex   4.533336e+01 6.543182e+01 1.739720e+01
    endloop
  endfacet
  facet normal 6.343933e-01 0.000000e+00 7.730105e-01
    outer loop
      vertex   4.533336e+01 6.543182e+01 1.739720e+01
      vertex   4.533336e+01 5.911364e+01 1.739720e+01
      vertex   4.556066e+01 6.543182e+01 1.721066e+01
    endloop
  endfacet
  facet normal 9.951847e-01 0.000000e+00 9.801714e-02
    outer loop
      vertex   4.600000e+01 7.175000e+01 1.615000e+01
      vertex   4.597118e+01 3.384091e+01 1.644264e+01
      vertex   4.600000e+01 2.250000e+00 1.615000e+01
    endloop
  endfacet
  facet normal 9.951847e-01 9.250829e-20 9.801714e-02
    outer loop
      vertex   4.600000e+01 2.250000e+00 1.615000e+01
      vertex   4.597118e+01 3.384091e+01 1.644264e+01
      vertex   4.597118e+01 2.752273e+01 1.644264e+01
    endloop
  endfacet
  facet normal 9.951847e-01 9.250829e-20 9.801714e-02
    outer loop
      vertex   4.600000e+01 2.250000e+00 1.615000e+01
      vertex   4.597118e+01 2.752273e+01 1.644264e+01
      vertex   4.597118e+01 2.120455e+01 1.644264e+01
    endloop
  endfacet
  facet normal 9.569403e-01 -0.000000e+00 2.902847e-01
    outer loop
      vertex   4.597118e+01 2.120455e+01 1.644264e+01
      vertex   4.597118e+01 2.752273e+01 1.644264e+01
      vertex   4.588582e+01 2.120455e+01 1.672403e+01
    endloop
  endfacet
  facet normal 9.569403e-01 8.003002e-19 2.902847e-01
    outer loop
      vertex   4.597118e+01 2.120455e+01 1.644264e+01
      vertex   4.588582e+01 2.120455e+01 1.672403e+01
      vertex   4.588582e+01 1.488636e+01 1.672403e+01
    endloop
  endfacet
  facet normal 8.819213e-01 -0.000000e+00 4.713967e-01
    outer loop
      vertex   4.588582e+01 1.488636e+01 1.672403e+01
      vertex   4.588582e+01 2.120455e+01 1.672403e+01
      vertex   4.574720e+01 1.488636e+01 1.698336e+01
    endloop
  endfacet
  facet normal 8.819213e-01 -4.493876e-19 4.713967e-01
    outer loop
      vertex   4.588582e+01 1.488636e+01 1.672403e+01
      vertex   4.574720e+01 1.488636e+01 1.698336e+01
      vertex   4.574720e+01 8.568182e+00 1.698336e+01
    endloop
  endfacet
  facet normal 7.730105e-01 -0.000000e+00 6.343933e-01
    outer loop
      vertex   4.574720e+01 8.568182e+00 1.698336e+01
      vertex   4.574720e+01 1.488636e+01 1.698336e+01
      vertex   4.556066e+01 8.568182e+00 1.721066e+01
    endloop
  endfacet
  facet normal 9.569403e-01 -0.000000e+00 2.902847e-01
    outer loop
      vertex   4.597118e+01 5.911364e+01 1.644264e+01
      vertex   4.597118e+01 6.543182e+01 1.644264e+01
      vertex   4.588582e+01 5.911364e+01 1.672403e+01
    endloop
  endfacet
  facet normal 9.569403e-01 -0.000000e+00 2.902847e-01
    outer loop
      vertex   4.588582e+01 5.911364e+01 1.672403e+01
      vertex   4.597118e+01 6.543182e+01 1.644264e+01
      vertex   4.588582e+01 6.543182e+01 1.672403e+01
    endloop
  endfacet
  facet normal 8.819213e-01 -0.000000e+00 4.713967e-01
    outer loop
      vertex   4.588582e+01 5.911364e+01 1.672403e+01
      vertex   4.588582e+01 6.543182e+01 1.672403e+01
      vertex   4.574720e+01 5.911364e+01 1.698336e+01
    endloop
  endfacet
  facet normal 8.819213e-01 -0.000000e+00 4.713967e-01
    outer loop
      vertex   4.574720e+01 5.911364e+01 1.698336e+01
      vertex   4.588582e+01 6.543182e+01 1.672403e+01
      vertex   4.574720e+01 6.543182e+01 1.698336e+01
    endloop
  endfacet
  facet normal 7.730105e-01 -0.000000e+00 6.343933e-01
    outer loop
      vertex   4.574720e+01 5.911364e+01 1.698336e+01
      vertex   4.574720e+01 6.543182e+01 1.698336e+01
      vertex   4.556066e+01 5.911364e+01 1.721066e+01
    endloop
  endfacet
  facet normal 7.730105e-01 -0.000000e+00 6.343933e-01
    outer loop
      vertex   4.556066e+01 5.911364e+01 1.721066e+01
      vertex   4.574720e+01 6.543182e+01 1.698336e+01
      vertex   4.556066e+01 6.543182e+01 1.721066e+01
    endloop
  endfacet
  facet normal 6.343933e-01 -0.000000e+00 7.730105e-01
    outer loop
      vertex   4.556066e+01 5.911364e+01 1.721066e+01
      vertex   4.556066e+01 6.543182e+01 1.721066e+01
      vertex   4.533336e+01 5.911364e+01 1.739720e+01
    endloop
  endfacet
  facet normal 9.951847e-01 0.000000e+00 9.801714e-02
    outer loop
      vertex   4.597118e+01 5.279545e+01 1.644264e+01
      vertex   4.597118e+01 4.647727e+01 1.644264e+01
      vertex   4.600000e+01 7.175000e+01 1.615000e+01
    endloop
  endfacet
  facet normal 9.951847e-01 9.250829e-20 9.801714e-02
    outer loop
      vertex   4.600000e+01 7.175000e+01 1.615000e+01
      vertex   4.597118e+01 4.647727e+01 1.644264e+01
      vertex   4.597118e+01 4.015909e+01 1.644264e+01
    endloop
  endfacet
  facet normal 9.951847e-01 9.250829e-20 9.801714e-02
    outer loop
      vertex   4.600000e+01 7.175000e+01 1.615000e+01
      vertex   4.597118e+01 4.015909e+01 1.644264e+01
      vertex   4.597118e+01 3.384091e+01 1.644264e+01
    endloop
  endfacet
  facet normal 9.569403e-01 -0.000000e+00 2.902847e-01
    outer loop
      vertex   4.597118e+01 3.384091e+01 1.644264e+01
      vertex   4.597118e+01 4.015909e+01 1.644264e+01
      vertex   4.588582e+01 3.384091e+01 1.672403e+01
    endloop
  endfacet
  facet normal 9.569403e-01 8.003002e-19 2.902847e-01
    outer loop
      vertex   4.597118e+01 3.384091e+01 1.644264e+01
      vertex   4.588582e+01 3.384091e+01 1.672403e+01
      vertex   4.588582e+01 2.752273e+01 1.672403e+01
    endloop
  endfacet
  facet normal 8.819213e-01 -0.000000e+00 4.713967e-01
    outer loop
      vertex   4.588582e+01 2.752273e+01 1.672403e+01
      vertex   4.588582e+01 3.384091e+01 1.672403e+01
      vertex   4.574720e+01 2.752273e+01 1.698336e+01
    endloop
  endfacet
  facet normal 8.819213e-01 -2.655158e-16 4.713967e-01
    outer loop
      vertex   4.588582e+01 2.752273e+01 1.672403e+01
      vertex   4.574720e+01 2.752273e+01 1.698336e+01
      vertex   4.574720e+01 2.120455e+01 1.698336e+01
    endloop
  endfacet
  facet normal 7.730105e-01 -3.567193e-16 6.343933e-01
    outer loop
      vertex   4.574720e+01 2.120455e+01 1.698336e+01
      vertex   4.574720e+01 2.752273e+01 1.698336e+01
      vertex   4.556066e+01 2.120455e+01 1.721066e+01
    endloop
  endfacet
  facet normal 7.730105e-01 1.736382e-18 6.343933e-01
    outer loop
      vertex   4.574720e+01 2.120455e+01 1.698336e+01
      vertex   4.556066e+01 2.120455e+01 1.721066e+01
      vertex   4.556066e+01 1.488636e+01 1.721066e+01
    endloop
  endfacet
  facet normal 6.343933e-01 -0.000000e+00 7.730105e-01
    outer loop
      vertex   4.556066e+01 1.488636e+01 1.721066e+01
      vertex   4.556066e+01 2.120455e+01 1.721066e+01
      vertex   4.533336e+01 1.488636e+01 1.739720e+01
    endloop
  endfacet
  facet normal 6.343933e-01 2.372913e-19 7.730105e-01
    outer loop
      vertex   4.556066e+01 1.488636e+01 1.721066e+01
      vertex   4.533336e+01 1.488636e+01 1.739720e+01
      vertex   4.533336e+01 8.568182e+00 1.739720e+01
    endloop
  endfacet
  facet normal 4.713967e-01 -0.000000e+00 8.819213e-01
    outer loop
      vertex   4.533336e+01 8.568182e+00 1.739720e+01
      vertex   4.533336e+01 1.488636e+01 1.739720e+01
      vertex   4.507403e+01 8.568182e+00 1.753582e+01
    endloop
  endfacet
  facet normal 9.569403e-01 0.000000e+00 2.902847e-01
    outer loop
      vertex   4.597118e+01 5.279545e+01 1.644264e+01
      vertex   4.588582e+01 4.647727e+01 1.672403e+01
      vertex   4.597118e+01 4.647727e+01 1.644264e+01
    endloop
  endfacet
  facet normal 9.569403e-01 8.003002e-19 2.902847e-01
    outer loop
      vertex   4.597118e+01 4.647727e+01 1.644264e+01
      vertex   4.588582e+01 4.647727e+01 1.672403e+01
      vertex   4.588582e+01 4.015909e+01 1.672403e+01
    endloop
  endfacet
  facet normal 9.569403e-01 0.000000e+00 2.902847e-01
    outer loop
      vertex   4.597118e+01 4.647727e+01 1.644264e+01
      vertex   4.588582e+01 4.015909e+01 1.672403e+01
      vertex   4.597118e+01 4.015909e+01 1.644264e+01
    endloop
  endfacet
  facet normal 9.569403e-01 8.003002e-19 2.902847e-01
    outer loop
      vertex   4.597118e+01 4.015909e+01 1.644264e+01
      vertex   4.588582e+01 4.015909e+01 1.672403e+01
      vertex   4.588582e+01 3.384091e+01 1.672403e+01
    endloop
  endfacet
  facet normal 9.569403e-01 -0.000000e+00 2.902847e-01
    outer loop
      vertex   4.588582e+01 2.120455e+01 1.672403e+01
      vertex   4.597118e+01 2.752273e+01 1.644264e+01
      vertex   4.588582e+01 2.752273e+01 1.672403e+01
    endloop
  endfacet
  facet normal 9.569403e-01 8.003002e-19 2.902847e-01
    outer loop
      vertex   4.588582e+01 2.752273e+01 1.672403e+01
      vertex   4.597118e+01 2.752273e+01 1.644264e+01
      vertex   4.597118e+01 3.384091e+01 1.644264e+01
    endloop
  endfacet
  facet normal 9.951847e-01 -0.000000e+00 9.801714e-02
    outer loop
      vertex   4.597118e+01 8.568182e+00 1.644264e+01
      vertex   4.600000e+01 2.250000e+00 1.615000e+01
      vertex   4.597118e+01 1.488636e+01 1.644264e+01
    endloop
  endfacet
  facet normal 9.951847e-01 -0.000000e+00 9.801714e-02
    outer loop
      vertex   4.597118e+01 1.488636e+01 1.644264e+01
      vertex   4.600000e+01 2.250000e+00 1.615000e+01
      vertex   4.597118e+01 2.120455e+01 1.644264e+01
    endloop
  endfacet
  facet normal 9.569403e-01 -0.000000e+00 2.902847e-01
    outer loop
      vertex   4.597118e+01 1.488636e+01 1.644264e+01
      vertex   4.597118e+01 2.120455e+01 1.644264e+01
      vertex   4.588582e+01 1.488636e+01 1.672403e+01
    endloop
  endfacet
  facet normal 9.569403e-01 8.003002e-19 2.902847e-01
    outer loop
      vertex   4.588582e+01 8.568182e+00 1.672403e+01
      vertex   4.597118e+01 8.568182e+00 1.644264e+01
      vertex   4.597118e+01 1.488636e+01 1.644264e+01
    endloop
  endfacet
  facet normal 9.569403e-01 -0.000000e+00 2.902847e-01
    outer loop
      vertex   4.588582e+01 8.568182e+00 1.672403e+01
      vertex   4.597118e+01 1.488636e+01 1.644264e+01
      vertex   4.588582e+01 1.488636e+01 1.672403e+01
    endloop
  endfacet
  facet normal 9.569403e-01 8.003002e-19 2.902847e-01
    outer loop
      vertex   4.597118e+01 5.911364e+01 1.644264e+01
      vertex   4.588582e+01 5.911364e+01 1.672403e+01
      vertex   4.588582e+01 5.279545e+01 1.672403e+01
    endloop
  endfacet
  facet normal 8.819213e-01 -0.000000e+00 4.713967e-01
    outer loop
      vertex   4.588582e+01 5.279545e+01 1.672403e+01
      vertex   4.588582e+01 5.911364e+01 1.672403e+01
      vertex   4.574720e+01 5.279545e+01 1.698336e+01
    endloop
  endfacet
  facet normal 8.819213e-01 1.324880e-18 4.713967e-01
    outer loop
      vertex   4.588582e+01 5.279545e+01 1.672403e+01
      vertex   4.574720e+01 5.279545e+01 1.698336e+01
      vertex   4.574720e+01 4.647727e+01 1.698336e+01
    endloop
  endfacet
  facet normal 7.730105e-01 -0.000000e+00 6.343933e-01
    outer loop
      vertex   4.574720e+01 4.647727e+01 1.698336e+01
      vertex   4.574720e+01 5.279545e+01 1.698336e+01
      vertex   4.556066e+01 4.647727e+01 1.721066e+01
    endloop
  endfacet
  facet normal 7.730105e-01 -9.871098e-19 6.343933e-01
    outer loop
      vertex   4.574720e+01 4.647727e+01 1.698336e+01
      vertex   4.556066e+01 4.647727e+01 1.721066e+01
      vertex   4.556066e+01 4.015909e+01 1.721066e+01
    endloop
  endfacet
  facet normal 6.343933e-01 -0.000000e+00 7.730105e-01
    outer loop
      vertex   4.556066e+01 4.015909e+01 1.721066e+01
      vertex   4.556066e+01 4.647727e+01 1.721066e+01
      vertex   4.533336e+01 4.015909e+01 1.739720e+01
    endloop
  endfacet
  facet normal 6.343933e-01 2.372913e-19 7.730105e-01
    outer loop
      vertex   4.556066e+01 4.015909e+01 1.721066e+01
      vertex   4.533336e+01 4.015909e+01 1.739720e+01
      vertex   4.533336e+01 3.384091e+01 1.739720e+01
    endloop
  endfacet
  facet normal 4.713967e-01 -0.000000e+00 8.819213e-01
    outer loop
      vertex   4.533336e+01 3.384091e+01 1.739720e+01
      vertex   4.533336e+01 4.015909e+01 1.739720e+01
      vertex   4.507403e+01 3.384091e+01 1.753582e+01
    endloop
  endfacet
  facet normal 4.713967e-01 1.215892e-18 8.819213e-01
    outer loop
      vertex   4.533336e+01 3.384091e+01 1.739720e+01
      vertex   4.507403e+01 3.384091e+01 1.753582e+01
      vertex   4.507403e+01 2.752273e+01 1.753582e+01
    endloop
  endfacet
  facet normal 2.902847e-01 -0.000000e+00 9.569403e-01
    outer loop
      vertex   4.507403e+01 2.752273e+01 1.753582e+01
      vertex   4.507403e+01 3.384091e+01 1.753582e+01
      vertex   4.479264e+01 2.752273e+01 1.762118e+01
    endloop
  endfacet
  facet normal 2.902847e-01 5.332247e-19 9.569403e-01
    outer loop
      vertex   4.507403e+01 2.752273e+01 1.753582e+01
      vertex   4.479264e+01 2.752273e+01 1.762118e+01
      vertex   4.479264e+01 2.120455e+01 1.762118e+01
    endloop
  endfacet
  facet normal 9.801714e-02 -0.000000e+00 9.951847e-01
    outer loop
      vertex   4.479264e+01 2.120455e+01 1.762118e+01
      vertex   4.479264e+01 2.752273e+01 1.762118e+01
      vertex   4.450000e+01 2.250000e+00 1.765000e+01
    endloop
  endfacet
  facet normal 8.819213e-01 -0.000000e+00 4.713967e-01
    outer loop
      vertex   4.574720e+01 5.279545e+01 1.698336e+01
      vertex   4.588582e+01 5.911364e+01 1.672403e+01
      vertex   4.574720e+01 5.911364e+01 1.698336e+01
    endloop
  endfacet
  facet normal 8.819213e-01 0.000000e+00 4.713967e-01
    outer loop
      vertex   4.588582e+01 4.647727e+01 1.672403e+01
      vertex   4.574720e+01 4.015909e+01 1.698336e+01
      vertex   4.588582e+01 4.015909e+01 1.672403e+01
    endloop
  endfacet
  facet normal 8.819213e-01 -3.403995e-19 4.713967e-01
    outer loop
      vertex   4.588582e+01 4.015909e+01 1.672403e+01
      vertex   4.574720e+01 4.015909e+01 1.698336e+01
      vertex   4.574720e+01 3.384091e+01 1.698336e+01
    endloop
  endfacet
  facet normal 8.819213e-01 0.000000e+00 4.713967e-01
    outer loop
      vertex   4.588582e+01 4.015909e+01 1.672403e+01
      vertex   4.574720e+01 3.384091e+01 1.698336e+01
      vertex   4.588582e+01 3.384091e+01 1.672403e+01
    endloop
  endfacet
  facet normal 8.819213e-01 -3.403995e-19 4.713967e-01
    outer loop
      vertex   4.588582e+01 3.384091e+01 1.672403e+01
      vertex   4.574720e+01 3.384091e+01 1.698336e+01
      vertex   4.574720e+01 2.752273e+01 1.698336e+01
    endloop
  endfacet
  facet normal 8.819213e-01 -0.000000e+00 4.713967e-01
    outer loop
      vertex   4.574720e+01 1.488636e+01 1.698336e+01
      vertex   4.588582e+01 2.120455e+01 1.672403e+01
      vertex   4.574720e+01 2.120455e+01 1.698336e+01
    endloop
  endfacet
  facet normal 8.819213e-01 -4.493876e-19 4.713967e-01
    outer loop
      vertex   4.574720e+01 2.120455e+01 1.698336e+01
      vertex   4.588582e+01 2.120455e+01 1.672403e+01
      vertex   4.588582e+01 2.752273e+01 1.672403e+01
    endloop
  endfacet
  facet normal 8.819213e-01 -4.493876e-19 4.713967e-01
    outer loop
      vertex   4.574720e+01 8.568182e+00 1.698336e+01
      vertex   4.588582e+01 8.568182e+00 1.672403e+01
      vertex   4.588582e+01 1.488636e+01 1.672403e+01
    endloop
  endfacet
  facet normal 7.730105e-01 -0.000000e+00 6.343933e-01
    outer loop
      vertex   4.574720e+01 5.279545e+01 1.698336e+01
      vertex   4.574720e+01 5.911364e+01 1.698336e+01
      vertex   4.556066e+01 5.279545e+01 1.721066e+01
    endloop
  endfacet
  facet normal 7.730105e-01 -0.000000e+00 6.343933e-01
    outer loop
      vertex   4.556066e+01 5.279545e+01 1.721066e+01
      vertex   4.574720e+01 5.911364e+01 1.698336e+01
      vertex   4.556066e+01 5.911364e+01 1.721066e+01
    endloop
  endfacet
  facet normal 6.343933e-01 -0.000000e+00 7.730105e-01
    outer loop
      vertex   4.556066e+01 5.279545e+01 1.721066e+01
      vertex   4.556066e+01 5.911364e+01 1.721066e+01
      vertex   4.533336e+01 5.279545e+01 1.739720e+01
    endloop
  endfacet
  facet normal 6.343933e-01 -0.000000e+00 7.730105e-01
    outer loop
      vertex   4.533336e+01 5.279545e+01 1.739720e+01
      vertex   4.556066e+01 5.911364e+01 1.721066e+01
      vertex   4.533336e+01 5.911364e+01 1.739720e+01
    endloop
  endfacet
  facet normal 4.713967e-01 -0.000000e+00 8.819213e-01
    outer loop
      vertex   4.533336e+01 5.279545e+01 1.739720e+01
      vertex   4.533336e+01 5.911364e+01 1.739720e+01
      vertex   4.507403e+01 5.279545e+01 1.753582e+01
    endloop
  endfacet
  facet normal 7.730105e-01 0.000000e+00 6.343933e-01
    outer loop
      vertex   4.574720e+01 4.015909e+01 1.698336e+01
      vertex   4.556066e+01 3.384091e+01 1.721066e+01
      vertex   4.574720e+01 3.384091e+01 1.698336e+01
    endloop
  endfacet
  facet normal 7.730105e-01 -9.125770e-20 6.343933e-01
    outer loop
      vertex   4.574720e+01 3.384091e+01 1.698336e+01
      vertex   4.556066e+01 3.384091e+01 1.721066e+01
      vertex   4.556066e+01 2.752273e+01 1.721066e+01
    endloop
  endfacet
  facet normal 7.730105e-01 0.000000e+00 6.343933e-01
    outer loop
      vertex   4.574720e+01 3.384091e+01 1.698336e+01
      vertex   4.556066e+01 2.752273e+01 1.721066e+01
      vertex   4.574720e+01 2.752273e+01 1.698336e+01
    endloop
  endfacet
  facet normal 7.730105e-01 -9.125770e-20 6.343933e-01
    outer loop
      vertex   4.574720e+01 2.752273e+01 1.698336e+01
      vertex   4.556066e+01 2.752273e+01 1.721066e+01
      vertex   4.556066e+01 2.120455e+01 1.721066e+01
    endloop
  endfacet
  facet normal 7.730105e-01 -0.000000e+00 6.343933e-01
    outer loop
      vertex   4.556066e+01 8.568182e+00 1.721066e+01
      vertex   4.574720e+01 1.488636e+01 1.698336e+01
      vertex   4.556066e+01 1.488636e+01 1.721066e+01
    endloop
  endfacet
  facet normal 7.730105e-01 1.736382e-18 6.343933e-01
    outer loop
      vertex   4.556066e+01 1.488636e+01 1.721066e+01
      vertex   4.574720e+01 1.488636e+01 1.698336e+01
      vertex   4.574720e+01 2.120455e+01 1.698336e+01
    endloop
  endfacet
  facet normal 7.730105e-01 -3.577065e-16 6.343933e-01
    outer loop
      vertex   4.574720e+01 5.279545e+01 1.698336e+01
      vertex   4.556066e+01 5.279545e+01 1.721066e+01
      vertex   4.556066e+01 4.647727e+01 1.721066e+01
    endloop
  endfacet
  facet normal 6.343933e-01 -4.346638e-16 7.730105e-01
    outer loop
      vertex   4.556066e+01 4.647727e+01 1.721066e+01
      vertex   4.556066e+01 5.279545e+01 1.721066e+01
      vertex   4.533336e+01 4.647727e+01 1.739720e+01
    endloop
  endfacet
  facet normal 6.343933e-01 -4.344265e-16 7.730105e-01
    outer loop
      vertex   4.556066e+01 4.647727e+01 1.721066e+01
      vertex   4.533336e+01 4.647727e+01 1.739720e+01
      vertex   4.533336e+01 4.015909e+01 1.739720e+01
    endloop
  endfacet
  facet normal 4.713967e-01 -4.959043e-16 8.819213e-01
    outer loop
      vertex   4.533336e+01 4.015909e+01 1.739720e+01
      vertex   4.533336e+01 4.647727e+01 1.739720e+01
      vertex   4.507403e+01 4.015909e+01 1.753582e+01
    endloop
  endfacet
  facet normal 4.713967e-01 1.215892e-18 8.819213e-01
    outer loop
      vertex   4.533336e+01 4.015909e+01 1.739720e+01
      vertex   4.507403e+01 4.015909e+01 1.753582e+01
      vertex   4.507403e+01 3.384091e+01 1.753582e+01
    endloop
  endfacet
  facet normal 2.902847e-01 -0.000000e+00 9.569403e-01
    outer loop
      vertex   4.507403e+01 3.384091e+01 1.753582e+01
      vertex   4.507403e+01 4.015909e+01 1.753582e+01
      vertex   4.479264e+01 3.384091e+01 1.762118e+01
    endloop
  endfacet
  facet normal 2.902847e-01 5.332247e-19 9.569403e-01
    outer loop
      vertex   4.507403e+01 3.384091e+01 1.753582e+01
      vertex   4.479264e+01 3.384091e+01 1.762118e+01
      vertex   4.479264e+01 2.752273e+01 1.762118e+01
    endloop
  endfacet
  facet normal 9.801714e-02 -0.000000e+00 9.951847e-01
    outer loop
      vertex   4.479264e+01 2.752273e+01 1.762118e+01
      vertex   4.479264e+01 3.384091e+01 1.762118e+01
      vertex   4.450000e+01 2.250000e+00 1.765000e+01
    endloop
  endfacet
  facet normal 6.343933e-01 -0.000000e+00 7.730105e-01
    outer loop
      vertex   4.533336e+01 4.647727e+01 1.739720e+01
      vertex   4.556066e+01 5.279545e+01 1.721066e+01
      vertex   4.533336e+01 5.279545e+01 1.739720e+01
    endloop
  endfacet
  facet normal 6.343933e-01 0.000000e+00 7.730105e-01
    outer loop
      vertex   4.556066e+01 3.384091e+01 1.721066e+01
      vertex   4.533336e+01 2.752273e+01 1.739720e+01
      vertex   4.556066e+01 2.752273e+01 1.721066e+01
    endloop
  endfacet
  facet normal 6.343933e-01 2.372913e-19 7.730105e-01
    outer loop
      vertex   4.556066e+01 2.752273e+01 1.721066e+01
      vertex   4.533336e+01 2.752273e+01 1.739720e+01
      vertex   4.533336e+01 2.120455e+01 1.739720e+01
    endloop
  endfacet
  facet normal 6.343933e-01 0.000000e+00 7.730105e-01
    outer loop
      vertex   4.556066e+01 2.752273e+01 1.721066e+01
      vertex   4.533336e+01 2.120455e+01 1.739720e+01
      vertex   4.556066e+01 2.120455e+01 1.721066e+01
    endloop
  endfacet
  facet normal 6.343933e-01 2.372913e-19 7.730105e-01
    outer loop
      vertex   4.556066e+01 2.120455e+01 1.721066e+01
      vertex   4.533336e+01 2.120455e+01 1.739720e+01
      vertex   4.533336e+01 1.488636e+01 1.739720e+01
    endloop
  endfacet
  facet normal 6.343933e-01 2.372913e-19 7.730105e-01
    outer loop
      vertex   4.533336e+01 8.568182e+00 1.739720e+01
      vertex   4.556066e+01 8.568182e+00 1.721066e+01
      vertex   4.556066e+01 1.488636e+01 1.721066e+01
    endloop
  endfacet
  facet normal 4.713967e-01 -0.000000e+00 8.819213e-01
    outer loop
      vertex   4.507403e+01 5.911364e+01 1.753582e+01
      vertex   4.533336e+01 6.543182e+01 1.739720e+01
      vertex   4.507403e+01 6.543182e+01 1.753582e+01
    endloop
  endfacet
  facet normal 4.713967e-01 -0.000000e+00 8.819213e-01
    outer loop
      vertex   4.533336e+01 4.647727e+01 1.739720e+01
      vertex   4.533336e+01 5.279545e+01 1.739720e+01
      vertex   4.507403e+01 4.647727e+01 1.753582e+01
    endloop
  endfacet
  facet normal 4.713967e-01 -0.000000e+00 8.819213e-01
    outer loop
      vertex   4.507403e+01 4.647727e+01 1.753582e+01
      vertex   4.533336e+01 5.279545e+01 1.739720e+01
      vertex   4.507403e+01 5.279545e+01 1.753582e+01
    endloop
  endfacet
  facet normal 2.902847e-01 -0.000000e+00 9.569403e-01
    outer loop
      vertex   4.507403e+01 4.647727e+01 1.753582e+01
      vertex   4.507403e+01 5.279545e+01 1.753582e+01
      vertex   4.479264e+01 4.647727e+01 1.762118e+01
    endloop
  endfacet
  facet normal 4.713967e-01 0.000000e+00 8.819213e-01
    outer loop
      vertex   4.533336e+01 2.752273e+01 1.739720e+01
      vertex   4.507403e+01 2.120455e+01 1.753582e+01
      vertex   4.533336e+01 2.120455e+01 1.739720e+01
    endloop
  endfacet
  facet normal 4.713967e-01 1.215892e-18 8.819213e-01
    outer loop
      vertex   4.533336e+01 2.120455e+01 1.739720e+01
      vertex   4.507403e+01 2.120455e+01 1.753582e+01
      vertex   4.507403e+01 1.488636e+01 1.753582e+01
    endloop
  endfacet
  facet normal 4.713967e-01 0.000000e+00 8.819213e-01
    outer loop
      vertex   4.533336e+01 2.120455e+01 1.739720e+01
      vertex   4.507403e+01 1.488636e+01 1.753582e+01
      vertex   4.533336e+01 1.488636e+01 1.739720e+01
    endloop
  endfacet
  facet normal 4.713967e-01 1.215892e-18 8.819213e-01
    outer loop
      vertex   4.533336e+01 1.488636e+01 1.739720e+01
      vertex   4.507403e+01 1.488636e+01 1.753582e+01
      vertex   4.507403e+01 8.568182e+00 1.753582e+01
    endloop
  endfacet
  facet normal 2.902847e-01 -0.000000e+00 9.569403e-01
    outer loop
      vertex   4.507403e+01 5.911364e+01 1.753582e+01
      vertex   4.507403e+01 6.543182e+01 1.753582e+01
      vertex   4.479264e+01 5.911364e+01 1.762118e+01
    endloop
  endfacet
  facet normal 2.902847e-01 -0.000000e+00 9.569403e-01
    outer loop
      vertex   4.479264e+01 5.911364e+01 1.762118e+01
      vertex   4.507403e+01 6.543182e+01 1.753582e+01
      vertex   4.479264e+01 6.543182e+01 1.762118e+01
    endloop
  endfacet
  facet normal 9.801714e-02 -0.000000e+00 9.951847e-01
    outer loop
      vertex   4.479264e+01 5.911364e+01 1.762118e+01
      vertex   4.479264e+01 6.543182e+01 1.762118e+01
      vertex   4.450000e+01 7.175000e+01 1.765000e+01
    endloop
  endfacet
  facet normal 4.713967e-01 3.832522e-19 8.819213e-01
    outer loop
      vertex   4.533336e+01 4.647727e+01 1.739720e+01
      vertex   4.507403e+01 4.647727e+01 1.753582e+01
      vertex   4.507403e+01 4.015909e+01 1.753582e+01
    endloop
  endfacet
  facet normal 2.902847e-01 -0.000000e+00 9.569403e-01
    outer loop
      vertex   4.507403e+01 4.015909e+01 1.753582e+01
      vertex   4.507403e+01 4.647727e+01 1.753582e+01
      vertex   4.479264e+01 4.015909e+01 1.762118e+01
    endloop
  endfacet
  facet normal 2.902847e-01 5.332247e-19 9.569403e-01
    outer loop
      vertex   4.507403e+01 4.015909e+01 1.753582e+01
      vertex   4.479264e+01 4.015909e+01 1.762118e+01
      vertex   4.479264e+01 3.384091e+01 1.762118e+01
    endloop
  endfacet
  facet normal 9.801714e-02 -0.000000e+00 9.951847e-01
    outer loop
      vertex   4.479264e+01 3.384091e+01 1.762118e+01
      vertex   4.479264e+01 4.015909e+01 1.762118e+01
      vertex   4.450000e+01 2.250000e+00 1.765000e+01
    endloop
  endfacet
  facet normal 2.902847e-01 -0.000000e+00 9.569403e-01
    outer loop
      vertex   4.479264e+01 4.015909e+01 1.762118e+01
      vertex   4.507403e+01 4.647727e+01 1.753582e+01
      vertex   4.479264e+01 4.647727e+01 1.762118e+01
    endloop
  endfacet
  facet normal 2.902847e-01 5.332247e-19 9.569403e-01
    outer loop
      vertex   4.479264e+01 8.568182e+00 1.762118e+01
      vertex   4.507403e+01 8.568182e+00 1.753582e+01
      vertex   4.507403e+01 1.488636e+01 1.753582e+01
    endloop
  endfacet
  facet normal 2.902847e-01 -0.000000e+00 9.569403e-01
    outer loop
      vertex   4.479264e+01 8.568182e+00 1.762118e+01
      vertex   4.507403e+01 1.488636e+01 1.753582e+01
      vertex   4.479264e+01 1.488636e+01 1.762118e+01
    endloop
  endfacet
  facet normal 2.902847e-01 5.332247e-19 9.569403e-01
    outer loop
      vertex   4.479264e+01 1.488636e+01 1.762118e+01
      vertex   4.507403e+01 1.488636e+01 1.753582e+01
      vertex   4.507403e+01 2.120455e+01 1.753582e+01
    endloop
  endfacet
  facet normal 9.801714e-02 -2.999314e-19 9.951847e-01
    outer loop
      vertex   4.450000e+01 7.175000e+01 1.765000e+01
      vertex   4.479264e+01 5.279545e+01 1.762118e+01
      vertex   4.479264e+01 5.911364e+01 1.762118e+01
    endloop
  endfacet
  facet normal 2.902847e-01 0.000000e+00 9.569403e-01
    outer loop
      vertex   4.479264e+01 5.911364e+01 1.762118e+01
      vertex   4.479264e+01 5.279545e+01 1.762118e+01
      vertex   4.507403e+01 5.911364e+01 1.753582e+01
    endloop
  endfacet
  facet normal 8.673923e-02 9.914339e-01 9.764772e-02
    outer loop
      vertex   4.375000e+01 7.400000e+01 1.615000e+01
      vertex   4.375000e+01 7.397118e+01 1.644264e+01
      vertex   4.414071e+01 7.396582e+01 1.615000e+01
    endloop
  endfacet
  facet normal 8.673923e-02 9.914339e-01 9.764772e-02
    outer loop
      vertex   4.414071e+01 7.396582e+01 1.615000e+01
      vertex   4.375000e+01 7.397118e+01 1.644264e+01
      vertex   4.413570e+01 7.393743e+01 1.644264e+01
    endloop
  endfacet
  facet normal 2.575822e-01 9.613097e-01 9.764772e-02
    outer loop
      vertex   4.414071e+01 7.396582e+01 1.615000e+01
      vertex   4.413570e+01 7.393743e+01 1.644264e+01
      vertex   4.451955e+01 7.386431e+01 1.615000e+01
    endloop
  endfacet
  facet normal 2.575822e-01 9.613097e-01 9.764772e-02
    outer loop
      vertex   4.451955e+01 7.386431e+01 1.615000e+01
      vertex   4.413570e+01 7.393743e+01 1.644264e+01
      vertex   4.450969e+01 7.383722e+01 1.644264e+01
    endloop
  endfacet
  facet normal 4.205986e-01 9.019766e-01 9.764772e-02
    outer loop
      vertex   4.451955e+01 7.386431e+01 1.615000e+01
      vertex   4.450969e+01 7.383722e+01 1.644264e+01
      vertex   4.487500e+01 7.369856e+01 1.615000e+01
    endloop
  endfacet
  facet normal 4.205986e-01 9.019766e-01 9.764772e-02
    outer loop
      vertex   4.487500e+01 7.369856e+01 1.615000e+01
      vertex   4.450969e+01 7.383722e+01 1.644264e+01
      vertex   4.486059e+01 7.367360e+01 1.644264e+01
    endloop
  endfacet
  facet normal 5.708353e-01 8.152374e-01 9.764772e-02
    outer loop
      vertex   4.487500e+01 7.369856e+01 1.615000e+01
      vertex   4.486059e+01 7.367360e+01 1.644264e+01
      vertex   4.519627e+01 7.347360e+01 1.615000e+01
    endloop
  endfacet
  facet normal 5.708353e-01 8.152374e-01 9.764772e-02
    outer loop
      vertex   4.519627e+01 7.347360e+01 1.615000e+01
      vertex   4.486059e+01 7.367360e+01 1.644264e+01
      vertex   4.517775e+01 7.345152e+01 1.644264e+01
    endloop
  endfacet
  facet normal 7.037275e-01 7.037275e-01 9.764772e-02
    outer loop
      vertex   4.519627e+01 7.347360e+01 1.615000e+01
      vertex   4.517775e+01 7.345152e+01 1.644264e+01
      vertex   4.547360e+01 7.319627e+01 1.615000e+01
    endloop
  endfacet
  facet normal 7.037275e-01 7.037275e-01 9.764772e-02
    outer loop
      vertex   4.547360e+01 7.319627e+01 1.615000e+01
      vertex   4.517775e+01 7.345152e+01 1.644264e+01
      vertex   4.545152e+01 7.317775e+01 1.644264e+01
    endloop
  endfacet
  facet normal 8.152374e-01 5.708353e-01 9.764772e-02
    outer loop
      vertex   4.547360e+01 7.319627e+01 1.615000e+01
      vertex   4.545152e+01 7.317775e+01 1.644264e+01
      vertex   4.569856e+01 7.287500e+01 1.615000e+01
    endloop
  endfacet
  facet normal 8.152374e-01 5.708353e-01 9.764772e-02
    outer loop
      vertex   4.569856e+01 7.287500e+01 1.615000e+01
      vertex   4.545152e+01 7.317775e+01 1.644264e+01
      vertex   4.567360e+01 7.286059e+01 1.644264e+01
    endloop
  endfacet
  facet normal 9.019766e-01 4.205986e-01 9.764772e-02
    outer loop
      vertex   4.569856e+01 7.287500e+01 1.615000e+01
      vertex   4.567360e+01 7.286059e+01 1.644264e+01
      vertex   4.586431e+01 7.251955e+01 1.615000e+01
    endloop
  endfacet
  facet normal 9.019766e-01 4.205986e-01 9.764772e-02
    outer loop
      vertex   4.586431e+01 7.251955e+01 1.615000e+01
      vertex   4.567360e+01 7.286059e+01 1.644264e+01
      vertex   4.583722e+01 7.250969e+01 1.644264e+01
    endloop
  endfacet
  facet normal 9.613097e-01 2.575822e-01 9.764772e-02
    outer loop
      vertex   4.586431e+01 7.251955e+01 1.615000e+01
      vertex   4.583722e+01 7.250969e+01 1.644264e+01
      vertex   4.596582e+01 7.214071e+01 1.615000e+01
    endloop
  endfacet
  facet normal 9.613097e-01 2.575822e-01 9.764772e-02
    outer loop
      vertex   4.596582e+01 7.214071e+01 1.615000e+01
      vertex   4.583722e+01 7.250969e+01 1.644264e+01
      vertex   4.593743e+01 7.213570e+01 1.644264e+01
    endloop
  endfacet
  facet normal 9.914339e-01 8.673923e-02 9.764772e-02
    outer loop
      vertex   4.596582e+01 7.214071e+01 1.615000e+01
      vertex   4.593743e+01 7.213570e+01 1.644264e+01
      vertex   4.600000e+01 7.175000e+01 1.615000e+01
    endloop
  endfacet
  facet normal 9.914339e-01 8.673923e-02 9.764772e-02
    outer loop
      vertex   4.600000e+01 7.175000e+01 1.615000e+01
      vertex   4.593743e+01 7.213570e+01 1.644264e+01
      vertex   4.597118e+01 7.175000e+01 1.644264e+01
    endloop
  endfacet
  facet normal 9.536041e-01 8.342955e-02 2.892727e-01
    outer loop
      vertex   4.597118e+01 7.175000e+01 1.644264e+01
      vertex   4.593743e+01 7.213570e+01 1.644264e+01
      vertex   4.585337e+01 7.212088e+01 1.672403e+01
    endloop
  endfacet
  facet normal 9.536041e-01 8.342955e-02 2.892727e-01
    outer loop
      vertex   4.597118e+01 7.175000e+01 1.644264e+01
      vertex   4.585337e+01 7.212088e+01 1.672403e+01
      vertex   4.588582e+01 7.175000e+01 1.672403e+01
    endloop
  endfacet
  facet normal 8.793077e-01 7.692946e-02 4.699998e-01
    outer loop
      vertex   4.588582e+01 7.175000e+01 1.672403e+01
      vertex   4.585337e+01 7.212088e+01 1.672403e+01
      vertex   4.571686e+01 7.209681e+01 1.698336e+01
    endloop
  endfacet
  facet normal 8.793077e-01 7.692946e-02 4.699998e-01
    outer loop
      vertex   4.588582e+01 7.175000e+01 1.672403e+01
      vertex   4.571686e+01 7.209681e+01 1.698336e+01
      vertex   4.574720e+01 7.175000e+01 1.698336e+01
    endloop
  endfacet
  facet normal 7.712487e-01 6.747552e-02 6.329475e-01
    outer loop
      vertex   4.574720e+01 7.175000e+01 1.698336e+01
      vertex   4.571686e+01 7.209681e+01 1.698336e+01
      vertex   4.553315e+01 7.206442e+01 1.721066e+01
    endloop
  endfacet
  facet normal 7.712487e-01 6.747552e-02 6.329475e-01
    outer loop
      vertex   4.574720e+01 7.175000e+01 1.698336e+01
      vertex   4.553315e+01 7.206442e+01 1.721066e+01
      vertex   4.556066e+01 7.175000e+01 1.721066e+01
    endloop
  endfacet
  facet normal 6.334184e-01 5.541693e-02 7.718226e-01
    outer loop
      vertex   4.556066e+01 7.175000e+01 1.721066e+01
      vertex   4.553315e+01 7.206442e+01 1.721066e+01
      vertex   4.530930e+01 7.202495e+01 1.739720e+01
    endloop
  endfacet
  facet normal 6.334184e-01 5.541693e-02 7.718226e-01
    outer loop
      vertex   4.556066e+01 7.175000e+01 1.721066e+01
      vertex   4.530930e+01 7.202495e+01 1.739720e+01
      vertex   4.533336e+01 7.175000e+01 1.739720e+01
    endloop
  endfacet
  facet normal 4.709964e-01 4.120684e-02 8.811722e-01
    outer loop
      vertex   4.533336e+01 7.175000e+01 1.739720e+01
      vertex   4.530930e+01 7.202495e+01 1.739720e+01
      vertex   4.505391e+01 7.197991e+01 1.753582e+01
    endloop
  endfacet
  facet normal 4.709964e-01 4.120684e-02 8.811722e-01
    outer loop
      vertex   4.533336e+01 7.175000e+01 1.739720e+01
      vertex   4.505391e+01 7.197991e+01 1.753582e+01
      vertex   4.507403e+01 7.175000e+01 1.753582e+01
    endloop
  endfacet
  facet normal 2.901911e-01 2.538843e-02 9.566319e-01
    outer loop
      vertex   4.507403e+01 7.175000e+01 1.753582e+01
      vertex   4.505391e+01 7.197991e+01 1.753582e+01
      vertex   4.477680e+01 7.193105e+01 1.762118e+01
    endloop
  endfacet
  facet normal 2.901911e-01 2.538843e-02 9.566319e-01
    outer loop
      vertex   4.507403e+01 7.175000e+01 1.753582e+01
      vertex   4.477680e+01 7.193105e+01 1.762118e+01
      vertex   4.479264e+01 7.175000e+01 1.762118e+01
    endloop
  endfacet
  facet normal 9.801354e-02 8.575073e-03 9.951481e-01
    outer loop
      vertex   4.479264e+01 7.175000e+01 1.762118e+01
      vertex   4.477680e+01 7.193105e+01 1.762118e+01
      vertex   4.450000e+01 7.175000e+01 1.765000e+01
    endloop
  endfacet
  facet normal 9.542670e-02 1.256316e-02 9.953572e-01
    outer loop
      vertex   4.450000e+01 7.175000e+01 1.765000e+01
      vertex   4.477680e+01 7.193105e+01 1.762118e+01
      vertex   4.447444e+01 7.194411e+01 1.765000e+01
    endloop
  endfacet
  facet normal 9.596580e-02 2.571396e-02 9.950524e-01
    outer loop
      vertex   4.447444e+01 7.194411e+01 1.765000e+01
      vertex   4.477680e+01 7.193105e+01 1.762118e+01
      vertex   4.472976e+01 7.210660e+01 1.762118e+01
    endloop
  endfacet
  facet normal 8.892353e-02 3.683333e-02 9.953572e-01
    outer loop
      vertex   4.447444e+01 7.194411e+01 1.765000e+01
      vertex   4.472976e+01 7.210660e+01 1.762118e+01
      vertex   4.439952e+01 7.212500e+01 1.765000e+01
    endloop
  endfacet
  facet normal 8.916975e-02 4.158054e-02 9.951481e-01
    outer loop
      vertex   4.439952e+01 7.212500e+01 1.765000e+01
      vertex   4.472976e+01 7.210660e+01 1.762118e+01
      vertex   4.465295e+01 7.227132e+01 1.762118e+01
    endloop
  endfacet
  facet normal 8.059468e-02 5.643300e-02 9.951481e-01
    outer loop
      vertex   4.439952e+01 7.212500e+01 1.765000e+01
      vertex   4.465295e+01 7.227132e+01 1.762118e+01
      vertex   4.454871e+01 7.242019e+01 1.762118e+01
    endloop
  endfacet
  facet normal 2.386187e-01 1.670826e-01 9.566319e-01
    outer loop
      vertex   4.454871e+01 7.242019e+01 1.762118e+01
      vertex   4.465295e+01 7.227132e+01 1.762118e+01
      vertex   4.489664e+01 7.241201e+01 1.753582e+01
    endloop
  endfacet
  facet normal 2.386187e-01 1.670826e-01 9.566319e-01
    outer loop
      vertex   4.454871e+01 7.242019e+01 1.762118e+01
      vertex   4.489664e+01 7.241201e+01 1.753582e+01
      vertex   4.476426e+01 7.260107e+01 1.753582e+01
    endloop
  endfacet
  facet normal 3.872914e-01 2.711843e-01 8.811722e-01
    outer loop
      vertex   4.476426e+01 7.260107e+01 1.753582e+01
      vertex   4.489664e+01 7.241201e+01 1.753582e+01
      vertex   4.512123e+01 7.254168e+01 1.739720e+01
    endloop
  endfacet
  facet normal 3.872914e-01 2.711843e-01 8.811722e-01
    outer loop
      vertex   4.476426e+01 7.260107e+01 1.753582e+01
      vertex   4.512123e+01 7.254168e+01 1.739720e+01
      vertex   4.496292e+01 7.276776e+01 1.739720e+01
    endloop
  endfacet
  facet normal 5.208480e-01 3.647017e-01 7.718226e-01
    outer loop
      vertex   4.496292e+01 7.276776e+01 1.739720e+01
      vertex   4.512123e+01 7.254168e+01 1.739720e+01
      vertex   4.531808e+01 7.265533e+01 1.721066e+01
    endloop
  endfacet
  facet normal 5.208480e-01 3.647017e-01 7.718226e-01
    outer loop
      vertex   4.496292e+01 7.276776e+01 1.739720e+01
      vertex   4.531808e+01 7.265533e+01 1.721066e+01
      vertex   4.513705e+01 7.291387e+01 1.721066e+01
    endloop
  endfacet
  facet normal 6.341832e-01 4.440599e-01 6.329475e-01
    outer loop
      vertex   4.513705e+01 7.291387e+01 1.721066e+01
      vertex   4.531808e+01 7.265533e+01 1.721066e+01
      vertex   4.547963e+01 7.274860e+01 1.698336e+01
    endloop
  endfacet
  facet normal 6.341832e-01 4.440599e-01 6.329475e-01
    outer loop
      vertex   4.513705e+01 7.291387e+01 1.721066e+01
      vertex   4.547963e+01 7.274860e+01 1.698336e+01
      vertex   4.527995e+01 7.303378e+01 1.698336e+01
    endloop
  endfacet
  facet normal 7.230381e-01 5.062767e-01 4.699998e-01
    outer loop
      vertex   4.527995e+01 7.303378e+01 1.698336e+01
      vertex   4.547963e+01 7.274860e+01 1.698336e+01
      vertex   4.559967e+01 7.281791e+01 1.672403e+01
    endloop
  endfacet
  facet normal 7.230381e-01 5.062767e-01 4.699998e-01
    outer loop
      vertex   4.527995e+01 7.303378e+01 1.698336e+01
      vertex   4.559967e+01 7.281791e+01 1.672403e+01
      vertex   4.538613e+01 7.312288e+01 1.672403e+01
    endloop
  endfacet
  facet normal 7.841306e-01 5.490542e-01 2.892727e-01
    outer loop
      vertex   4.538613e+01 7.312288e+01 1.672403e+01
      vertex   4.559967e+01 7.281791e+01 1.672403e+01
      vertex   4.567360e+01 7.286059e+01 1.644264e+01
    endloop
  endfacet
  facet normal 7.841306e-01 5.490542e-01 2.892727e-01
    outer loop
      vertex   4.538613e+01 7.312288e+01 1.672403e+01
      vertex   4.567360e+01 7.286059e+01 1.644264e+01
      vertex   4.545152e+01 7.317775e+01 1.644264e+01
    endloop
  endfacet
  facet normal 8.342955e-02 9.536041e-01 2.892727e-01
    outer loop
      vertex   4.375000e+01 7.397118e+01 1.644264e+01
      vertex   4.375000e+01 7.388582e+01 1.672403e+01
      vertex   4.413570e+01 7.393743e+01 1.644264e+01
    endloop
  endfacet
  facet normal 8.342955e-02 9.536041e-01 2.892727e-01
    outer loop
      vertex   4.413570e+01 7.393743e+01 1.644264e+01
      vertex   4.375000e+01 7.388582e+01 1.672403e+01
      vertex   4.412088e+01 7.385337e+01 1.672403e+01
    endloop
  endfacet
  facet normal 2.477537e-01 9.246294e-01 2.892727e-01
    outer loop
      vertex   4.413570e+01 7.393743e+01 1.644264e+01
      vertex   4.412088e+01 7.385337e+01 1.672403e+01
      vertex   4.450969e+01 7.383722e+01 1.644264e+01
    endloop
  endfacet
  facet normal 2.477537e-01 9.246294e-01 2.892727e-01
    outer loop
      vertex   4.450969e+01 7.383722e+01 1.644264e+01
      vertex   4.412088e+01 7.385337e+01 1.672403e+01
      vertex   4.448049e+01 7.375701e+01 1.672403e+01
    endloop
  endfacet
  facet normal 4.045500e-01 8.675602e-01 2.892727e-01
    outer loop
      vertex   4.450969e+01 7.383722e+01 1.644264e+01
      vertex   4.448049e+01 7.375701e+01 1.672403e+01
      vertex   4.486059e+01 7.367360e+01 1.644264e+01
    endloop
  endfacet
  facet normal 4.045500e-01 8.675602e-01 2.892727e-01
    outer loop
      vertex   4.486059e+01 7.367360e+01 1.644264e+01
      vertex   4.448049e+01 7.375701e+01 1.672403e+01
      vertex   4.481791e+01 7.359967e+01 1.672403e+01
    endloop
  endfacet
  facet normal 5.490542e-01 7.841306e-01 2.892727e-01
    outer loop
      vertex   4.486059e+01 7.367360e+01 1.644264e+01
      vertex   4.481791e+01 7.359967e+01 1.672403e+01
      vertex   4.517775e+01 7.345152e+01 1.644264e+01
    endloop
  endfacet
  facet normal 5.490542e-01 7.841306e-01 2.892727e-01
    outer loop
      vertex   4.517775e+01 7.345152e+01 1.644264e+01
      vertex   4.481791e+01 7.359967e+01 1.672403e+01
      vertex   4.512288e+01 7.338613e+01 1.672403e+01
    endloop
  endfacet
  facet normal 6.768757e-01 6.768757e-01 2.892727e-01
    outer loop
      vertex   4.517775e+01 7.345152e+01 1.644264e+01
      vertex   4.512288e+01 7.338613e+01 1.672403e+01
      vertex   4.545152e+01 7.317775e+01 1.644264e+01
    endloop
  endfacet
  facet normal 6.768757e-01 6.768757e-01 2.892727e-01
    outer loop
      vertex   4.545152e+01 7.317775e+01 1.644264e+01
      vertex   4.512288e+01 7.338613e+01 1.672403e+01
      vertex   4.538613e+01 7.312288e+01 1.672403e+01
    endloop
  endfacet
  facet normal 7.692946e-02 8.793077e-01 4.699998e-01
    outer loop
      vertex   4.375000e+01 7.388582e+01 1.672403e+01
      vertex   4.375000e+01 7.374720e+01 1.698336e+01
      vertex   4.412088e+01 7.385337e+01 1.672403e+01
    endloop
  endfacet
  facet normal 7.692946e-02 8.793077e-01 4.699998e-01
    outer loop
      vertex   4.412088e+01 7.385337e+01 1.672403e+01
      vertex   4.375000e+01 7.374720e+01 1.698336e+01
      vertex   4.409681e+01 7.371686e+01 1.698336e+01
    endloop
  endfacet
  facet normal 2.284509e-01 8.525904e-01 4.699998e-01
    outer loop
      vertex   4.412088e+01 7.385337e+01 1.672403e+01
      vertex   4.409681e+01 7.371686e+01 1.698336e+01
      vertex   4.448049e+01 7.375701e+01 1.672403e+01
    endloop
  endfacet
  facet normal 2.284509e-01 8.525904e-01 4.699998e-01
    outer loop
      vertex   4.448049e+01 7.375701e+01 1.672403e+01
      vertex   4.409681e+01 7.371686e+01 1.698336e+01
      vertex   4.443308e+01 7.362676e+01 1.698336e+01
    endloop
  endfacet
  facet normal 3.730310e-01 7.999676e-01 4.699998e-01
    outer loop
      vertex   4.448049e+01 7.375701e+01 1.672403e+01
      vertex   4.443308e+01 7.362676e+01 1.698336e+01
      vertex   4.481791e+01 7.359967e+01 1.672403e+01
    endloop
  endfacet
  facet normal 3.730310e-01 7.999676e-01 4.699998e-01
    outer loop
      vertex   4.481791e+01 7.359967e+01 1.672403e+01
      vertex   4.443308e+01 7.362676e+01 1.698336e+01
      vertex   4.474860e+01 7.347963e+01 1.698336e+01
    endloop
  endfacet
  facet normal 5.062767e-01 7.230381e-01 4.699998e-01
    outer loop
      vertex   4.481791e+01 7.359967e+01 1.672403e+01
      vertex   4.474860e+01 7.347963e+01 1.698336e+01
      vertex   4.512288e+01 7.338613e+01 1.672403e+01
    endloop
  endfacet
  facet normal 5.062767e-01 7.230381e-01 4.699998e-01
    outer loop
      vertex   4.512288e+01 7.338613e+01 1.672403e+01
      vertex   4.474860e+01 7.347963e+01 1.698336e+01
      vertex   4.503378e+01 7.327995e+01 1.698336e+01
    endloop
  endfacet
  facet normal 6.241395e-01 6.241395e-01 4.699998e-01
    outer loop
      vertex   4.512288e+01 7.338613e+01 1.672403e+01
      vertex   4.503378e+01 7.327995e+01 1.698336e+01
      vertex   4.538613e+01 7.312288e+01 1.672403e+01
    endloop
  endfacet
  facet normal 6.241395e-01 6.241395e-01 4.699998e-01
    outer loop
      vertex   4.538613e+01 7.312288e+01 1.672403e+01
      vertex   4.503378e+01 7.327995e+01 1.698336e+01
      vertex   4.527995e+01 7.303378e+01 1.698336e+01
    endloop
  endfacet
  facet normal 6.747552e-02 7.712487e-01 6.329475e-01
    outer loop
      vertex   4.375000e+01 7.374720e+01 1.698336e+01
      vertex   4.375000e+01 7.356066e+01 1.721066e+01
      vertex   4.409681e+01 7.371686e+01 1.698336e+01
    endloop
  endfacet
  facet normal 6.747552e-02 7.712487e-01 6.329475e-01
    outer loop
      vertex   4.409681e+01 7.371686e+01 1.698336e+01
      vertex   4.375000e+01 7.356066e+01 1.721066e+01
      vertex   4.406442e+01 7.353315e+01 1.721066e+01
    endloop
  endfacet
  facet normal 2.003763e-01 7.478147e-01 6.329475e-01
    outer loop
      vertex   4.409681e+01 7.371686e+01 1.698336e+01
      vertex   4.406442e+01 7.353315e+01 1.721066e+01
      vertex   4.443308e+01 7.362676e+01 1.698336e+01
    endloop
  endfacet
  facet normal 2.003763e-01 7.478147e-01 6.329475e-01
    outer loop
      vertex   4.443308e+01 7.362676e+01 1.698336e+01
      vertex   4.406442e+01 7.353315e+01 1.721066e+01
      vertex   4.436928e+01 7.345146e+01 1.721066e+01
    endloop
  endfacet
  facet normal 3.271888e-01 7.016587e-01 6.329475e-01
    outer loop
      vertex   4.443308e+01 7.362676e+01 1.698336e+01
      vertex   4.436928e+01 7.345146e+01 1.721066e+01
      vertex   4.474860e+01 7.347963e+01 1.698336e+01
    endloop
  endfacet
  facet normal 3.271888e-01 7.016587e-01 6.329475e-01
    outer loop
      vertex   4.474860e+01 7.347963e+01 1.698336e+01
      vertex   4.436928e+01 7.345146e+01 1.721066e+01
      vertex   4.465533e+01 7.331808e+01 1.721066e+01
    endloop
  endfacet
  facet normal 4.440599e-01 6.341832e-01 6.329475e-01
    outer loop
      vertex   4.474860e+01 7.347963e+01 1.698336e+01
      vertex   4.465533e+01 7.331808e+01 1.721066e+01
      vertex   4.503378e+01 7.327995e+01 1.698336e+01
    endloop
  endfacet
  facet normal 4.440599e-01 6.341832e-01 6.329475e-01
    outer loop
      vertex   4.503378e+01 7.327995e+01 1.698336e+01
      vertex   4.465533e+01 7.331808e+01 1.721066e+01
      vertex   4.491387e+01 7.313705e+01 1.721066e+01
    endloop
  endfacet
  facet normal 5.474384e-01 5.474384e-01 6.329475e-01
    outer loop
      vertex   4.503378e+01 7.327995e+01 1.698336e+01
      vertex   4.491387e+01 7.313705e+01 1.721066e+01
      vertex   4.527995e+01 7.303378e+01 1.698336e+01
    endloop
  endfacet
  facet normal 5.474384e-01 5.474384e-01 6.329475e-01
    outer loop
      vertex   4.527995e+01 7.303378e+01 1.698336e+01
      vertex   4.491387e+01 7.313705e+01 1.721066e+01
      vertex   4.513705e+01 7.291387e+01 1.721066e+01
    endloop
  endfacet
  facet normal 5.541693e-02 6.334184e-01 7.718226e-01
    outer loop
      vertex   4.375000e+01 7.356066e+01 1.721066e+01
      vertex   4.375000e+01 7.333336e+01 1.739720e+01
      vertex   4.406442e+01 7.353315e+01 1.721066e+01
    endloop
  endfacet
  facet normal 5.541693e-02 6.334184e-01 7.718226e-01
    outer loop
      vertex   4.406442e+01 7.353315e+01 1.721066e+01
      vertex   4.375000e+01 7.333336e+01 1.739720e+01
      vertex   4.402495e+01 7.330930e+01 1.739720e+01
    endloop
  endfacet
  facet normal 1.645670e-01 6.141723e-01 7.718226e-01
    outer loop
      vertex   4.406442e+01 7.353315e+01 1.721066e+01
      vertex   4.402495e+01 7.330930e+01 1.739720e+01
      vertex   4.436928e+01 7.345146e+01 1.721066e+01
    endloop
  endfacet
  facet normal 1.645670e-01 6.141723e-01 7.718226e-01
    outer loop
      vertex   4.436928e+01 7.345146e+01 1.721066e+01
      vertex   4.402495e+01 7.330930e+01 1.739720e+01
      vertex   4.429154e+01 7.323787e+01 1.739720e+01
    endloop
  endfacet
  facet normal 2.687167e-01 5.762649e-01 7.718226e-01
    outer loop
      vertex   4.436928e+01 7.345146e+01 1.721066e+01
      vertex   4.429154e+01 7.323787e+01 1.739720e+01
      vertex   4.465533e+01 7.331808e+01 1.721066e+01
    endloop
  endfacet
  facet normal 2.687167e-01 5.762649e-01 7.718226e-01
    outer loop
      vertex   4.465533e+01 7.331808e+01 1.721066e+01
      vertex   4.429154e+01 7.323787e+01 1.739720e+01
      vertex   4.454168e+01 7.312123e+01 1.739720e+01
    endloop
  endfacet
  facet normal 3.647017e-01 5.208480e-01 7.718226e-01
    outer loop
      vertex   4.465533e+01 7.331808e+01 1.721066e+01
      vertex   4.454168e+01 7.312123e+01 1.739720e+01
      vertex   4.491387e+01 7.313705e+01 1.721066e+01
    endloop
  endfacet
  facet normal 3.647017e-01 5.208480e-01 7.718226e-01
    outer loop
      vertex   4.491387e+01 7.313705e+01 1.721066e+01
      vertex   4.454168e+01 7.312123e+01 1.739720e+01
      vertex   4.476776e+01 7.296292e+01 1.739720e+01
    endloop
  endfacet
  facet normal 4.496053e-01 4.496053e-01 7.718226e-01
    outer loop
      vertex   4.491387e+01 7.313705e+01 1.721066e+01
      vertex   4.476776e+01 7.296292e+01 1.739720e+01
      vertex   4.513705e+01 7.291387e+01 1.721066e+01
    endloop
  endfacet
  facet normal 4.496053e-01 4.496053e-01 7.718226e-01
    outer loop
      vertex   4.513705e+01 7.291387e+01 1.721066e+01
      vertex   4.476776e+01 7.296292e+01 1.739720e+01
      vertex   4.496292e+01 7.276776e+01 1.739720e+01
    endloop
  endfacet
  facet normal 4.120684e-02 4.709964e-01 8.811722e-01
    outer loop
      vertex   4.375000e+01 7.333336e+01 1.739720e+01
      vertex   4.375000e+01 7.307403e+01 1.753582e+01
      vertex   4.402495e+01 7.330930e+01 1.739720e+01
    endloop
  endfacet
  facet normal 4.120684e-02 4.709964e-01 8.811722e-01
    outer loop
      vertex   4.402495e+01 7.330930e+01 1.739720e+01
      vertex   4.375000e+01 7.307403e+01 1.753582e+01
      vertex   4.397991e+01 7.305391e+01 1.753582e+01
    endloop
  endfacet
  facet normal 1.223685e-01 4.566854e-01 8.811722e-01
    outer loop
      vertex   4.402495e+01 7.330930e+01 1.739720e+01
      vertex   4.397991e+01 7.305391e+01 1.753582e+01
      vertex   4.429154e+01 7.323787e+01 1.739720e+01
    endloop
  endfacet
  facet normal 1.223685e-01 4.566854e-01 8.811722e-01
    outer loop
      vertex   4.429154e+01 7.323787e+01 1.739720e+01
      vertex   4.397991e+01 7.305391e+01 1.753582e+01
      vertex   4.420284e+01 7.299418e+01 1.753582e+01
    endloop
  endfacet
  facet normal 1.998120e-01 4.284982e-01 8.811722e-01
    outer loop
      vertex   4.429154e+01 7.323787e+01 1.739720e+01
      vertex   4.420284e+01 7.299418e+01 1.753582e+01
      vertex   4.454168e+01 7.312123e+01 1.739720e+01
    endloop
  endfacet
  facet normal 1.998120e-01 4.284982e-01 8.811722e-01
    outer loop
      vertex   4.454168e+01 7.312123e+01 1.739720e+01
      vertex   4.420284e+01 7.299418e+01 1.753582e+01
      vertex   4.441201e+01 7.289664e+01 1.753582e+01
    endloop
  endfacet
  facet normal 2.711843e-01 3.872914e-01 8.811722e-01
    outer loop
      vertex   4.454168e+01 7.312123e+01 1.739720e+01
      vertex   4.441201e+01 7.289664e+01 1.753582e+01
      vertex   4.476776e+01 7.296292e+01 1.739720e+01
    endloop
  endfacet
  facet normal 2.711843e-01 3.872914e-01 8.811722e-01
    outer loop
      vertex   4.476776e+01 7.296292e+01 1.739720e+01
      vertex   4.441201e+01 7.289664e+01 1.753582e+01
      vertex   4.460107e+01 7.276426e+01 1.753582e+01
    endloop
  endfacet
  facet normal 3.343169e-01 3.343169e-01 8.811722e-01
    outer loop
      vertex   4.476776e+01 7.296292e+01 1.739720e+01
      vertex   4.460107e+01 7.276426e+01 1.753582e+01
      vertex   4.496292e+01 7.276776e+01 1.739720e+01
    endloop
  endfacet
  facet normal 3.343169e-01 3.343169e-01 8.811722e-01
    outer loop
      vertex   4.496292e+01 7.276776e+01 1.739720e+01
      vertex   4.460107e+01 7.276426e+01 1.753582e+01
      vertex   4.476426e+01 7.260107e+01 1.753582e+01
    endloop
  endfacet
  facet normal 2.538843e-02 2.901911e-01 9.566319e-01
    outer loop
      vertex   4.375000e+01 7.307403e+01 1.753582e+01
      vertex   4.375000e+01 7.279264e+01 1.762118e+01
      vertex   4.397991e+01 7.305391e+01 1.753582e+01
    endloop
  endfacet
  facet normal 2.538843e-02 2.901911e-01 9.566319e-01
    outer loop
      vertex   4.397991e+01 7.305391e+01 1.753582e+01
      vertex   4.375000e+01 7.279264e+01 1.762118e+01
      vertex   4.393105e+01 7.277680e+01 1.762118e+01
    endloop
  endfacet
  facet normal 7.539388e-02 2.813738e-01 9.566319e-01
    outer loop
      vertex   4.397991e+01 7.305391e+01 1.753582e+01
      vertex   4.393105e+01 7.277680e+01 1.762118e+01
      vertex   4.420284e+01 7.299418e+01 1.753582e+01
    endloop
  endfacet
  facet normal 7.539388e-02 2.813738e-01 9.566319e-01
    outer loop
      vertex   4.420284e+01 7.299418e+01 1.753582e+01
      vertex   4.393105e+01 7.277680e+01 1.762118e+01
      vertex   4.410660e+01 7.272976e+01 1.762118e+01
    endloop
  endfacet
  facet normal 1.231085e-01 2.640071e-01 9.566319e-01
    outer loop
      vertex   4.420284e+01 7.299418e+01 1.753582e+01
      vertex   4.410660e+01 7.272976e+01 1.762118e+01
      vertex   4.441201e+01 7.289664e+01 1.753582e+01
    endloop
  endfacet
  facet normal 1.231085e-01 2.640071e-01 9.566319e-01
    outer loop
      vertex   4.441201e+01 7.289664e+01 1.753582e+01
      vertex   4.410660e+01 7.272976e+01 1.762118e+01
      vertex   4.427132e+01 7.265295e+01 1.762118e+01
    endloop
  endfacet
  facet normal 1.670826e-01 2.386187e-01 9.566319e-01
    outer loop
      vertex   4.441201e+01 7.289664e+01 1.753582e+01
      vertex   4.427132e+01 7.265295e+01 1.762118e+01
      vertex   4.460107e+01 7.276426e+01 1.753582e+01
    endloop
  endfacet
  facet normal 1.670826e-01 2.386187e-01 9.566319e-01
    outer loop
      vertex   4.460107e+01 7.276426e+01 1.753582e+01
      vertex   4.427132e+01 7.265295e+01 1.762118e+01
      vertex   4.442019e+01 7.254871e+01 1.762118e+01
    endloop
  endfacet
  facet normal 2.059799e-01 2.059799e-01 9.566319e-01
    outer loop
      vertex   4.460107e+01 7.276426e+01 1.753582e+01
      vertex   4.442019e+01 7.254871e+01 1.762118e+01
      vertex   4.476426e+01 7.260107e+01 1.753582e+01
    endloop
  endfacet
  facet normal 2.059799e-01 2.059799e-01 9.566319e-01
    outer loop
      vertex   4.476426e+01 7.260107e+01 1.753582e+01
      vertex   4.442019e+01 7.254871e+01 1.762118e+01
      vertex   4.454871e+01 7.242019e+01 1.762118e+01
    endloop
  endfacet
  facet normal 8.575073e-03 9.801354e-02 9.951481e-01
    outer loop
      vertex   4.375000e+01 7.279264e+01 1.762118e+01
      vertex   4.375000e+01 7.250000e+01 1.765000e+01
      vertex   4.393105e+01 7.277680e+01 1.762118e+01
    endloop
  endfacet
  facet normal 1.256316e-02 9.542670e-02 9.953572e-01
    outer loop
      vertex   4.393105e+01 7.277680e+01 1.762118e+01
      vertex   4.375000e+01 7.250000e+01 1.765000e+01
      vertex   4.394411e+01 7.247444e+01 1.765000e+01
    endloop
  endfacet
  facet normal 2.571396e-02 9.596580e-02 9.950524e-01
    outer loop
      vertex   4.393105e+01 7.277680e+01 1.762118e+01
      vertex   4.394411e+01 7.247444e+01 1.765000e+01
      vertex   4.410660e+01 7.272976e+01 1.762118e+01
    endloop
  endfacet
  facet normal 3.683333e-02 8.892353e-02 9.953572e-01
    outer loop
      vertex   4.410660e+01 7.272976e+01 1.762118e+01
      vertex   4.394411e+01 7.247444e+01 1.765000e+01
      vertex   4.412500e+01 7.239952e+01 1.765000e+01
    endloop
  endfacet
  facet normal 4.158054e-02 8.916975e-02 9.951481e-01
    outer loop
      vertex   4.410660e+01 7.272976e+01 1.762118e+01
      vertex   4.412500e+01 7.239952e+01 1.765000e+01
      vertex   4.427132e+01 7.265295e+01 1.762118e+01
    endloop
  endfacet
  facet normal 5.643300e-02 8.059468e-02 9.951481e-01
    outer loop
      vertex   4.427132e+01 7.265295e+01 1.762118e+01
      vertex   4.412500e+01 7.239952e+01 1.765000e+01
      vertex   4.442019e+01 7.254871e+01 1.762118e+01
    endloop
  endfacet
  facet normal 5.859337e-02 7.636036e-02 9.953572e-01
    outer loop
      vertex   4.412500e+01 7.239952e+01 1.765000e+01
      vertex   4.428033e+01 7.228033e+01 1.765000e+01
      vertex   4.442019e+01 7.254871e+01 1.762118e+01
    endloop
  endfacet
  facet normal 7.025184e-02 7.025184e-02 9.950524e-01
    outer loop
      vertex   4.442019e+01 7.254871e+01 1.762118e+01
      vertex   4.428033e+01 7.228033e+01 1.765000e+01
      vertex   4.454871e+01 7.242019e+01 1.762118e+01
    endloop
  endfacet
  facet normal 7.636036e-02 5.859337e-02 9.953572e-01
    outer loop
      vertex   4.428033e+01 7.228033e+01 1.765000e+01
      vertex   4.439952e+01 7.212500e+01 1.765000e+01
      vertex   4.454871e+01 7.242019e+01 1.762118e+01
    endloop
  endfacet
  facet normal 2.640071e-01 1.231085e-01 9.566319e-01
    outer loop
      vertex   4.489664e+01 7.241201e+01 1.753582e+01
      vertex   4.465295e+01 7.227132e+01 1.762118e+01
      vertex   4.499418e+01 7.220284e+01 1.753582e+01
    endloop
  endfacet
  facet normal 2.640071e-01 1.231085e-01 9.566319e-01
    outer loop
      vertex   4.499418e+01 7.220284e+01 1.753582e+01
      vertex   4.465295e+01 7.227132e+01 1.762118e+01
      vertex   4.472976e+01 7.210660e+01 1.762118e+01
    endloop
  endfacet
  facet normal 2.813738e-01 7.539388e-02 9.566319e-01
    outer loop
      vertex   4.499418e+01 7.220284e+01 1.753582e+01
      vertex   4.472976e+01 7.210660e+01 1.762118e+01
      vertex   4.505391e+01 7.197991e+01 1.753582e+01
    endloop
  endfacet
  facet normal 2.813738e-01 7.539388e-02 9.566319e-01
    outer loop
      vertex   4.505391e+01 7.197991e+01 1.753582e+01
      vertex   4.472976e+01 7.210660e+01 1.762118e+01
      vertex   4.477680e+01 7.193105e+01 1.762118e+01
    endloop
  endfacet
  facet normal 4.284982e-01 1.998120e-01 8.811722e-01
    outer loop
      vertex   4.512123e+01 7.254168e+01 1.739720e+01
      vertex   4.489664e+01 7.241201e+01 1.753582e+01
      vertex   4.523787e+01 7.229154e+01 1.739720e+01
    endloop
  endfacet
  facet normal 4.284982e-01 1.998120e-01 8.811722e-01
    outer loop
      vertex   4.523787e+01 7.229154e+01 1.739720e+01
      vertex   4.489664e+01 7.241201e+01 1.753582e+01
      vertex   4.499418e+01 7.220284e+01 1.753582e+01
    endloop
  endfacet
  facet normal 4.566854e-01 1.223685e-01 8.811722e-01
    outer loop
      vertex   4.523787e+01 7.229154e+01 1.739720e+01
      vertex   4.499418e+01 7.220284e+01 1.753582e+01
      vertex   4.530930e+01 7.202495e+01 1.739720e+01
    endloop
  endfacet
  facet normal 4.566854e-01 1.223685e-01 8.811722e-01
    outer loop
      vertex   4.530930e+01 7.202495e+01 1.739720e+01
      vertex   4.499418e+01 7.220284e+01 1.753582e+01
      vertex   4.505391e+01 7.197991e+01 1.753582e+01
    endloop
  endfacet
  facet normal 5.762649e-01 2.687167e-01 7.718226e-01
    outer loop
      vertex   4.531808e+01 7.265533e+01 1.721066e+01
      vertex   4.512123e+01 7.254168e+01 1.739720e+01
      vertex   4.545146e+01 7.236928e+01 1.721066e+01
    endloop
  endfacet
  facet normal 5.762649e-01 2.687167e-01 7.718226e-01
    outer loop
      vertex   4.545146e+01 7.236928e+01 1.721066e+01
      vertex   4.512123e+01 7.254168e+01 1.739720e+01
      vertex   4.523787e+01 7.229154e+01 1.739720e+01
    endloop
  endfacet
  facet normal 6.141723e-01 1.645670e-01 7.718226e-01
    outer loop
      vertex   4.545146e+01 7.236928e+01 1.721066e+01
      vertex   4.523787e+01 7.229154e+01 1.739720e+01
      vertex   4.553315e+01 7.206442e+01 1.721066e+01
    endloop
  endfacet
  facet normal 6.141723e-01 1.645670e-01 7.718226e-01
    outer loop
      vertex   4.553315e+01 7.206442e+01 1.721066e+01
      vertex   4.523787e+01 7.229154e+01 1.739720e+01
      vertex   4.530930e+01 7.202495e+01 1.739720e+01
    endloop
  endfacet
  facet normal 7.016587e-01 3.271888e-01 6.329475e-01
    outer loop
      vertex   4.547963e+01 7.274860e+01 1.698336e+01
      vertex   4.531808e+01 7.265533e+01 1.721066e+01
      vertex   4.562676e+01 7.243308e+01 1.698336e+01
    endloop
  endfacet
  facet normal 7.016587e-01 3.271888e-01 6.329475e-01
    outer loop
      vertex   4.562676e+01 7.243308e+01 1.698336e+01
      vertex   4.531808e+01 7.265533e+01 1.721066e+01
      vertex   4.545146e+01 7.236928e+01 1.721066e+01
    endloop
  endfacet
  facet normal 7.478147e-01 2.003763e-01 6.329475e-01
    outer loop
      vertex   4.562676e+01 7.243308e+01 1.698336e+01
      vertex   4.545146e+01 7.236928e+01 1.721066e+01
      vertex   4.571686e+01 7.209681e+01 1.698336e+01
    endloop
  endfacet
  facet normal 7.478147e-01 2.003763e-01 6.329475e-01
    outer loop
      vertex   4.571686e+01 7.209681e+01 1.698336e+01
      vertex   4.545146e+01 7.236928e+01 1.721066e+01
      vertex   4.553315e+01 7.206442e+01 1.721066e+01
    endloop
  endfacet
  facet normal 7.999676e-01 3.730310e-01 4.699998e-01
    outer loop
      vertex   4.559967e+01 7.281791e+01 1.672403e+01
      vertex   4.547963e+01 7.274860e+01 1.698336e+01
      vertex   4.575701e+01 7.248049e+01 1.672403e+01
    endloop
  endfacet
  facet normal 7.999676e-01 3.730310e-01 4.699998e-01
    outer loop
      vertex   4.575701e+01 7.248049e+01 1.672403e+01
      vertex   4.547963e+01 7.274860e+01 1.698336e+01
      vertex   4.562676e+01 7.243308e+01 1.698336e+01
    endloop
  endfacet
  facet normal 8.525904e-01 2.284509e-01 4.699998e-01
    outer loop
      vertex   4.575701e+01 7.248049e+01 1.672403e+01
      vertex   4.562676e+01 7.243308e+01 1.698336e+01
      vertex   4.585337e+01 7.212088e+01 1.672403e+01
    endloop
  endfacet
  facet normal 8.525904e-01 2.284509e-01 4.699998e-01
    outer loop
      vertex   4.585337e+01 7.212088e+01 1.672403e+01
      vertex   4.562676e+01 7.243308e+01 1.698336e+01
      vertex   4.571686e+01 7.209681e+01 1.698336e+01
    endloop
  endfacet
  facet normal 8.675602e-01 4.045500e-01 2.892727e-01
    outer loop
      vertex   4.567360e+01 7.286059e+01 1.644264e+01
      vertex   4.559967e+01 7.281791e+01 1.672403e+01
      vertex   4.583722e+01 7.250969e+01 1.644264e+01
    endloop
  endfacet
  facet normal 8.675602e-01 4.045500e-01 2.892727e-01
    outer loop
      vertex   4.583722e+01 7.250969e+01 1.644264e+01
      vertex   4.559967e+01 7.281791e+01 1.672403e+01
      vertex   4.575701e+01 7.248049e+01 1.672403e+01
    endloop
  endfacet
  facet normal 9.246294e-01 2.477537e-01 2.892727e-01
    outer loop
      vertex   4.583722e+01 7.250969e+01 1.644264e+01
      vertex   4.575701e+01 7.248049e+01 1.672403e+01
      vertex   4.593743e+01 7.213570e+01 1.644264e+01
    endloop
  endfacet
  facet normal 9.246294e-01 2.477537e-01 2.892727e-01
    outer loop
      vertex   4.593743e+01 7.213570e+01 1.644264e+01
      vertex   4.575701e+01 7.248049e+01 1.672403e+01
      vertex   4.585337e+01 7.212088e+01 1.672403e+01
    endloop
  endfacet
  facet normal -0.000000e+00 9.951847e-01 9.801714e-02
    outer loop
      vertex   2.250000e+00 7.397118e+01 1.644264e+01
      vertex   8.178571e+00 7.397118e+01 1.644264e+01
      vertex   2.250000e+00 7.400000e+01 1.615000e+01
    endloop
  endfacet
  facet normal -2.646768e-19 9.951847e-01 9.801714e-02
    outer loop
      vertex   2.250000e+00 7.400000e+01 1.615000e+01
      vertex   8.178571e+00 7.397118e+01 1.644264e+01
      vertex   1.410714e+01 7.397118e+01 1.644264e+01
    endloop
  endfacet
  facet normal -2.646768e-19 9.951847e-01 9.801714e-02
    outer loop
      vertex   2.250000e+00 7.400000e+01 1.615000e+01
      vertex   1.410714e+01 7.397118e+01 1.644264e+01
      vertex   2.003571e+01 7.397118e+01 1.644264e+01
    endloop
  endfacet
  facet normal 0.000000e+00 9.569403e-01 2.902847e-01
    outer loop
      vertex   2.003571e+01 7.397118e+01 1.644264e+01
      vertex   1.410714e+01 7.397118e+01 1.644264e+01
      vertex   2.003571e+01 7.388582e+01 1.672403e+01
    endloop
  endfacet
  facet normal 8.528939e-19 9.569403e-01 2.902847e-01
    outer loop
      vertex   2.003571e+01 7.397118e+01 1.644264e+01
      vertex   2.003571e+01 7.388582e+01 1.672403e+01
      vertex   2.596429e+01 7.388582e+01 1.672403e+01
    endloop
  endfacet
  facet normal 0.000000e+00 8.819213e-01 4.713967e-01
    outer loop
      vertex   2.596429e+01 7.388582e+01 1.672403e+01
      vertex   2.003571e+01 7.388582e+01 1.672403e+01
      vertex   2.596429e+01 7.374720e+01 1.698336e+01
    endloop
  endfacet
  facet normal 1.411948e-18 8.819213e-01 4.713967e-01
    outer loop
      vertex   2.596429e+01 7.388582e+01 1.672403e+01
      vertex   2.596429e+01 7.374720e+01 1.698336e+01
      vertex   3.189286e+01 7.374720e+01 1.698336e+01
    endloop
  endfacet
  facet normal 0.000000e+00 7.730105e-01 6.343933e-01
    outer loop
      vertex   3.189286e+01 7.374720e+01 1.698336e+01
      vertex   2.596429e+01 7.374720e+01 1.698336e+01
      vertex   3.189286e+01 7.356066e+01 1.721066e+01
    endloop
  endfacet
  facet normal 8.957675e-19 7.730105e-01 6.343933e-01
    outer loop
      vertex   3.189286e+01 7.374720e+01 1.698336e+01
      vertex   3.189286e+01 7.356066e+01 1.721066e+01
      vertex   3.782143e+01 7.356066e+01 1.721066e+01
    endloop
  endfacet
  facet normal 0.000000e+00 6.343933e-01 7.730105e-01
    outer loop
      vertex   3.782143e+01 7.356066e+01 1.721066e+01
      vertex   3.189286e+01 7.356066e+01 1.721066e+01
      vertex   3.782143e+01 7.333336e+01 1.739720e+01
    endloop
  endfacet
  facet normal 1.680706e-19 6.343933e-01 7.730105e-01
    outer loop
      vertex   3.782143e+01 7.356066e+01 1.721066e+01
      vertex   3.782143e+01 7.333336e+01 1.739720e+01
      vertex   4.375000e+01 7.333336e+01 1.739720e+01
    endloop
  endfacet
  facet normal 0.000000e+00 4.713967e-01 8.819213e-01
    outer loop
      vertex   4.375000e+01 7.333336e+01 1.739720e+01
      vertex   3.782143e+01 7.333336e+01 1.739720e+01
      vertex   4.375000e+01 7.307403e+01 1.753582e+01
    endloop
  endfacet
  facet normal -5.284939e-16 4.713967e-01 8.819213e-01
    outer loop
      vertex   4.375000e+01 7.307403e+01 1.753582e+01
      vertex   3.782143e+01 7.333336e+01 1.739720e+01
      vertex   3.782143e+01 7.307403e+01 1.753582e+01
    endloop
  endfacet
  facet normal -5.734493e-16 2.902847e-01 9.569403e-01
    outer loop
      vertex   4.375000e+01 7.307403e+01 1.753582e+01
      vertex   3.782143e+01 7.307403e+01 1.753582e+01
      vertex   4.375000e+01 7.279264e+01 1.762118e+01
    endloop
  endfacet
  facet normal -5.734493e-16 2.902847e-01 9.569403e-01
    outer loop
      vertex   4.375000e+01 7.279264e+01 1.762118e+01
      vertex   3.782143e+01 7.307403e+01 1.753582e+01
      vertex   3.782143e+01 7.279264e+01 1.762118e+01
    endloop
  endfacet
  facet normal -5.963673e-16 9.801714e-02 9.951847e-01
    outer loop
      vertex   4.375000e+01 7.279264e+01 1.762118e+01
      vertex   3.782143e+01 7.279264e+01 1.762118e+01
      vertex   4.375000e+01 7.250000e+01 1.765000e+01
    endloop
  endfacet
  facet normal -3.196421e-19 9.801714e-02 9.951847e-01
    outer loop
      vertex   4.375000e+01 7.250000e+01 1.765000e+01
      vertex   3.782143e+01 7.279264e+01 1.762118e+01
      vertex   3.189286e+01 7.279264e+01 1.762118e+01
    endloop
  endfacet
  facet normal -3.196421e-19 9.801714e-02 9.951847e-01
    outer loop
      vertex   4.375000e+01 7.250000e+01 1.765000e+01
      vertex   3.189286e+01 7.279264e+01 1.762118e+01
      vertex   2.596429e+01 7.279264e+01 1.762118e+01
    endloop
  endfacet
  facet normal -0.000000e+00 2.902847e-01 9.569403e-01
    outer loop
      vertex   2.596429e+01 7.279264e+01 1.762118e+01
      vertex   3.189286e+01 7.279264e+01 1.762118e+01
      vertex   2.596429e+01 7.307403e+01 1.753582e+01
    endloop
  endfacet
  facet normal 1.990086e-19 2.902847e-01 9.569403e-01
    outer loop
      vertex   2.596429e+01 7.279264e+01 1.762118e+01
      vertex   2.596429e+01 7.307403e+01 1.753582e+01
      vertex   2.003571e+01 7.307403e+01 1.753582e+01
    endloop
  endfacet
  facet normal -0.000000e+00 4.713967e-01 8.819213e-01
    outer loop
      vertex   2.003571e+01 7.307403e+01 1.753582e+01
      vertex   2.596429e+01 7.307403e+01 1.753582e+01
      vertex   2.003571e+01 7.333336e+01 1.739720e+01
    endloop
  endfacet
  facet normal 4.084386e-19 4.713967e-01 8.819213e-01
    outer loop
      vertex   2.003571e+01 7.307403e+01 1.753582e+01
      vertex   2.003571e+01 7.333336e+01 1.739720e+01
      vertex   1.410714e+01 7.333336e+01 1.739720e+01
    endloop
  endfacet
  facet normal -0.000000e+00 6.343933e-01 7.730105e-01
    outer loop
      vertex   1.410714e+01 7.333336e+01 1.739720e+01
      vertex   2.003571e+01 7.333336e+01 1.739720e+01
      vertex   1.410714e+01 7.356066e+01 1.721066e+01
    endloop
  endfacet
  facet normal 1.680706e-19 6.343933e-01 7.730105e-01
    outer loop
      vertex   1.410714e+01 7.333336e+01 1.739720e+01
      vertex   1.410714e+01 7.356066e+01 1.721066e+01
      vertex   8.178571e+00 7.356066e+01 1.721066e+01
    endloop
  endfacet
  facet normal -0.000000e+00 7.730105e-01 6.343933e-01
    outer loop
      vertex   8.178571e+00 7.356066e+01 1.721066e+01
      vertex   1.410714e+01 7.356066e+01 1.721066e+01
      vertex   8.178571e+00 7.374720e+01 1.698336e+01
    endloop
  endfacet
  facet normal 3.810578e-16 7.730105e-01 6.343933e-01
    outer loop
      vertex   8.178571e+00 7.356066e+01 1.721066e+01
      vertex   8.178571e+00 7.374720e+01 1.698336e+01
      vertex   2.250000e+00 7.374720e+01 1.698336e+01
    endloop
  endfacet
  facet normal 2.824859e-16 8.819213e-01 4.713967e-01
    outer loop
      vertex   2.250000e+00 7.374720e+01 1.698336e+01
      vertex   8.178571e+00 7.374720e+01 1.698336e+01
      vertex   2.250000e+00 7.388582e+01 1.672403e+01
    endloop
  endfacet
  facet normal 2.824859e-16 8.819213e-01 4.713967e-01
    outer loop
      vertex   2.250000e+00 7.388582e+01 1.672403e+01
      vertex   8.178571e+00 7.374720e+01 1.698336e+01
      vertex   8.178571e+00 7.388582e+01 1.672403e+01
    endloop
  endfacet
  facet normal 1.739539e-16 9.569403e-01 2.902847e-01
    outer loop
      vertex   2.250000e+00 7.388582e+01 1.672403e+01
      vertex   8.178571e+00 7.388582e+01 1.672403e+01
      vertex   2.250000e+00 7.397118e+01 1.644264e+01
    endloop
  endfacet
  facet normal -0.000000e+00 9.569403e-01 2.902847e-01
    outer loop
      vertex   2.250000e+00 7.397118e+01 1.644264e+01
      vertex   8.178571e+00 7.388582e+01 1.672403e+01
      vertex   8.178571e+00 7.397118e+01 1.644264e+01
    endloop
  endfacet
  facet normal 3.810578e-16 7.730105e-01 6.343933e-01
    outer loop
      vertex   2.250000e+00 7.374720e+01 1.698336e+01
      vertex   2.250000e+00 7.356066e+01 1.721066e+01
      vertex   8.178571e+00 7.356066e+01 1.721066e+01
    endloop
  endfacet
  facet normal 4.632288e-16 6.343933e-01 7.730105e-01
    outer loop
      vertex   8.178571e+00 7.356066e+01 1.721066e+01
      vertex   2.250000e+00 7.356066e+01 1.721066e+01
      vertex   8.178571e+00 7.333336e+01 1.739720e+01
    endloop
  endfacet
  facet normal 1.680706e-19 6.343933e-01 7.730105e-01
    outer loop
      vertex   8.178571e+00 7.356066e+01 1.721066e+01
      vertex   8.178571e+00 7.333336e+01 1.739720e+01
      vertex   1.410714e+01 7.333336e+01 1.739720e+01
    endloop
  endfacet
  facet normal 0.000000e+00 4.713967e-01 8.819213e-01
    outer loop
      vertex   1.410714e+01 7.333336e+01 1.739720e+01
      vertex   8.178571e+00 7.333336e+01 1.739720e+01
      vertex   1.410714e+01 7.307403e+01 1.753582e+01
    endloop
  endfacet
  facet normal 4.084386e-19 4.713967e-01 8.819213e-01
    outer loop
      vertex   1.410714e+01 7.333336e+01 1.739720e+01
      vertex   1.410714e+01 7.307403e+01 1.753582e+01
      vertex   2.003571e+01 7.307403e+01 1.753582e+01
    endloop
  endfacet
  facet normal 0.000000e+00 2.902847e-01 9.569403e-01
    outer loop
      vertex   2.003571e+01 7.307403e+01 1.753582e+01
      vertex   1.410714e+01 7.307403e+01 1.753582e+01
      vertex   2.003571e+01 7.279264e+01 1.762118e+01
    endloop
  endfacet
  facet normal 1.990086e-19 2.902847e-01 9.569403e-01
    outer loop
      vertex   2.003571e+01 7.307403e+01 1.753582e+01
      vertex   2.003571e+01 7.279264e+01 1.762118e+01
      vertex   2.596429e+01 7.279264e+01 1.762118e+01
    endloop
  endfacet
  facet normal 0.000000e+00 9.801714e-02 9.951847e-01
    outer loop
      vertex   2.596429e+01 7.279264e+01 1.762118e+01
      vertex   2.003571e+01 7.279264e+01 1.762118e+01
      vertex   4.375000e+01 7.250000e+01 1.765000e+01
    endloop
  endfacet
  facet normal 1.680863e-18 6.343933e-01 7.730105e-01
    outer loop
      vertex   2.250000e+00 7.356066e+01 1.721066e+01
      vertex   2.250000e+00 7.333336e+01 1.739720e+01
      vertex   8.178571e+00 7.333336e+01 1.739720e+01
    endloop
  endfacet
  facet normal 0.000000e+00 4.713967e-01 8.819213e-01
    outer loop
      vertex   8.178571e+00 7.333336e+01 1.739720e+01
      vertex   2.250000e+00 7.333336e+01 1.739720e+01
      vertex   8.178571e+00 7.307403e+01 1.753582e+01
    endloop
  endfacet
  facet normal 4.084386e-19 4.713967e-01 8.819213e-01
    outer loop
      vertex   8.178571e+00 7.333336e+01 1.739720e+01
      vertex   8.178571e+00 7.307403e+01 1.753582e+01
      vertex   1.410714e+01 7.307403e+01 1.753582e+01
    endloop
  endfacet
  facet normal 0.000000e+00 2.902847e-01 9.569403e-01
    outer loop
      vertex   1.410714e+01 7.307403e+01 1.753582e+01
      vertex   8.178571e+00 7.307403e+01 1.753582e+01
      vertex   1.410714e+01 7.279264e+01 1.762118e+01
    endloop
  endfacet
  facet normal 1.990086e-19 2.902847e-01 9.569403e-01
    outer loop
      vertex   1.410714e+01 7.307403e+01 1.753582e+01
      vertex   1.410714e+01 7.279264e+01 1.762118e+01
      vertex   2.003571e+01 7.279264e+01 1.762118e+01
    endloop
  endfacet
  facet normal 0.000000e+00 9.801714e-02 9.951847e-01
    outer loop
      vertex   2.003571e+01 7.279264e+01 1.762118e+01
      vertex   1.410714e+01 7.279264e+01 1.762118e+01
      vertex   2.250000e+00 7.250000e+01 1.765000e+01
    endloop
  endfacet
  facet normal -4.566316e-20 9.801714e-02 9.951847e-01
    outer loop
      vertex   2.003571e+01 7.279264e+01 1.762118e+01
      vertex   2.250000e+00 7.250000e+01 1.765000e+01
      vertex   4.375000e+01 7.250000e+01 1.765000e+01
    endloop
  endfacet
  facet normal 5.297897e-16 4.713967e-01 8.819213e-01
    outer loop
      vertex   2.250000e+00 7.333336e+01 1.739720e+01
      vertex   2.250000e+00 7.307403e+01 1.753582e+01
      vertex   8.178571e+00 7.307403e+01 1.753582e+01
    endloop
  endfacet
  facet normal 5.734493e-16 2.902847e-01 9.569403e-01
    outer loop
      vertex   8.178571e+00 7.307403e+01 1.753582e+01
      vertex   2.250000e+00 7.307403e+01 1.753582e+01
      vertex   8.178571e+00 7.279264e+01 1.762118e+01
    endloop
  endfacet
  facet normal 1.990086e-19 2.902847e-01 9.569403e-01
    outer loop
      vertex   8.178571e+00 7.307403e+01 1.753582e+01
      vertex   8.178571e+00 7.279264e+01 1.762118e+01
      vertex   1.410714e+01 7.279264e+01 1.762118e+01
    endloop
  endfacet
  facet normal 0.000000e+00 9.801714e-02 9.951847e-01
    outer loop
      vertex   1.410714e+01 7.279264e+01 1.762118e+01
      vertex   8.178571e+00 7.279264e+01 1.762118e+01
      vertex   2.250000e+00 7.250000e+01 1.765000e+01
    endloop
  endfacet
  facet normal 5.736483e-16 2.902847e-01 9.569403e-01
    outer loop
      vertex   2.250000e+00 7.307403e+01 1.753582e+01
      vertex   2.250000e+00 7.279264e+01 1.762118e+01
      vertex   8.178571e+00 7.279264e+01 1.762118e+01
    endloop
  endfacet
  facet normal 5.963673e-16 9.801714e-02 9.951847e-01
    outer loop
      vertex   8.178571e+00 7.279264e+01 1.762118e+01
      vertex   2.250000e+00 7.279264e+01 1.762118e+01
      vertex   2.250000e+00 7.250000e+01 1.765000e+01
    endloop
  endfacet
  facet normal -4.615479e-16 6.343933e-01 7.730105e-01
    outer loop
      vertex   4.375000e+01 7.333336e+01 1.739720e+01
      vertex   4.375000e+01 7.356066e+01 1.721066e+01
      vertex   3.782143e+01 7.356066e+01 1.721066e+01
    endloop
  endfacet
  facet normal -3.801620e-16 7.730105e-01 6.343933e-01
    outer loop
      vertex   3.782143e+01 7.356066e+01 1.721066e+01
      vertex   4.375000e+01 7.356066e+01 1.721066e+01
      vertex   3.782143e+01 7.374720e+01 1.698336e+01
    endloop
  endfacet
  facet normal 8.957675e-19 7.730105e-01 6.343933e-01
    outer loop
      vertex   3.782143e+01 7.356066e+01 1.721066e+01
      vertex   3.782143e+01 7.374720e+01 1.698336e+01
      vertex   3.189286e+01 7.374720e+01 1.698336e+01
    endloop
  endfacet
  facet normal -0.000000e+00 8.819213e-01 4.713967e-01
    outer loop
      vertex   3.189286e+01 7.374720e+01 1.698336e+01
      vertex   3.782143e+01 7.374720e+01 1.698336e+01
      vertex   3.189286e+01 7.388582e+01 1.672403e+01
    endloop
  endfacet
  facet normal 1.411948e-18 8.819213e-01 4.713967e-01
    outer loop
      vertex   3.189286e+01 7.374720e+01 1.698336e+01
      vertex   3.189286e+01 7.388582e+01 1.672403e+01
      vertex   2.596429e+01 7.388582e+01 1.672403e+01
    endloop
  endfacet
  facet normal -0.000000e+00 9.569403e-01 2.902847e-01
    outer loop
      vertex   2.596429e+01 7.388582e+01 1.672403e+01
      vertex   3.189286e+01 7.388582e+01 1.672403e+01
      vertex   2.596429e+01 7.397118e+01 1.644264e+01
    endloop
  endfacet
  facet normal 8.528939e-19 9.569403e-01 2.902847e-01
    outer loop
      vertex   2.596429e+01 7.388582e+01 1.672403e+01
      vertex   2.596429e+01 7.397118e+01 1.644264e+01
      vertex   2.003571e+01 7.397118e+01 1.644264e+01
    endloop
  endfacet
  facet normal -0.000000e+00 9.951847e-01 9.801714e-02
    outer loop
      vertex   2.003571e+01 7.397118e+01 1.644264e+01
      vertex   2.596429e+01 7.397118e+01 1.644264e+01
      vertex   2.250000e+00 7.400000e+01 1.615000e+01
    endloop
  endfacet
  facet normal -3.792663e-16 7.730105e-01 6.343933e-01
    outer loop
      vertex   4.375000e+01 7.356066e+01 1.721066e+01
      vertex   4.375000e+01 7.374720e+01 1.698336e+01
      vertex   3.782143e+01 7.374720e+01 1.698336e+01
    endloop
  endfacet
  facet normal -2.824859e-16 8.819213e-01 4.713967e-01
    outer loop
      vertex   3.782143e+01 7.374720e+01 1.698336e+01
      vertex   4.375000e+01 7.374720e+01 1.698336e+01
      vertex   3.782143e+01 7.388582e+01 1.672403e+01
    endloop
  endfacet
  facet normal 1.411948e-18 8.819213e-01 4.713967e-01
    outer loop
      vertex   3.782143e+01 7.374720e+01 1.698336e+01
      vertex   3.782143e+01 7.388582e+01 1.672403e+01
      vertex   3.189286e+01 7.388582e+01 1.672403e+01
    endloop
  endfacet
  facet normal -0.000000e+00 9.569403e-01 2.902847e-01
    outer loop
      vertex   3.189286e+01 7.388582e+01 1.672403e+01
      vertex   3.782143e+01 7.388582e+01 1.672403e+01
      vertex   3.189286e+01 7.397118e+01 1.644264e+01
    endloop
  endfacet
  facet normal 8.528939e-19 9.569403e-01 2.902847e-01
    outer loop
      vertex   3.189286e+01 7.388582e+01 1.672403e+01
      vertex   3.189286e+01 7.397118e+01 1.644264e+01
      vertex   2.596429e+01 7.397118e+01 1.644264e+01
    endloop
  endfacet
  facet normal -0.000000e+00 9.951847e-01 9.801714e-02
    outer loop
      vertex   2.596429e+01 7.397118e+01 1.644264e+01
      vertex   3.189286e+01 7.397118e+01 1.644264e+01
      vertex   4.375000e+01 7.400000e+01 1.615000e+01
    endloop
  endfacet
  facet normal -3.781098e-20 9.951847e-01 9.801714e-02
    outer loop
      vertex   2.596429e+01 7.397118e+01 1.644264e+01
      vertex   4.375000e+01 7.400000e+01 1.615000e+01
      vertex   2.250000e+00 7.400000e+01 1.615000e+01
    endloop
  endfacet
  facet normal -2.810739e-16 8.819213e-01 4.713967e-01
    outer loop
      vertex   4.375000e+01 7.374720e+01 1.698336e+01
      vertex   4.375000e+01 7.388582e+01 1.672403e+01
      vertex   3.782143e+01 7.388582e+01 1.672403e+01
    endloop
  endfacet
  facet normal -1.739539e-16 9.569403e-01 2.902847e-01
    outer loop
      vertex   3.782143e+01 7.388582e+01 1.672403e+01
      vertex   4.375000e+01 7.388582e+01 1.672403e+01
      vertex   3.782143e+01 7.397118e+01 1.644264e+01
    endloop
  endfacet
  facet normal 8.528939e-19 9.569403e-01 2.902847e-01
    outer loop
      vertex   3.782143e+01 7.388582e+01 1.672403e+01
      vertex   3.782143e+01 7.397118e+01 1.644264e+01
      vertex   3.189286e+01 7.397118e+01 1.644264e+01
    endloop
  endfacet
  facet normal -0.000000e+00 9.951847e-01 9.801714e-02
    outer loop
      vertex   3.189286e+01 7.397118e+01 1.644264e+01
      vertex   3.782143e+01 7.397118e+01 1.644264e+01
      vertex   4.375000e+01 7.400000e+01 1.615000e+01
    endloop
  endfacet
  facet normal 4.244550e-20 9.569403e-01 2.902847e-01
    outer loop
      vertex   4.375000e+01 7.388582e+01 1.672403e+01
      vertex   4.375000e+01 7.397118e+01 1.644264e+01
      vertex   3.782143e+01 7.397118e+01 1.644264e+01
    endloop
  endfacet
  facet normal -0.000000e+00 9.951847e-01 9.801714e-02
    outer loop
      vertex   3.782143e+01 7.397118e+01 1.644264e+01
      vertex   4.375000e+01 7.397118e+01 1.644264e+01
      vertex   4.375000e+01 7.400000e+01 1.615000e+01
    endloop
  endfacet
  facet normal 0.000000e+00 9.569403e-01 2.902847e-01
    outer loop
      vertex   1.410714e+01 7.397118e+01 1.644264e+01
      vertex   8.178571e+00 7.397118e+01 1.644264e+01
      vertex   1.410714e+01 7.388582e+01 1.672403e+01
    endloop
  endfacet
  facet normal 0.000000e+00 9.569403e-01 2.902847e-01
    outer loop
      vertex   1.410714e+01 7.388582e+01 1.672403e+01
      vertex   8.178571e+00 7.397118e+01 1.644264e+01
      vertex   8.178571e+00 7.388582e+01 1.672403e+01
    endloop
  endfacet
  facet normal 0.000000e+00 8.819213e-01 4.713967e-01
    outer loop
      vertex   1.410714e+01 7.388582e+01 1.672403e+01
      vertex   8.178571e+00 7.388582e+01 1.672403e+01
      vertex   1.410714e+01 7.374720e+01 1.698336e+01
    endloop
  endfacet
  facet normal 0.000000e+00 8.819213e-01 4.713967e-01
    outer loop
      vertex   1.410714e+01 7.374720e+01 1.698336e+01
      vertex   8.178571e+00 7.388582e+01 1.672403e+01
      vertex   8.178571e+00 7.374720e+01 1.698336e+01
    endloop
  endfacet
  facet normal 0.000000e+00 7.730105e-01 6.343933e-01
    outer loop
      vertex   1.410714e+01 7.374720e+01 1.698336e+01
      vertex   8.178571e+00 7.374720e+01 1.698336e+01
      vertex   1.410714e+01 7.356066e+01 1.721066e+01
    endloop
  endfacet
  facet normal 8.528939e-19 9.569403e-01 2.902847e-01
    outer loop
      vertex   1.410714e+01 7.397118e+01 1.644264e+01
      vertex   1.410714e+01 7.388582e+01 1.672403e+01
      vertex   2.003571e+01 7.388582e+01 1.672403e+01
    endloop
  endfacet
  facet normal 0.000000e+00 8.819213e-01 4.713967e-01
    outer loop
      vertex   2.003571e+01 7.388582e+01 1.672403e+01
      vertex   1.410714e+01 7.388582e+01 1.672403e+01
      vertex   2.003571e+01 7.374720e+01 1.698336e+01
    endloop
  endfacet
  facet normal 1.411948e-18 8.819213e-01 4.713967e-01
    outer loop
      vertex   2.003571e+01 7.388582e+01 1.672403e+01
      vertex   2.003571e+01 7.374720e+01 1.698336e+01
      vertex   2.596429e+01 7.374720e+01 1.698336e+01
    endloop
  endfacet
  facet normal 0.000000e+00 7.730105e-01 6.343933e-01
    outer loop
      vertex   2.596429e+01 7.374720e+01 1.698336e+01
      vertex   2.003571e+01 7.374720e+01 1.698336e+01
      vertex   2.596429e+01 7.356066e+01 1.721066e+01
    endloop
  endfacet
  facet normal 8.957675e-19 7.730105e-01 6.343933e-01
    outer loop
      vertex   2.596429e+01 7.374720e+01 1.698336e+01
      vertex   2.596429e+01 7.356066e+01 1.721066e+01
      vertex   3.189286e+01 7.356066e+01 1.721066e+01
    endloop
  endfacet
  facet normal 0.000000e+00 6.343933e-01 7.730105e-01
    outer loop
      vertex   3.189286e+01 7.356066e+01 1.721066e+01
      vertex   2.596429e+01 7.356066e+01 1.721066e+01
      vertex   3.189286e+01 7.333336e+01 1.739720e+01
    endloop
  endfacet
  facet normal 1.680706e-19 6.343933e-01 7.730105e-01
    outer loop
      vertex   3.189286e+01 7.356066e+01 1.721066e+01
      vertex   3.189286e+01 7.333336e+01 1.739720e+01
      vertex   3.782143e+01 7.333336e+01 1.739720e+01
    endloop
  endfacet
  facet normal 0.000000e+00 4.713967e-01 8.819213e-01
    outer loop
      vertex   3.782143e+01 7.333336e+01 1.739720e+01
      vertex   3.189286e+01 7.333336e+01 1.739720e+01
      vertex   3.782143e+01 7.307403e+01 1.753582e+01
    endloop
  endfacet
  facet normal 0.000000e+00 8.819213e-01 4.713967e-01
    outer loop
      vertex   2.003571e+01 7.374720e+01 1.698336e+01
      vertex   1.410714e+01 7.388582e+01 1.672403e+01
      vertex   1.410714e+01 7.374720e+01 1.698336e+01
    endloop
  endfacet
  facet normal 0.000000e+00 7.730105e-01 6.343933e-01
    outer loop
      vertex   2.003571e+01 7.374720e+01 1.698336e+01
      vertex   1.410714e+01 7.374720e+01 1.698336e+01
      vertex   2.003571e+01 7.356066e+01 1.721066e+01
    endloop
  endfacet
  facet normal 0.000000e+00 7.730105e-01 6.343933e-01
    outer loop
      vertex   2.003571e+01 7.356066e+01 1.721066e+01
      vertex   1.410714e+01 7.374720e+01 1.698336e+01
      vertex   1.410714e+01 7.356066e+01 1.721066e+01
    endloop
  endfacet
  facet normal 0.000000e+00 6.343933e-01 7.730105e-01
    outer loop
      vertex   2.003571e+01 7.356066e+01 1.721066e+01
      vertex   1.410714e+01 7.356066e+01 1.721066e+01
      vertex   2.003571e+01 7.333336e+01 1.739720e+01
    endloop
  endfacet
  facet normal 8.957675e-19 7.730105e-01 6.343933e-01
    outer loop
      vertex   2.003571e+01 7.374720e+01 1.698336e+01
      vertex   2.003571e+01 7.356066e+01 1.721066e+01
      vertex   2.596429e+01 7.356066e+01 1.721066e+01
    endloop
  endfacet
  facet normal 0.000000e+00 6.343933e-01 7.730105e-01
    outer loop
      vertex   2.596429e+01 7.356066e+01 1.721066e+01
      vertex   2.003571e+01 7.356066e+01 1.721066e+01
      vertex   2.596429e+01 7.333336e+01 1.739720e+01
    endloop
  endfacet
  facet normal 1.680706e-19 6.343933e-01 7.730105e-01
    outer loop
      vertex   2.596429e+01 7.356066e+01 1.721066e+01
      vertex   2.596429e+01 7.333336e+01 1.739720e+01
      vertex   3.189286e+01 7.333336e+01 1.739720e+01
    endloop
  endfacet
  facet normal 0.000000e+00 4.713967e-01 8.819213e-01
    outer loop
      vertex   3.189286e+01 7.333336e+01 1.739720e+01
      vertex   2.596429e+01 7.333336e+01 1.739720e+01
      vertex   3.189286e+01 7.307403e+01 1.753582e+01
    endloop
  endfacet
  facet normal 4.084386e-19 4.713967e-01 8.819213e-01
    outer loop
      vertex   3.189286e+01 7.333336e+01 1.739720e+01
      vertex   3.189286e+01 7.307403e+01 1.753582e+01
      vertex   3.782143e+01 7.307403e+01 1.753582e+01
    endloop
  endfacet
  facet normal 0.000000e+00 2.902847e-01 9.569403e-01
    outer loop
      vertex   3.782143e+01 7.307403e+01 1.753582e+01
      vertex   3.189286e+01 7.307403e+01 1.753582e+01
      vertex   3.782143e+01 7.279264e+01 1.762118e+01
    endloop
  endfacet
  facet normal 0.000000e+00 6.343933e-01 7.730105e-01
    outer loop
      vertex   2.596429e+01 7.333336e+01 1.739720e+01
      vertex   2.003571e+01 7.356066e+01 1.721066e+01
      vertex   2.003571e+01 7.333336e+01 1.739720e+01
    endloop
  endfacet
  facet normal 0.000000e+00 4.713967e-01 8.819213e-01
    outer loop
      vertex   3.189286e+01 7.307403e+01 1.753582e+01
      vertex   2.596429e+01 7.333336e+01 1.739720e+01
      vertex   2.596429e+01 7.307403e+01 1.753582e+01
    endloop
  endfacet
  facet normal 4.084386e-19 4.713967e-01 8.819213e-01
    outer loop
      vertex   2.596429e+01 7.307403e+01 1.753582e+01
      vertex   2.596429e+01 7.333336e+01 1.739720e+01
      vertex   2.003571e+01 7.333336e+01 1.739720e+01
    endloop
  endfacet
  facet normal 0.000000e+00 2.902847e-01 9.569403e-01
    outer loop
      vertex   3.782143e+01 7.279264e+01 1.762118e+01
      vertex   3.189286e+01 7.307403e+01 1.753582e+01
      vertex   3.189286e+01 7.279264e+01 1.762118e+01
    endloop
  endfacet
  facet normal 1.990086e-19 2.902847e-01 9.569403e-01
    outer loop
      vertex   3.189286e+01 7.279264e+01 1.762118e+01
      vertex   3.189286e+01 7.307403e+01 1.753582e+01
      vertex   2.596429e+01 7.307403e+01 1.753582e+01
    endloop
  endfacet
  facet normal -9.914339e-01 8.673923e-02 9.764772e-02
    outer loop
      vertex   6.106227e-15 7.175000e+01 1.615000e+01
      vertex   2.882208e-02 7.175000e+01 1.644264e+01
      vertex   3.418256e-02 7.214071e+01 1.615000e+01
    endloop
  endfacet
  facet normal -9.914339e-01 8.673923e-02 9.764772e-02
    outer loop
      vertex   3.418256e-02 7.214071e+01 1.615000e+01
      vertex   2.882208e-02 7.175000e+01 1.644264e+01
      vertex   6.256676e-02 7.213570e+01 1.644264e+01
    endloop
  endfacet
  facet normal -9.613097e-01 2.575822e-01 9.764772e-02
    outer loop
      vertex   3.418256e-02 7.214071e+01 1.615000e+01
      vertex   6.256676e-02 7.213570e+01 1.644264e+01
      vertex   1.356916e-01 7.251955e+01 1.615000e+01
    endloop
  endfacet
  facet normal -9.613097e-01 2.575822e-01 9.764772e-02
    outer loop
      vertex   1.356916e-01 7.251955e+01 1.615000e+01
      vertex   6.256676e-02 7.213570e+01 1.644264e+01
      vertex   1.627755e-01 7.250969e+01 1.644264e+01
    endloop
  endfacet
  facet normal -9.019766e-01 4.205986e-01 9.764772e-02
    outer loop
      vertex   1.356916e-01 7.251955e+01 1.615000e+01
      vertex   1.627755e-01 7.250969e+01 1.644264e+01
      vertex   3.014428e-01 7.287500e+01 1.615000e+01
    endloop
  endfacet
  facet normal -9.019766e-01 4.205986e-01 9.764772e-02
    outer loop
      vertex   3.014428e-01 7.287500e+01 1.615000e+01
      vertex   1.627755e-01 7.250969e+01 1.644264e+01
      vertex   3.264035e-01 7.286059e+01 1.644264e+01
    endloop
  endfacet
  facet normal -8.152374e-01 5.708353e-01 9.764772e-02
    outer loop
      vertex   3.014428e-01 7.287500e+01 1.615000e+01
      vertex   3.264035e-01 7.286059e+01 1.644264e+01
      vertex   5.264000e-01 7.319627e+01 1.615000e+01
    endloop
  endfacet
  facet normal -8.152374e-01 5.708353e-01 9.764772e-02
    outer loop
      vertex   5.264000e-01 7.319627e+01 1.615000e+01
      vertex   3.264035e-01 7.286059e+01 1.644264e+01
      vertex   5.484790e-01 7.317775e+01 1.644264e+01
    endloop
  endfacet
  facet normal -7.037275e-01 7.037275e-01 9.764772e-02
    outer loop
      vertex   5.264000e-01 7.319627e+01 1.615000e+01
      vertex   5.484790e-01 7.317775e+01 1.644264e+01
      vertex   8.037279e-01 7.347360e+01 1.615000e+01
    endloop
  endfacet
  facet normal -7.037275e-01 7.037275e-01 9.764772e-02
    outer loop
      vertex   8.037279e-01 7.347360e+01 1.615000e+01
      vertex   5.484790e-01 7.317775e+01 1.644264e+01
      vertex   8.222544e-01 7.345152e+01 1.644264e+01
    endloop
  endfacet
  facet normal -5.708353e-01 8.152374e-01 9.764772e-02
    outer loop
      vertex   8.037279e-01 7.347360e+01 1.615000e+01
      vertex   8.222544e-01 7.345152e+01 1.644264e+01
      vertex   1.125000e+00 7.369856e+01 1.615000e+01
    endloop
  endfacet
  facet normal -5.708353e-01 8.152374e-01 9.764772e-02
    outer loop
      vertex   1.125000e+00 7.369856e+01 1.615000e+01
      vertex   8.222544e-01 7.345152e+01 1.644264e+01
      vertex   1.139411e+00 7.367360e+01 1.644264e+01
    endloop
  endfacet
  facet normal -4.205986e-01 9.019766e-01 9.764772e-02
    outer loop
      vertex   1.125000e+00 7.369856e+01 1.615000e+01
      vertex   1.139411e+00 7.367360e+01 1.644264e+01
      vertex   1.480455e+00 7.386431e+01 1.615000e+01
    endloop
  endfacet
  facet normal -4.205986e-01 9.019766e-01 9.764772e-02
    outer loop
      vertex   1.480455e+00 7.386431e+01 1.615000e+01
      vertex   1.139411e+00 7.367360e+01 1.644264e+01
      vertex   1.490312e+00 7.383722e+01 1.644264e+01
    endloop
  endfacet
  facet normal -2.575822e-01 9.613097e-01 9.764772e-02
    outer loop
      vertex   1.480455e+00 7.386431e+01 1.615000e+01
      vertex   1.490312e+00 7.383722e+01 1.644264e+01
      vertex   1.859292e+00 7.396582e+01 1.615000e+01
    endloop
  endfacet
  facet normal -2.575822e-01 9.613097e-01 9.764772e-02
    outer loop
      vertex   1.859292e+00 7.396582e+01 1.615000e+01
      vertex   1.490312e+00 7.383722e+01 1.644264e+01
      vertex   1.864297e+00 7.393743e+01 1.644264e+01
    endloop
  endfacet
  facet normal -8.673923e-02 9.914339e-01 9.764772e-02
    outer loop
      vertex   1.859292e+00 7.396582e+01 1.615000e+01
      vertex   1.864297e+00 7.393743e+01 1.644264e+01
      vertex   2.250000e+00 7.400000e+01 1.615000e+01
    endloop
  endfacet
  facet normal -8.673923e-02 9.914339e-01 9.764772e-02
    outer loop
      vertex   2.250000e+00 7.400000e+01 1.615000e+01
      vertex   1.864297e+00 7.393743e+01 1.644264e+01
      vertex   2.250000e+00 7.397118e+01 1.644264e+01
    endloop
  endfacet
  facet normal -8.342955e-02 9.536041e-01 2.892727e-01
    outer loop
      vertex   2.250000e+00 7.397118e+01 1.644264e+01
      vertex   1.864297e+00 7.393743e+01 1.644264e+01
      vertex   1.879119e+00 7.385337e+01 1.672403e+01
    endloop
  endfacet
  facet normal -8.342955e-02 9.536041e-01 2.892727e-01
    outer loop
      vertex   2.250000e+00 7.397118e+01 1.644264e+01
      vertex   1.879119e+00 7.385337e+01 1.672403e+01
      vertex   2.250000e+00 7.388582e+01 1.672403e+01
    endloop
  endfacet
  facet normal -7.692946e-02 8.793077e-01 4.699998e-01
    outer loop
      vertex   2.250000e+00 7.388582e+01 1.672403e+01
      vertex   1.879119e+00 7.385337e+01 1.672403e+01
      vertex   1.903189e+00 7.371686e+01 1.698336e+01
    endloop
  endfacet
  facet normal -7.692946e-02 8.793077e-01 4.699998e-01
    outer loop
      vertex   2.250000e+00 7.388582e+01 1.672403e+01
      vertex   1.903189e+00 7.371686e+01 1.698336e+01
      vertex   2.250000e+00 7.374720e+01 1.698336e+01
    endloop
  endfacet
  facet normal -6.747552e-02 7.712487e-01 6.329475e-01
    outer loop
      vertex   2.250000e+00 7.374720e+01 1.698336e+01
      vertex   1.903189e+00 7.371686e+01 1.698336e+01
      vertex   1.935582e+00 7.353315e+01 1.721066e+01
    endloop
  endfacet
  facet normal -6.747552e-02 7.712487e-01 6.329475e-01
    outer loop
      vertex   2.250000e+00 7.374720e+01 1.698336e+01
      vertex   1.935582e+00 7.353315e+01 1.721066e+01
      vertex   2.250000e+00 7.356066e+01 1.721066e+01
    endloop
  endfacet
  facet normal -5.541693e-02 6.334184e-01 7.718226e-01
    outer loop
      vertex   2.250000e+00 7.356066e+01 1.721066e+01
      vertex   1.935582e+00 7.353315e+01 1.721066e+01
      vertex   1.975053e+00 7.330930e+01 1.739720e+01
    endloop
  endfacet
  facet normal -5.541693e-02 6.334184e-01 7.718226e-01
    outer loop
      vertex   2.250000e+00 7.356066e+01 1.721066e+01
      vertex   1.975053e+00 7.330930e+01 1.739720e+01
      vertex   2.250000e+00 7.333336e+01 1.739720e+01
    endloop
  endfacet
  facet normal -4.120684e-02 4.709964e-01 8.811722e-01
    outer loop
      vertex   2.250000e+00 7.333336e+01 1.739720e+01
      vertex   1.975053e+00 7.330930e+01 1.739720e+01
      vertex   2.020085e+00 7.305391e+01 1.753582e+01
    endloop
  endfacet
  facet normal -4.120684e-02 4.709964e-01 8.811722e-01
    outer loop
      vertex   2.250000e+00 7.333336e+01 1.739720e+01
      vertex   2.020085e+00 7.305391e+01 1.753582e+01
      vertex   2.250000e+00 7.307403e+01 1.753582e+01
    endloop
  endfacet
  facet normal -2.538843e-02 2.901911e-01 9.566319e-01
    outer loop
      vertex   2.250000e+00 7.307403e+01 1.753582e+01
      vertex   2.020085e+00 7.305391e+01 1.753582e+01
      vertex   2.068948e+00 7.277680e+01 1.762118e+01
    endloop
  endfacet
  facet normal -2.538843e-02 2.901911e-01 9.566319e-01
    outer loop
      vertex   2.250000e+00 7.307403e+01 1.753582e+01
      vertex   2.068948e+00 7.277680e+01 1.762118e+01
      vertex   2.250000e+00 7.279264e+01 1.762118e+01
    endloop
  endfacet
  facet normal -8.575073e-03 9.801354e-02 9.951481e-01
    outer loop
      vertex   2.250000e+00 7.279264e+01 1.762118e+01
      vertex   2.068948e+00 7.277680e+01 1.762118e+01
      vertex   2.250000e+00 7.250000e+01 1.765000e+01
    endloop
  endfacet
  facet normal -1.256316e-02 9.542670e-02 9.953572e-01
    outer loop
      vertex   2.250000e+00 7.250000e+01 1.765000e+01
      vertex   2.068948e+00 7.277680e+01 1.762118e+01
      vertex   2.055886e+00 7.247444e+01 1.765000e+01
    endloop
  endfacet
  facet normal -2.571396e-02 9.596580e-02 9.950524e-01
    outer loop
      vertex   2.055886e+00 7.247444e+01 1.765000e+01
      vertex   2.068948e+00 7.277680e+01 1.762118e+01
      vertex   1.893398e+00 7.272976e+01 1.762118e+01
    endloop
  endfacet
  facet normal -3.683333e-02 8.892353e-02 9.953572e-01
    outer loop
      vertex   2.055886e+00 7.247444e+01 1.765000e+01
      vertex   1.893398e+00 7.272976e+01 1.762118e+01
      vertex   1.875000e+00 7.239952e+01 1.765000e+01
    endloop
  endfacet
  facet normal -4.158054e-02 8.916975e-02 9.951481e-01
    outer loop
      vertex   1.875000e+00 7.239952e+01 1.765000e+01
      vertex   1.893398e+00 7.272976e+01 1.762118e+01
      vertex   1.728682e+00 7.265295e+01 1.762118e+01
    endloop
  endfacet
  facet normal -5.643300e-02 8.059468e-02 9.951481e-01
    outer loop
      vertex   1.875000e+00 7.239952e+01 1.765000e+01
      vertex   1.728682e+00 7.265295e+01 1.762118e+01
      vertex   1.579807e+00 7.254871e+01 1.762118e+01
    endloop
  endfacet
  facet normal -1.670826e-01 2.386187e-01 9.566319e-01
    outer loop
      vertex   1.579807e+00 7.254871e+01 1.762118e+01
      vertex   1.728682e+00 7.265295e+01 1.762118e+01
      vertex   1.587987e+00 7.289664e+01 1.753582e+01
    endloop
  endfacet
  facet normal -1.670826e-01 2.386187e-01 9.566319e-01
    outer loop
      vertex   1.579807e+00 7.254871e+01 1.762118e+01
      vertex   1.587987e+00 7.289664e+01 1.753582e+01
      vertex   1.398933e+00 7.276426e+01 1.753582e+01
    endloop
  endfacet
  facet normal -2.711843e-01 3.872914e-01 8.811722e-01
    outer loop
      vertex   1.398933e+00 7.276426e+01 1.753582e+01
      vertex   1.587987e+00 7.289664e+01 1.753582e+01
      vertex   1.458322e+00 7.312123e+01 1.739720e+01
    endloop
  endfacet
  facet normal -2.711843e-01 3.872914e-01 8.811722e-01
    outer loop
      vertex   1.398933e+00 7.276426e+01 1.753582e+01
      vertex   1.458322e+00 7.312123e+01 1.739720e+01
      vertex   1.232239e+00 7.296292e+01 1.739720e+01
    endloop
  endfacet
  facet normal -3.647017e-01 5.208480e-01 7.718226e-01
    outer loop
      vertex   1.232239e+00 7.296292e+01 1.739720e+01
      vertex   1.458322e+00 7.312123e+01 1.739720e+01
      vertex   1.344670e+00 7.331808e+01 1.721066e+01
    endloop
  endfacet
  facet normal -3.647017e-01 5.208480e-01 7.718226e-01
    outer loop
      vertex   1.232239e+00 7.296292e+01 1.739720e+01
      vertex   1.344670e+00 7.331808e+01 1.721066e+01
      vertex   1.086130e+00 7.313705e+01 1.721066e+01
    endloop
  endfacet
  facet normal -4.440599e-01 6.341832e-01 6.329475e-01
    outer loop
      vertex   1.086130e+00 7.313705e+01 1.721066e+01
      vertex   1.344670e+00 7.331808e+01 1.721066e+01
      vertex   1.251398e+00 7.347963e+01 1.698336e+01
    endloop
  endfacet
  facet normal -4.440599e-01 6.341832e-01 6.329475e-01
    outer loop
      vertex   1.086130e+00 7.313705e+01 1.721066e+01
      vertex   1.251398e+00 7.347963e+01 1.698336e+01
      vertex   9.662217e-01 7.327995e+01 1.698336e+01
    endloop
  endfacet
  facet normal -5.062767e-01 7.230381e-01 4.699998e-01
    outer loop
      vertex   9.662217e-01 7.327995e+01 1.698336e+01
      vertex   1.251398e+00 7.347963e+01 1.698336e+01
      vertex   1.182090e+00 7.359967e+01 1.672403e+01
    endloop
  endfacet
  facet normal -5.062767e-01 7.230381e-01 4.699998e-01
    outer loop
      vertex   9.662217e-01 7.327995e+01 1.698336e+01
      vertex   1.182090e+00 7.359967e+01 1.672403e+01
      vertex   8.771218e-01 7.338613e+01 1.672403e+01
    endloop
  endfacet
  facet normal -5.490542e-01 7.841306e-01 2.892727e-01
    outer loop
      vertex   8.771218e-01 7.338613e+01 1.672403e+01
      vertex   1.182090e+00 7.359967e+01 1.672403e+01
      vertex   1.139411e+00 7.367360e+01 1.644264e+01
    endloop
  endfacet
  facet normal -5.490542e-01 7.841306e-01 2.892727e-01
    outer loop
      vertex   8.771218e-01 7.338613e+01 1.672403e+01
      vertex   1.139411e+00 7.367360e+01 1.644264e+01
      vertex   8.222544e-01 7.345152e+01 1.644264e+01
    endloop
  endfacet
  facet normal -9.536041e-01 8.342955e-02 2.892727e-01
    outer loop
      vertex   2.882208e-02 7.175000e+01 1.644264e+01
      vertex   1.141807e-01 7.175000e+01 1.672403e+01
      vertex   6.256676e-02 7.213570e+01 1.644264e+01
    endloop
  endfacet
  facet normal -9.536041e-01 8.342955e-02 2.892727e-01
    outer loop
      vertex   6.256676e-02 7.213570e+01 1.644264e+01
      vertex   1.141807e-01 7.175000e+01 1.672403e+01
      vertex   1.466286e-01 7.212088e+01 1.672403e+01
    endloop
  endfacet
  facet normal -9.246294e-01 2.477537e-01 2.892727e-01
    outer loop
      vertex   6.256676e-02 7.213570e+01 1.644264e+01
      vertex   1.466286e-01 7.212088e+01 1.672403e+01
      vertex   1.627755e-01 7.250969e+01 1.644264e+01
    endloop
  endfacet
  facet normal -9.246294e-01 2.477537e-01 2.892727e-01
    outer loop
      vertex   1.627755e-01 7.250969e+01 1.644264e+01
      vertex   1.466286e-01 7.212088e+01 1.672403e+01
      vertex   2.429864e-01 7.248049e+01 1.672403e+01
    endloop
  endfacet
  facet normal -8.675602e-01 4.045500e-01 2.892727e-01
    outer loop
      vertex   1.627755e-01 7.250969e+01 1.644264e+01
      vertex   2.429864e-01 7.248049e+01 1.672403e+01
      vertex   3.264035e-01 7.286059e+01 1.644264e+01
    endloop
  endfacet
  facet normal -8.675602e-01 4.045500e-01 2.892727e-01
    outer loop
      vertex   3.264035e-01 7.286059e+01 1.644264e+01
      vertex   2.429864e-01 7.248049e+01 1.672403e+01
      vertex   4.003262e-01 7.281791e+01 1.672403e+01
    endloop
  endfacet
  facet normal -7.841306e-01 5.490542e-01 2.892727e-01
    outer loop
      vertex   3.264035e-01 7.286059e+01 1.644264e+01
      vertex   4.003262e-01 7.281791e+01 1.672403e+01
      vertex   5.484790e-01 7.317775e+01 1.644264e+01
    endloop
  endfacet
  facet normal -7.841306e-01 5.490542e-01 2.892727e-01
    outer loop
      vertex   5.484790e-01 7.317775e+01 1.644264e+01
      vertex   4.003262e-01 7.281791e+01 1.672403e+01
      vertex   6.138675e-01 7.312288e+01 1.672403e+01
    endloop
  endfacet
  facet normal -6.768757e-01 6.768757e-01 2.892727e-01
    outer loop
      vertex   5.484790e-01 7.317775e+01 1.644264e+01
      vertex   6.138675e-01 7.312288e+01 1.672403e+01
      vertex   8.222544e-01 7.345152e+01 1.644264e+01
    endloop
  endfacet
  facet normal -6.768757e-01 6.768757e-01 2.892727e-01
    outer loop
      vertex   8.222544e-01 7.345152e+01 1.644264e+01
      vertex   6.138675e-01 7.312288e+01 1.672403e+01
      vertex   8.771218e-01 7.338613e+01 1.672403e+01
    endloop
  endfacet
  facet normal -8.793077e-01 7.692946e-02 4.699998e-01
    outer loop
      vertex   1.141807e-01 7.175000e+01 1.672403e+01
      vertex   2.527956e-01 7.175000e+01 1.698336e+01
      vertex   1.466286e-01 7.212088e+01 1.672403e+01
    endloop
  endfacet
  facet normal -8.793077e-01 7.692946e-02 4.699998e-01
    outer loop
      vertex   1.466286e-01 7.212088e+01 1.672403e+01
      vertex   2.527956e-01 7.175000e+01 1.698336e+01
      vertex   2.831376e-01 7.209681e+01 1.698336e+01
    endloop
  endfacet
  facet normal -8.525904e-01 2.284509e-01 4.699998e-01
    outer loop
      vertex   1.466286e-01 7.212088e+01 1.672403e+01
      vertex   2.831376e-01 7.209681e+01 1.698336e+01
      vertex   2.429864e-01 7.248049e+01 1.672403e+01
    endloop
  endfacet
  facet normal -8.525904e-01 2.284509e-01 4.699998e-01
    outer loop
      vertex   2.429864e-01 7.248049e+01 1.672403e+01
      vertex   2.831376e-01 7.209681e+01 1.698336e+01
      vertex   3.732417e-01 7.243308e+01 1.698336e+01
    endloop
  endfacet
  facet normal -7.999676e-01 3.730310e-01 4.699998e-01
    outer loop
      vertex   2.429864e-01 7.248049e+01 1.672403e+01
      vertex   3.732417e-01 7.243308e+01 1.698336e+01
      vertex   4.003262e-01 7.281791e+01 1.672403e+01
    endloop
  endfacet
  facet normal -7.999676e-01 3.730310e-01 4.699998e-01
    outer loop
      vertex   4.003262e-01 7.281791e+01 1.672403e+01
      vertex   3.732417e-01 7.243308e+01 1.698336e+01
      vertex   5.203702e-01 7.274860e+01 1.698336e+01
    endloop
  endfacet
  facet normal -7.230381e-01 5.062767e-01 4.699998e-01
    outer loop
      vertex   4.003262e-01 7.281791e+01 1.672403e+01
      vertex   5.203702e-01 7.274860e+01 1.698336e+01
      vertex   6.138675e-01 7.312288e+01 1.672403e+01
    endloop
  endfacet
  facet normal -7.230381e-01 5.062767e-01 4.699998e-01
    outer loop
      vertex   6.138675e-01 7.312288e+01 1.672403e+01
      vertex   5.203702e-01 7.274860e+01 1.698336e+01
      vertex   7.200527e-01 7.303378e+01 1.698336e+01
    endloop
  endfacet
  facet normal -6.241395e-01 6.241395e-01 4.699998e-01
    outer loop
      vertex   6.138675e-01 7.312288e+01 1.672403e+01
      vertex   7.200527e-01 7.303378e+01 1.698336e+01
      vertex   8.771218e-01 7.338613e+01 1.672403e+01
    endloop
  endfacet
  facet normal -6.241395e-01 6.241395e-01 4.699998e-01
    outer loop
      vertex   8.771218e-01 7.338613e+01 1.672403e+01
      vertex   7.200527e-01 7.303378e+01 1.698336e+01
      vertex   9.662217e-01 7.327995e+01 1.698336e+01
    endloop
  endfacet
  facet normal -7.712487e-01 6.747552e-02 6.329475e-01
    outer loop
      vertex   2.527956e-01 7.175000e+01 1.698336e+01
      vertex   4.393398e-01 7.175000e+01 1.721066e+01
      vertex   2.831376e-01 7.209681e+01 1.698336e+01
    endloop
  endfacet
  facet normal -7.712487e-01 6.747552e-02 6.329475e-01
    outer loop
      vertex   2.831376e-01 7.209681e+01 1.698336e+01
      vertex   4.393398e-01 7.175000e+01 1.721066e+01
      vertex   4.668478e-01 7.206442e+01 1.721066e+01
    endloop
  endfacet
  facet normal -7.478147e-01 2.003763e-01 6.329475e-01
    outer loop
      vertex   2.831376e-01 7.209681e+01 1.698336e+01
      vertex   4.668478e-01 7.206442e+01 1.721066e+01
      vertex   3.732417e-01 7.243308e+01 1.698336e+01
    endloop
  endfacet
  facet normal -7.478147e-01 2.003763e-01 6.329475e-01
    outer loop
      vertex   3.732417e-01 7.243308e+01 1.698336e+01
      vertex   4.668478e-01 7.206442e+01 1.721066e+01
      vertex   5.485360e-01 7.236928e+01 1.721066e+01
    endloop
  endfacet
  facet normal -7.016587e-01 3.271888e-01 6.329475e-01
    outer loop
      vertex   3.732417e-01 7.243308e+01 1.698336e+01
      vertex   5.485360e-01 7.236928e+01 1.721066e+01
      vertex   5.203702e-01 7.274860e+01 1.698336e+01
    endloop
  endfacet
  facet normal -7.016587e-01 3.271888e-01 6.329475e-01
    outer loop
      vertex   5.203702e-01 7.274860e+01 1.698336e+01
      vertex   5.485360e-01 7.236928e+01 1.721066e+01
      vertex   6.819223e-01 7.265533e+01 1.721066e+01
    endloop
  endfacet
  facet normal -6.341832e-01 4.440599e-01 6.329475e-01
    outer loop
      vertex   5.203702e-01 7.274860e+01 1.698336e+01
      vertex   6.819223e-01 7.265533e+01 1.721066e+01
      vertex   7.200527e-01 7.303378e+01 1.698336e+01
    endloop
  endfacet
  facet normal -6.341832e-01 4.440599e-01 6.329475e-01
    outer loop
      vertex   7.200527e-01 7.303378e+01 1.698336e+01
      vertex   6.819223e-01 7.265533e+01 1.721066e+01
      vertex   8.629538e-01 7.291387e+01 1.721066e+01
    endloop
  endfacet
  facet normal -5.474384e-01 5.474384e-01 6.329475e-01
    outer loop
      vertex   7.200527e-01 7.303378e+01 1.698336e+01
      vertex   8.629538e-01 7.291387e+01 1.721066e+01
      vertex   9.662217e-01 7.327995e+01 1.698336e+01
    endloop
  endfacet
  facet normal -5.474384e-01 5.474384e-01 6.329475e-01
    outer loop
      vertex   9.662217e-01 7.327995e+01 1.698336e+01
      vertex   8.629538e-01 7.291387e+01 1.721066e+01
      vertex   1.086130e+00 7.313705e+01 1.721066e+01
    endloop
  endfacet
  facet normal -6.334184e-01 5.541693e-02 7.718226e-01
    outer loop
      vertex   4.393398e-01 7.175000e+01 1.721066e+01
      vertex   6.666447e-01 7.175000e+01 1.739720e+01
      vertex   4.668478e-01 7.206442e+01 1.721066e+01
    endloop
  endfacet
  facet normal -6.334184e-01 5.541693e-02 7.718226e-01
    outer loop
      vertex   4.668478e-01 7.206442e+01 1.721066e+01
      vertex   6.666447e-01 7.175000e+01 1.739720e+01
      vertex   6.906994e-01 7.202495e+01 1.739720e+01
    endloop
  endfacet
  facet normal -6.141723e-01 1.645670e-01 7.718226e-01
    outer loop
      vertex   4.668478e-01 7.206442e+01 1.721066e+01
      vertex   6.906994e-01 7.202495e+01 1.739720e+01
      vertex   5.485360e-01 7.236928e+01 1.721066e+01
    endloop
  endfacet
  facet normal -6.141723e-01 1.645670e-01 7.718226e-01
    outer loop
      vertex   5.485360e-01 7.236928e+01 1.721066e+01
      vertex   6.906994e-01 7.202495e+01 1.739720e+01
      vertex   7.621327e-01 7.229154e+01 1.739720e+01
    endloop
  endfacet
  facet normal -5.762649e-01 2.687167e-01 7.718226e-01
    outer loop
      vertex   5.485360e-01 7.236928e+01 1.721066e+01
      vertex   7.621327e-01 7.229154e+01 1.739720e+01
      vertex   6.819223e-01 7.265533e+01 1.721066e+01
    endloop
  endfacet
  facet normal -5.762649e-01 2.687167e-01 7.718226e-01
    outer loop
      vertex   6.819223e-01 7.265533e+01 1.721066e+01
      vertex   7.621327e-01 7.229154e+01 1.739720e+01
      vertex   8.787740e-01 7.254168e+01 1.739720e+01
    endloop
  endfacet
  facet normal -5.208480e-01 3.647017e-01 7.718226e-01
    outer loop
      vertex   6.819223e-01 7.265533e+01 1.721066e+01
      vertex   8.787740e-01 7.254168e+01 1.739720e+01
      vertex   8.629538e-01 7.291387e+01 1.721066e+01
    endloop
  endfacet
  facet normal -5.208480e-01 3.647017e-01 7.718226e-01
    outer loop
      vertex   8.629538e-01 7.291387e+01 1.721066e+01
      vertex   8.787740e-01 7.254168e+01 1.739720e+01
      vertex   1.037079e+00 7.276776e+01 1.739720e+01
    endloop
  endfacet
  facet normal -4.496053e-01 4.496053e-01 7.718226e-01
    outer loop
      vertex   8.629538e-01 7.291387e+01 1.721066e+01
      vertex   1.037079e+00 7.276776e+01 1.739720e+01
      vertex   1.086130e+00 7.313705e+01 1.721066e+01
    endloop
  endfacet
  facet normal -4.496053e-01 4.496053e-01 7.718226e-01
    outer loop
      vertex   1.086130e+00 7.313705e+01 1.721066e+01
      vertex   1.037079e+00 7.276776e+01 1.739720e+01
      vertex   1.232239e+00 7.296292e+01 1.739720e+01
    endloop
  endfacet
  facet normal -4.709964e-01 4.120684e-02 8.811722e-01
    outer loop
      vertex   6.666447e-01 7.175000e+01 1.739720e+01
      vertex   9.259749e-01 7.175000e+01 1.753582e+01
      vertex   6.906994e-01 7.202495e+01 1.739720e+01
    endloop
  endfacet
  facet normal -4.709964e-01 4.120684e-02 8.811722e-01
    outer loop
      vertex   6.906994e-01 7.202495e+01 1.739720e+01
      vertex   9.259749e-01 7.175000e+01 1.753582e+01
      vertex   9.460898e-01 7.197991e+01 1.753582e+01
    endloop
  endfacet
  facet normal -4.566854e-01 1.223685e-01 8.811722e-01
    outer loop
      vertex   6.906994e-01 7.202495e+01 1.739720e+01
      vertex   9.460898e-01 7.197991e+01 1.753582e+01
      vertex   7.621327e-01 7.229154e+01 1.739720e+01
    endloop
  endfacet
  facet normal -4.566854e-01 1.223685e-01 8.811722e-01
    outer loop
      vertex   7.621327e-01 7.229154e+01 1.739720e+01
      vertex   9.460898e-01 7.197991e+01 1.753582e+01
      vertex   1.005823e+00 7.220284e+01 1.753582e+01
    endloop
  endfacet
  facet normal -4.284982e-01 1.998120e-01 8.811722e-01
    outer loop
      vertex   7.621327e-01 7.229154e+01 1.739720e+01
      vertex   1.005823e+00 7.220284e+01 1.753582e+01
      vertex   8.787740e-01 7.254168e+01 1.739720e+01
    endloop
  endfacet
  facet normal -4.284982e-01 1.998120e-01 8.811722e-01
    outer loop
      vertex   8.787740e-01 7.254168e+01 1.739720e+01
      vertex   1.005823e+00 7.220284e+01 1.753582e+01
      vertex   1.103361e+00 7.241201e+01 1.753582e+01
    endloop
  endfacet
  facet normal -3.872914e-01 2.711843e-01 8.811722e-01
    outer loop
      vertex   8.787740e-01 7.254168e+01 1.739720e+01
      vertex   1.103361e+00 7.241201e+01 1.753582e+01
      vertex   1.037079e+00 7.276776e+01 1.739720e+01
    endloop
  endfacet
  facet normal -3.872914e-01 2.711843e-01 8.811722e-01
    outer loop
      vertex   1.037079e+00 7.276776e+01 1.739720e+01
      vertex   1.103361e+00 7.241201e+01 1.753582e+01
      vertex   1.235738e+00 7.260107e+01 1.753582e+01
    endloop
  endfacet
  facet normal -3.343169e-01 3.343169e-01 8.811722e-01
    outer loop
      vertex   1.037079e+00 7.276776e+01 1.739720e+01
      vertex   1.235738e+00 7.260107e+01 1.753582e+01
      vertex   1.232239e+00 7.296292e+01 1.739720e+01
    endloop
  endfacet
  facet normal -3.343169e-01 3.343169e-01 8.811722e-01
    outer loop
      vertex   1.232239e+00 7.296292e+01 1.739720e+01
      vertex   1.235738e+00 7.260107e+01 1.753582e+01
      vertex   1.398933e+00 7.276426e+01 1.753582e+01
    endloop
  endfacet
  facet normal -2.901911e-01 2.538843e-02 9.566319e-01
    outer loop
      vertex   9.259749e-01 7.175000e+01 1.753582e+01
      vertex   1.207365e+00 7.175000e+01 1.762118e+01
      vertex   9.460898e-01 7.197991e+01 1.753582e+01
    endloop
  endfacet
  facet normal -2.901911e-01 2.538843e-02 9.566319e-01
    outer loop
      vertex   9.460898e-01 7.197991e+01 1.753582e+01
      vertex   1.207365e+00 7.175000e+01 1.762118e+01
      vertex   1.223204e+00 7.193105e+01 1.762118e+01
    endloop
  endfacet
  facet normal -2.813738e-01 7.539388e-02 9.566319e-01
    outer loop
      vertex   9.460898e-01 7.197991e+01 1.753582e+01
      vertex   1.223204e+00 7.193105e+01 1.762118e+01
      vertex   1.005823e+00 7.220284e+01 1.753582e+01
    endloop
  endfacet
  facet normal -2.813738e-01 7.539388e-02 9.566319e-01
    outer loop
      vertex   1.005823e+00 7.220284e+01 1.753582e+01
      vertex   1.223204e+00 7.193105e+01 1.762118e+01
      vertex   1.270243e+00 7.210660e+01 1.762118e+01
    endloop
  endfacet
  facet normal -2.640071e-01 1.231085e-01 9.566319e-01
    outer loop
      vertex   1.005823e+00 7.220284e+01 1.753582e+01
      vertex   1.270243e+00 7.210660e+01 1.762118e+01
      vertex   1.103361e+00 7.241201e+01 1.753582e+01
    endloop
  endfacet
  facet normal -2.640071e-01 1.231085e-01 9.566319e-01
    outer loop
      vertex   1.103361e+00 7.241201e+01 1.753582e+01
      vertex   1.270243e+00 7.210660e+01 1.762118e+01
      vertex   1.347051e+00 7.227132e+01 1.762118e+01
    endloop
  endfacet
  facet normal -2.386187e-01 1.670826e-01 9.566319e-01
    outer loop
      vertex   1.103361e+00 7.241201e+01 1.753582e+01
      vertex   1.347051e+00 7.227132e+01 1.762118e+01
      vertex   1.235738e+00 7.260107e+01 1.753582e+01
    endloop
  endfacet
  facet normal -2.386187e-01 1.670826e-01 9.566319e-01
    outer loop
      vertex   1.235738e+00 7.260107e+01 1.753582e+01
      vertex   1.347051e+00 7.227132e+01 1.762118e+01
      vertex   1.451295e+00 7.242019e+01 1.762118e+01
    endloop
  endfacet
  facet normal -2.059799e-01 2.059799e-01 9.566319e-01
    outer loop
      vertex   1.235738e+00 7.260107e+01 1.753582e+01
      vertex   1.451295e+00 7.242019e+01 1.762118e+01
      vertex   1.398933e+00 7.276426e+01 1.753582e+01
    endloop
  endfacet
  facet normal -2.059799e-01 2.059799e-01 9.566319e-01
    outer loop
      vertex   1.398933e+00 7.276426e+01 1.753582e+01
      vertex   1.451295e+00 7.242019e+01 1.762118e+01
      vertex   1.579807e+00 7.254871e+01 1.762118e+01
    endloop
  endfacet
  facet normal -9.801354e-02 8.575073e-03 9.951481e-01
    outer loop
      vertex   1.207365e+00 7.175000e+01 1.762118e+01
      vertex   1.500000e+00 7.175000e+01 1.765000e+01
      vertex   1.223204e+00 7.193105e+01 1.762118e+01
    endloop
  endfacet
  facet normal -9.542670e-02 1.256316e-02 9.953572e-01
    outer loop
      vertex   1.223204e+00 7.193105e+01 1.762118e+01
      vertex   1.500000e+00 7.175000e+01 1.765000e+01
      vertex   1.525556e+00 7.194411e+01 1.765000e+01
    endloop
  endfacet
  facet normal -9.596580e-02 2.571396e-02 9.950524e-01
    outer loop
      vertex   1.223204e+00 7.193105e+01 1.762118e+01
      vertex   1.525556e+00 7.194411e+01 1.765000e+01
      vertex   1.270243e+00 7.210660e+01 1.762118e+01
    endloop
  endfacet
  facet normal -8.892353e-02 3.683333e-02 9.953572e-01
    outer loop
      vertex   1.270243e+00 7.210660e+01 1.762118e+01
      vertex   1.525556e+00 7.194411e+01 1.765000e+01
      vertex   1.600481e+00 7.212500e+01 1.765000e+01
    endloop
  endfacet
  facet normal -8.916975e-02 4.158054e-02 9.951481e-01
    outer loop
      vertex   1.270243e+00 7.210660e+01 1.762118e+01
      vertex   1.600481e+00 7.212500e+01 1.765000e+01
      vertex   1.347051e+00 7.227132e+01 1.762118e+01
    endloop
  endfacet
  facet normal -8.059468e-02 5.643300e-02 9.951481e-01
    outer loop
      vertex   1.347051e+00 7.227132e+01 1.762118e+01
      vertex   1.600481e+00 7.212500e+01 1.765000e+01
      vertex   1.451295e+00 7.242019e+01 1.762118e+01
    endloop
  endfacet
  facet normal -7.636036e-02 5.859337e-02 9.953572e-01
    outer loop
      vertex   1.600481e+00 7.212500e+01 1.765000e+01
      vertex   1.719670e+00 7.228033e+01 1.765000e+01
      vertex   1.451295e+00 7.242019e+01 1.762118e+01
    endloop
  endfacet
  facet normal -7.025184e-02 7.025184e-02 9.950524e-01
    outer loop
      vertex   1.451295e+00 7.242019e+01 1.762118e+01
      vertex   1.719670e+00 7.228033e+01 1.765000e+01
      vertex   1.579807e+00 7.254871e+01 1.762118e+01
    endloop
  endfacet
  facet normal -5.859337e-02 7.636036e-02 9.953572e-01
    outer loop
      vertex   1.719670e+00 7.228033e+01 1.765000e+01
      vertex   1.875000e+00 7.239952e+01 1.765000e+01
      vertex   1.579807e+00 7.254871e+01 1.762118e+01
    endloop
  endfacet
  facet normal -1.231085e-01 2.640071e-01 9.566319e-01
    outer loop
      vertex   1.587987e+00 7.289664e+01 1.753582e+01
      vertex   1.728682e+00 7.265295e+01 1.762118e+01
      vertex   1.797157e+00 7.299418e+01 1.753582e+01
    endloop
  endfacet
  facet normal -1.231085e-01 2.640071e-01 9.566319e-01
    outer loop
      vertex   1.797157e+00 7.299418e+01 1.753582e+01
      vertex   1.728682e+00 7.265295e+01 1.762118e+01
      vertex   1.893398e+00 7.272976e+01 1.762118e+01
    endloop
  endfacet
  facet normal -7.539388e-02 2.813738e-01 9.566319e-01
    outer loop
      vertex   1.797157e+00 7.299418e+01 1.753582e+01
      vertex   1.893398e+00 7.272976e+01 1.762118e+01
      vertex   2.020085e+00 7.305391e+01 1.753582e+01
    endloop
  endfacet
  facet normal -7.539388e-02 2.813738e-01 9.566319e-01
    outer loop
      vertex   2.020085e+00 7.305391e+01 1.753582e+01
      vertex   1.893398e+00 7.272976e+01 1.762118e+01
      vertex   2.068948e+00 7.277680e+01 1.762118e+01
    endloop
  endfacet
  facet normal -1.998120e-01 4.284982e-01 8.811722e-01
    outer loop
      vertex   1.458322e+00 7.312123e+01 1.739720e+01
      vertex   1.587987e+00 7.289664e+01 1.753582e+01
      vertex   1.708461e+00 7.323787e+01 1.739720e+01
    endloop
  endfacet
  facet normal -1.998120e-01 4.284982e-01 8.811722e-01
    outer loop
      vertex   1.708461e+00 7.323787e+01 1.739720e+01
      vertex   1.587987e+00 7.289664e+01 1.753582e+01
      vertex   1.797157e+00 7.299418e+01 1.753582e+01
    endloop
  endfacet
  facet normal -1.223685e-01 4.566854e-01 8.811722e-01
    outer loop
      vertex   1.708461e+00 7.323787e+01 1.739720e+01
      vertex   1.797157e+00 7.299418e+01 1.753582e+01
      vertex   1.975053e+00 7.330930e+01 1.739720e+01
    endloop
  endfacet
  facet normal -1.223685e-01 4.566854e-01 8.811722e-01
    outer loop
      vertex   1.975053e+00 7.330930e+01 1.739720e+01
      vertex   1.797157e+00 7.299418e+01 1.753582e+01
      vertex   2.020085e+00 7.305391e+01 1.753582e+01
    endloop
  endfacet
  facet normal -2.687167e-01 5.762649e-01 7.718226e-01
    outer loop
      vertex   1.344670e+00 7.331808e+01 1.721066e+01
      vertex   1.458322e+00 7.312123e+01 1.739720e+01
      vertex   1.630718e+00 7.345146e+01 1.721066e+01
    endloop
  endfacet
  facet normal -2.687167e-01 5.762649e-01 7.718226e-01
    outer loop
      vertex   1.630718e+00 7.345146e+01 1.721066e+01
      vertex   1.458322e+00 7.312123e+01 1.739720e+01
      vertex   1.708461e+00 7.323787e+01 1.739720e+01
    endloop
  endfacet
  facet normal -1.645670e-01 6.141723e-01 7.718226e-01
    outer loop
      vertex   1.630718e+00 7.345146e+01 1.721066e+01
      vertex   1.708461e+00 7.323787e+01 1.739720e+01
      vertex   1.935582e+00 7.353315e+01 1.721066e+01
    endloop
  endfacet
  facet normal -1.645670e-01 6.141723e-01 7.718226e-01
    outer loop
      vertex   1.935582e+00 7.353315e+01 1.721066e+01
      vertex   1.708461e+00 7.323787e+01 1.739720e+01
      vertex   1.975053e+00 7.330930e+01 1.739720e+01
    endloop
  endfacet
  facet normal -3.271888e-01 7.016587e-01 6.329475e-01
    outer loop
      vertex   1.251398e+00 7.347963e+01 1.698336e+01
      vertex   1.344670e+00 7.331808e+01 1.721066e+01
      vertex   1.566916e+00 7.362676e+01 1.698336e+01
    endloop
  endfacet
  facet normal -3.271888e-01 7.016587e-01 6.329475e-01
    outer loop
      vertex   1.566916e+00 7.362676e+01 1.698336e+01
      vertex   1.344670e+00 7.331808e+01 1.721066e+01
      vertex   1.630718e+00 7.345146e+01 1.721066e+01
    endloop
  endfacet
  facet normal -2.003763e-01 7.478147e-01 6.329475e-01
    outer loop
      vertex   1.566916e+00 7.362676e+01 1.698336e+01
      vertex   1.630718e+00 7.345146e+01 1.721066e+01
      vertex   1.903189e+00 7.371686e+01 1.698336e+01
    endloop
  endfacet
  facet normal -2.003763e-01 7.478147e-01 6.329475e-01
    outer loop
      vertex   1.903189e+00 7.371686e+01 1.698336e+01
      vertex   1.630718e+00 7.345146e+01 1.721066e+01
      vertex   1.935582e+00 7.353315e+01 1.721066e+01
    endloop
  endfacet
  facet normal -3.730310e-01 7.999676e-01 4.699998e-01
    outer loop
      vertex   1.182090e+00 7.359967e+01 1.672403e+01
      vertex   1.251398e+00 7.347963e+01 1.698336e+01
      vertex   1.519507e+00 7.375701e+01 1.672403e+01
    endloop
  endfacet
  facet normal -3.730310e-01 7.999676e-01 4.699998e-01
    outer loop
      vertex   1.519507e+00 7.375701e+01 1.672403e+01
      vertex   1.251398e+00 7.347963e+01 1.698336e+01
      vertex   1.566916e+00 7.362676e+01 1.698336e+01
    endloop
  endfacet
  facet normal -2.284509e-01 8.525904e-01 4.699998e-01
    outer loop
      vertex   1.519507e+00 7.375701e+01 1.672403e+01
      vertex   1.566916e+00 7.362676e+01 1.698336e+01
      vertex   1.879119e+00 7.385337e+01 1.672403e+01
    endloop
  endfacet
  facet normal -2.284509e-01 8.525904e-01 4.699998e-01
    outer loop
      vertex   1.879119e+00 7.385337e+01 1.672403e+01
      vertex   1.566916e+00 7.362676e+01 1.698336e+01
      vertex   1.903189e+00 7.371686e+01 1.698336e+01
    endloop
  endfacet
  facet normal -4.045500e-01 8.675602e-01 2.892727e-01
    outer loop
      vertex   1.139411e+00 7.367360e+01 1.644264e+01
      vertex   1.182090e+00 7.359967e+01 1.672403e+01
      vertex   1.490312e+00 7.383722e+01 1.644264e+01
    endloop
  endfacet
  facet normal -4.045500e-01 8.675602e-01 2.892727e-01
    outer loop
      vertex   1.490312e+00 7.383722e+01 1.644264e+01
      vertex   1.182090e+00 7.359967e+01 1.672403e+01
      vertex   1.519507e+00 7.375701e+01 1.672403e+01
    endloop
  endfacet
  facet normal -2.477537e-01 9.246294e-01 2.892727e-01
    outer loop
      vertex   1.490312e+00 7.383722e+01 1.644264e+01
      vertex   1.519507e+00 7.375701e+01 1.672403e+01
      vertex   1.864297e+00 7.393743e+01 1.644264e+01
    endloop
  endfacet
  facet normal -2.477537e-01 9.246294e-01 2.892727e-01
    outer loop
      vertex   1.864297e+00 7.393743e+01 1.644264e+01
      vertex   1.519507e+00 7.375701e+01 1.672403e+01
      vertex   1.879119e+00 7.385337e+01 1.672403e+01
    endloop
  endfacet
  facet normal -9.951847e-01 1.612898e-16 9.801714e-02
    outer loop
      vertex   2.882208e-02 2.250000e+00 1.644264e+01
      vertex   2.882208e-02 8.568182e+00 1.644264e+01
      vertex   -4.440892e-15 2.250000e+00 1.615000e+01
    endloop
  endfacet
  facet normal -9.951847e-01 1.510438e-16 9.801714e-02
    outer loop
      vertex   -4.440892e-15 2.250000e+00 1.615000e+01
      vertex   2.882208e-02 8.568182e+00 1.644264e+01
      vertex   2.882208e-02 1.488636e+01 1.644264e+01
    endloop
  endfacet
  facet normal -9.951847e-01 1.511559e-16 9.801714e-02
    outer loop
      vertex   -4.440892e-15 2.250000e+00 1.615000e+01
      vertex   2.882208e-02 1.488636e+01 1.644264e+01
      vertex   2.882208e-02 2.120455e+01 1.644264e+01
    endloop
  endfacet
  facet normal -9.569403e-01 1.455569e-16 2.902847e-01
    outer loop
      vertex   2.882208e-02 2.120455e+01 1.644264e+01
      vertex   2.882208e-02 1.488636e+01 1.644264e+01
      vertex   1.141807e-01 2.120455e+01 1.672403e+01
    endloop
  endfacet
  facet normal -9.569403e-01 3.069481e-16 2.902847e-01
    outer loop
      vertex   2.882208e-02 2.120455e+01 1.644264e+01
      vertex   1.141807e-01 2.120455e+01 1.672403e+01
      vertex   1.141807e-01 2.752273e+01 1.672403e+01
    endloop
  endfacet
  facet normal -8.819213e-01 3.967910e-16 4.713967e-01
    outer loop
      vertex   1.141807e-01 2.752273e+01 1.672403e+01
      vertex   1.141807e-01 2.120455e+01 1.672403e+01
      vertex   2.527956e-01 2.752273e+01 1.698336e+01
    endloop
  endfacet
  facet normal -8.819213e-01 1.158212e-16 4.713967e-01
    outer loop
      vertex   1.141807e-01 2.752273e+01 1.672403e+01
      vertex   2.527956e-01 2.752273e+01 1.698336e+01
      vertex   2.527956e-01 3.384091e+01 1.698336e+01
    endloop
  endfacet
  facet normal -7.730105e-01 1.018743e-16 6.343933e-01
    outer loop
      vertex   2.527956e-01 3.384091e+01 1.698336e+01
      vertex   2.527956e-01 2.752273e+01 1.698336e+01
      vertex   4.393398e-01 3.384091e+01 1.721066e+01
    endloop
  endfacet
  facet normal -7.730105e-01 1.360033e-16 6.343933e-01
    outer loop
      vertex   2.527956e-01 3.384091e+01 1.698336e+01
      vertex   4.393398e-01 3.384091e+01 1.721066e+01
      vertex   4.393398e-01 4.015909e+01 1.721066e+01
    endloop
  endfacet
  facet normal -6.343933e-01 1.114748e-16 7.730105e-01
    outer loop
      vertex   4.393398e-01 4.015909e+01 1.721066e+01
      vertex   4.393398e-01 3.384091e+01 1.721066e+01
      vertex   6.666447e-01 4.015909e+01 1.739720e+01
    endloop
  endfacet
  facet normal -6.343933e-01 1.096813e-16 7.730105e-01
    outer loop
      vertex   4.393398e-01 4.015909e+01 1.721066e+01
      vertex   6.666447e-01 4.015909e+01 1.739720e+01
      vertex   6.666447e-01 4.647727e+01 1.739720e+01
    endloop
  endfacet
  facet normal -4.713967e-01 8.283325e-17 8.819213e-01
    outer loop
      vertex   6.666447e-01 4.647727e+01 1.739720e+01
      vertex   6.666447e-01 4.015909e+01 1.739720e+01
      vertex   9.259749e-01 4.647727e+01 1.753582e+01
    endloop
  endfacet
  facet normal -4.713967e-01 8.933025e-17 8.819213e-01
    outer loop
      vertex   6.666447e-01 4.647727e+01 1.739720e+01
      vertex   9.259749e-01 4.647727e+01 1.753582e+01
      vertex   9.259749e-01 5.279545e+01 1.753582e+01
    endloop
  endfacet
  facet normal -2.902847e-01 5.610931e-17 9.569403e-01
    outer loop
      vertex   9.259749e-01 5.279545e+01 1.753582e+01
      vertex   9.259749e-01 4.647727e+01 1.753582e+01
      vertex   1.207365e+00 5.279545e+01 1.762118e+01
    endloop
  endfacet
  facet normal -2.902847e-01 5.184122e-17 9.569403e-01
    outer loop
      vertex   9.259749e-01 5.279545e+01 1.753582e+01
      vertex   1.207365e+00 5.279545e+01 1.762118e+01
      vertex   1.207365e+00 5.911364e+01 1.762118e+01
    endloop
  endfacet
  facet normal -9.801714e-02 1.722345e-17 9.951847e-01
    outer loop
      vertex   1.207365e+00 5.911364e+01 1.762118e+01
      vertex   1.207365e+00 5.279545e+01 1.762118e+01
      vertex   1.500000e+00 7.175000e+01 1.765000e+01
    endloop
  endfacet
  facet normal -9.801714e-02 2.411283e-17 9.951847e-01
    outer loop
      vertex   1.207365e+00 5.911364e+01 1.762118e+01
      vertex   1.500000e+00 7.175000e+01 1.765000e+01
      vertex   1.207365e+00 6.543182e+01 1.762118e+01
    endloop
  endfacet
  facet normal -9.801714e-02 6.889380e-18 9.951847e-01
    outer loop
      vertex   1.207365e+00 6.543182e+01 1.762118e+01
      vertex   1.500000e+00 7.175000e+01 1.765000e+01
      vertex   1.207365e+00 7.175000e+01 1.762118e+01
    endloop
  endfacet
  facet normal -2.902847e-01 2.040338e-17 9.569403e-01
    outer loop
      vertex   1.207365e+00 6.543182e+01 1.762118e+01
      vertex   1.207365e+00 7.175000e+01 1.762118e+01
      vertex   9.259749e-01 6.543182e+01 1.753582e+01
    endloop
  endfacet
  facet normal -2.902847e-01 2.550423e-17 9.569403e-01
    outer loop
      vertex   9.259749e-01 6.543182e+01 1.753582e+01
      vertex   1.207365e+00 7.175000e+01 1.762118e+01
      vertex   9.259749e-01 7.175000e+01 1.753582e+01
    endloop
  endfacet
  facet normal -4.713967e-01 4.141662e-17 8.819213e-01
    outer loop
      vertex   9.259749e-01 6.543182e+01 1.753582e+01
      vertex   9.259749e-01 7.175000e+01 1.753582e+01
      vertex   6.666447e-01 6.543182e+01 1.739720e+01
    endloop
  endfacet
  facet normal -4.713967e-01 5.798327e-17 8.819213e-01
    outer loop
      vertex   6.666447e-01 6.543182e+01 1.739720e+01
      vertex   9.259749e-01 7.175000e+01 1.753582e+01
      vertex   6.666447e-01 7.175000e+01 1.739720e+01
    endloop
  endfacet
  facet normal -6.343933e-01 7.803236e-17 7.730105e-01
    outer loop
      vertex   6.666447e-01 6.543182e+01 1.739720e+01
      vertex   6.666447e-01 7.175000e+01 1.739720e+01
      vertex   4.393398e-01 6.543182e+01 1.721066e+01
    endloop
  endfacet
  facet normal -6.343933e-01 8.917984e-17 7.730105e-01
    outer loop
      vertex   4.393398e-01 6.543182e+01 1.721066e+01
      vertex   6.666447e-01 7.175000e+01 1.739720e+01
      vertex   4.393398e-01 7.175000e+01 1.721066e+01
    endloop
  endfacet
  facet normal -7.730105e-01 1.086659e-16 6.343933e-01
    outer loop
      vertex   4.393398e-01 6.543182e+01 1.721066e+01
      vertex   4.393398e-01 7.175000e+01 1.721066e+01
      vertex   2.527956e-01 6.543182e+01 1.698336e+01
    endloop
  endfacet
  facet normal -7.730105e-01 1.358324e-16 6.343933e-01
    outer loop
      vertex   2.527956e-01 6.543182e+01 1.698336e+01
      vertex   4.393398e-01 7.175000e+01 1.721066e+01
      vertex   2.527956e-01 7.175000e+01 1.698336e+01
    endloop
  endfacet
  facet normal -8.819213e-01 1.549701e-16 4.713967e-01
    outer loop
      vertex   2.527956e-01 6.543182e+01 1.698336e+01
      vertex   2.527956e-01 7.175000e+01 1.698336e+01
      vertex   1.141807e-01 6.543182e+01 1.672403e+01
    endloop
  endfacet
  facet normal -8.819213e-01 1.530330e-16 4.713967e-01
    outer loop
      vertex   1.141807e-01 6.543182e+01 1.672403e+01
      vertex   2.527956e-01 7.175000e+01 1.698336e+01
      vertex   1.141807e-01 7.175000e+01 1.672403e+01
    endloop
  endfacet
  facet normal -9.569403e-01 1.660505e-16 2.902847e-01
    outer loop
      vertex   1.141807e-01 6.543182e+01 1.672403e+01
      vertex   1.141807e-01 7.175000e+01 1.672403e+01
      vertex   2.882208e-02 6.543182e+01 1.644264e+01
    endloop
  endfacet
  facet normal -9.569403e-01 1.660505e-16 2.902847e-01
    outer loop
      vertex   2.882208e-02 6.543182e+01 1.644264e+01
      vertex   1.141807e-01 7.175000e+01 1.672403e+01
      vertex   2.882208e-02 7.175000e+01 1.644264e+01
    endloop
  endfacet
  facet normal -9.951847e-01 1.726867e-16 9.801714e-02
    outer loop
      vertex   2.882208e-02 6.543182e+01 1.644264e+01
      vertex   2.882208e-02 7.175000e+01 1.644264e+01
      vertex   6.106227e-15 7.175000e+01 1.615000e+01
    endloop
  endfacet
  facet normal -9.569403e-01 4.486147e-17 2.902847e-01
    outer loop
      vertex   2.882208e-02 8.568182e+00 1.644264e+01
      vertex   2.882208e-02 2.250000e+00 1.644264e+01
      vertex   1.141807e-01 8.568182e+00 1.672403e+01
    endloop
  endfacet
  facet normal -9.569403e-01 8.689956e-17 2.902847e-01
    outer loop
      vertex   1.141807e-01 8.568182e+00 1.672403e+01
      vertex   2.882208e-02 2.250000e+00 1.644264e+01
      vertex   1.141807e-01 2.250000e+00 1.672403e+01
    endloop
  endfacet
  facet normal -8.819213e-01 -3.454836e-17 4.713967e-01
    outer loop
      vertex   1.141807e-01 8.568182e+00 1.672403e+01
      vertex   1.141807e-01 2.250000e+00 1.672403e+01
      vertex   2.527956e-01 8.568182e+00 1.698336e+01
    endloop
  endfacet
  facet normal -8.819213e-01 1.937126e-16 4.713967e-01
    outer loop
      vertex   2.527956e-01 8.568182e+00 1.698336e+01
      vertex   1.141807e-01 2.250000e+00 1.672403e+01
      vertex   2.527956e-01 2.250000e+00 1.698336e+01
    endloop
  endfacet
  facet normal -7.730105e-01 1.697905e-16 6.343933e-01
    outer loop
      vertex   2.527956e-01 8.568182e+00 1.698336e+01
      vertex   2.527956e-01 2.250000e+00 1.698336e+01
      vertex   4.393398e-01 8.568182e+00 1.721066e+01
    endloop
  endfacet
  facet normal -7.730105e-01 1.154576e-16 6.343933e-01
    outer loop
      vertex   4.393398e-01 8.568182e+00 1.721066e+01
      vertex   2.527956e-01 2.250000e+00 1.698336e+01
      vertex   4.393398e-01 2.250000e+00 1.721066e+01
    endloop
  endfacet
  facet normal -6.343933e-01 9.475358e-17 7.730105e-01
    outer loop
      vertex   4.393398e-01 8.568182e+00 1.721066e+01
      vertex   4.393398e-01 2.250000e+00 1.721066e+01
      vertex   6.666447e-01 8.568182e+00 1.739720e+01
    endloop
  endfacet
  facet normal -6.343933e-01 1.114748e-17 7.730105e-01
    outer loop
      vertex   6.666447e-01 8.568182e+00 1.739720e+01
      vertex   4.393398e-01 2.250000e+00 1.721066e+01
      vertex   6.666447e-01 2.250000e+00 1.739720e+01
    endloop
  endfacet
  facet normal -4.713967e-01 8.283325e-18 8.819213e-01
    outer loop
      vertex   6.666447e-01 8.568182e+00 1.739720e+01
      vertex   6.666447e-01 2.250000e+00 1.739720e+01
      vertex   9.259749e-01 8.568182e+00 1.753582e+01
    endloop
  endfacet
  facet normal -4.713967e-01 -4.969995e-17 8.819213e-01
    outer loop
      vertex   9.259749e-01 8.568182e+00 1.753582e+01
      vertex   6.666447e-01 2.250000e+00 1.739720e+01
      vertex   9.259749e-01 2.250000e+00 1.753582e+01
    endloop
  endfacet
  facet normal -2.902847e-01 -3.060508e-17 9.569403e-01
    outer loop
      vertex   9.259749e-01 8.568182e+00 1.753582e+01
      vertex   9.259749e-01 2.250000e+00 1.753582e+01
      vertex   1.207365e+00 8.568182e+00 1.762118e+01
    endloop
  endfacet
  facet normal -2.902847e-01 -9.181523e-17 9.569403e-01
    outer loop
      vertex   1.207365e+00 8.568182e+00 1.762118e+01
      vertex   9.259749e-01 2.250000e+00 1.753582e+01
      vertex   1.207365e+00 2.250000e+00 1.762118e+01
    endloop
  endfacet
  facet normal -9.801714e-02 -3.100221e-17 9.951847e-01
    outer loop
      vertex   1.207365e+00 8.568182e+00 1.762118e+01
      vertex   1.207365e+00 2.250000e+00 1.762118e+01
      vertex   1.500000e+00 2.250000e+00 1.765000e+01
    endloop
  endfacet
  facet normal -9.801714e-02 1.440507e-17 9.951847e-01
    outer loop
      vertex   1.500000e+00 7.175000e+01 1.765000e+01
      vertex   1.207365e+00 3.384091e+01 1.762118e+01
      vertex   1.500000e+00 2.250000e+00 1.765000e+01
    endloop
  endfacet
  facet normal -9.801714e-02 1.348417e-17 9.951847e-01
    outer loop
      vertex   1.500000e+00 2.250000e+00 1.765000e+01
      vertex   1.207365e+00 3.384091e+01 1.762118e+01
      vertex   1.207365e+00 2.752273e+01 1.762118e+01
    endloop
  endfacet
  facet normal -9.801714e-02 2.452497e-17 9.951847e-01
    outer loop
      vertex   1.500000e+00 2.250000e+00 1.765000e+01
      vertex   1.207365e+00 2.752273e+01 1.762118e+01
      vertex   1.207365e+00 2.120455e+01 1.762118e+01
    endloop
  endfacet
  facet normal -2.902847e-01 7.141185e-17 9.569403e-01
    outer loop
      vertex   1.207365e+00 2.120455e+01 1.762118e+01
      vertex   1.207365e+00 2.752273e+01 1.762118e+01
      vertex   9.259749e-01 2.120455e+01 1.753582e+01
    endloop
  endfacet
  facet normal -2.902847e-01 6.081530e-17 9.569403e-01
    outer loop
      vertex   1.207365e+00 2.120455e+01 1.762118e+01
      vertex   9.259749e-01 2.120455e+01 1.753582e+01
      vertex   9.259749e-01 1.488636e+01 1.753582e+01
    endloop
  endfacet
  facet normal -4.713967e-01 9.939990e-17 8.819213e-01
    outer loop
      vertex   9.259749e-01 1.488636e+01 1.753582e+01
      vertex   9.259749e-01 2.120455e+01 1.753582e+01
      vertex   6.666447e-01 1.488636e+01 1.739720e+01
    endloop
  endfacet
  facet normal -4.713967e-01 7.453816e-17 8.819213e-01
    outer loop
      vertex   9.259749e-01 1.488636e+01 1.753582e+01
      vertex   6.666447e-01 1.488636e+01 1.739720e+01
      vertex   6.666447e-01 8.568182e+00 1.739720e+01
    endloop
  endfacet
  facet normal -6.343933e-01 1.003273e-16 7.730105e-01
    outer loop
      vertex   6.666447e-01 8.568182e+00 1.739720e+01
      vertex   6.666447e-01 1.488636e+01 1.739720e+01
      vertex   4.393398e-01 8.568182e+00 1.721066e+01
    endloop
  endfacet
  facet normal -9.951847e-01 1.510264e-16 9.801714e-02
    outer loop
      vertex   -4.440892e-15 2.250000e+00 1.615000e+01
      vertex   2.882208e-02 4.015909e+01 1.644264e+01
      vertex   6.106227e-15 7.175000e+01 1.615000e+01
    endloop
  endfacet
  facet normal -9.951847e-01 1.074922e-16 9.801714e-02
    outer loop
      vertex   6.106227e-15 7.175000e+01 1.615000e+01
      vertex   2.882208e-02 4.015909e+01 1.644264e+01
      vertex   2.882208e-02 4.647727e+01 1.644264e+01
    endloop
  endfacet
  facet normal -9.951847e-01 1.509425e-16 9.801714e-02
    outer loop
      vertex   6.106227e-15 7.175000e+01 1.615000e+01
      vertex   2.882208e-02 4.647727e+01 1.644264e+01
      vertex   2.882208e-02 5.279545e+01 1.644264e+01
    endloop
  endfacet
  facet normal -9.569403e-01 1.450314e-16 2.902847e-01
    outer loop
      vertex   2.882208e-02 5.279545e+01 1.644264e+01
      vertex   2.882208e-02 4.647727e+01 1.644264e+01
      vertex   1.141807e-01 5.279545e+01 1.672403e+01
    endloop
  endfacet
  facet normal -9.569403e-01 1.451599e-16 2.902847e-01
    outer loop
      vertex   2.882208e-02 5.279545e+01 1.644264e+01
      vertex   1.141807e-01 5.279545e+01 1.672403e+01
      vertex   1.141807e-01 5.911364e+01 1.672403e+01
    endloop
  endfacet
  facet normal -8.819213e-01 1.336617e-16 4.713967e-01
    outer loop
      vertex   1.141807e-01 5.911364e+01 1.672403e+01
      vertex   1.141807e-01 5.279545e+01 1.672403e+01
      vertex   2.527956e-01 5.911364e+01 1.698336e+01
    endloop
  endfacet
  facet normal -8.819213e-01 1.320151e-16 4.713967e-01
    outer loop
      vertex   1.141807e-01 5.911364e+01 1.672403e+01
      vertex   2.527956e-01 5.911364e+01 1.698336e+01
      vertex   2.527956e-01 6.543182e+01 1.698336e+01
    endloop
  endfacet
  facet normal -7.730105e-01 1.154576e-16 6.343933e-01
    outer loop
      vertex   2.527956e-01 6.543182e+01 1.698336e+01
      vertex   2.527956e-01 5.911364e+01 1.698336e+01
      vertex   4.393398e-01 6.543182e+01 1.721066e+01
    endloop
  endfacet
  facet normal -9.569403e-01 1.450314e-16 2.902847e-01
    outer loop
      vertex   2.882208e-02 1.488636e+01 1.644264e+01
      vertex   2.882208e-02 8.568182e+00 1.644264e+01
      vertex   1.141807e-01 1.488636e+01 1.672403e+01
    endloop
  endfacet
  facet normal -9.569403e-01 1.050952e-16 2.902847e-01
    outer loop
      vertex   1.141807e-01 1.488636e+01 1.672403e+01
      vertex   2.882208e-02 8.568182e+00 1.644264e+01
      vertex   1.141807e-01 8.568182e+00 1.672403e+01
    endloop
  endfacet
  facet normal -8.819213e-01 9.685632e-17 4.713967e-01
    outer loop
      vertex   1.141807e-01 1.488636e+01 1.672403e+01
      vertex   1.141807e-01 8.568182e+00 1.672403e+01
      vertex   2.527956e-01 1.488636e+01 1.698336e+01
    endloop
  endfacet
  facet normal -8.819213e-01 1.084791e-16 4.713967e-01
    outer loop
      vertex   2.527956e-01 1.488636e+01 1.698336e+01
      vertex   1.141807e-01 8.568182e+00 1.672403e+01
      vertex   2.527956e-01 8.568182e+00 1.698336e+01
    endloop
  endfacet
  facet normal -7.730105e-01 9.508270e-17 6.343933e-01
    outer loop
      vertex   2.527956e-01 1.488636e+01 1.698336e+01
      vertex   2.527956e-01 8.568182e+00 1.698336e+01
      vertex   4.393398e-01 1.488636e+01 1.721066e+01
    endloop
  endfacet
  facet normal -7.730105e-01 1.154576e-16 6.343933e-01
    outer loop
      vertex   4.393398e-01 1.488636e+01 1.721066e+01
      vertex   2.527956e-01 8.568182e+00 1.698336e+01
      vertex   4.393398e-01 8.568182e+00 1.721066e+01
    endloop
  endfacet
  facet normal -6.343933e-01 9.475358e-17 7.730105e-01
    outer loop
      vertex   4.393398e-01 1.488636e+01 1.721066e+01
      vertex   4.393398e-01 8.568182e+00 1.721066e+01
      vertex   6.666447e-01 1.488636e+01 1.739720e+01
    endloop
  endfacet
  facet normal -9.951847e-01 1.508276e-16 9.801714e-02
    outer loop
      vertex   2.882208e-02 2.120455e+01 1.644264e+01
      vertex   2.882208e-02 2.752273e+01 1.644264e+01
      vertex   -4.440892e-15 2.250000e+00 1.615000e+01
    endloop
  endfacet
  facet normal -9.951847e-01 1.512209e-16 9.801714e-02
    outer loop
      vertex   -4.440892e-15 2.250000e+00 1.615000e+01
      vertex   2.882208e-02 2.752273e+01 1.644264e+01
      vertex   2.882208e-02 3.384091e+01 1.644264e+01
    endloop
  endfacet
  facet normal -9.951847e-01 2.069687e-16 9.801714e-02
    outer loop
      vertex   -4.440892e-15 2.250000e+00 1.615000e+01
      vertex   2.882208e-02 3.384091e+01 1.644264e+01
      vertex   2.882208e-02 4.015909e+01 1.644264e+01
    endloop
  endfacet
  facet normal -9.569403e-01 3.093094e-16 2.902847e-01
    outer loop
      vertex   2.882208e-02 4.015909e+01 1.644264e+01
      vertex   2.882208e-02 3.384091e+01 1.644264e+01
      vertex   1.141807e-01 4.015909e+01 1.672403e+01
    endloop
  endfacet
  facet normal -9.569403e-01 1.453943e-16 2.902847e-01
    outer loop
      vertex   2.882208e-02 4.015909e+01 1.644264e+01
      vertex   1.141807e-01 4.015909e+01 1.672403e+01
      vertex   1.141807e-01 4.647727e+01 1.672403e+01
    endloop
  endfacet
  facet normal -8.819213e-01 1.336617e-16 4.713967e-01
    outer loop
      vertex   1.141807e-01 4.647727e+01 1.672403e+01
      vertex   1.141807e-01 4.015909e+01 1.672403e+01
      vertex   2.527956e-01 4.647727e+01 1.698336e+01
    endloop
  endfacet
  facet normal -8.819213e-01 1.158212e-16 4.713967e-01
    outer loop
      vertex   1.141807e-01 4.647727e+01 1.672403e+01
      vertex   2.527956e-01 4.647727e+01 1.698336e+01
      vertex   2.527956e-01 5.279545e+01 1.698336e+01
    endloop
  endfacet
  facet normal -7.730105e-01 1.018743e-16 6.343933e-01
    outer loop
      vertex   2.527956e-01 5.279545e+01 1.698336e+01
      vertex   2.527956e-01 4.647727e+01 1.698336e+01
      vertex   4.393398e-01 5.279545e+01 1.721066e+01
    endloop
  endfacet
  facet normal -7.730105e-01 1.071468e-16 6.343933e-01
    outer loop
      vertex   2.527956e-01 5.279545e+01 1.698336e+01
      vertex   4.393398e-01 5.279545e+01 1.721066e+01
      vertex   4.393398e-01 5.911364e+01 1.721066e+01
    endloop
  endfacet
  facet normal -6.343933e-01 8.917984e-17 7.730105e-01
    outer loop
      vertex   4.393398e-01 5.911364e+01 1.721066e+01
      vertex   4.393398e-01 5.279545e+01 1.721066e+01
      vertex   6.666447e-01 5.911364e+01 1.739720e+01
    endloop
  endfacet
  facet normal -6.343933e-01 1.113488e-16 7.730105e-01
    outer loop
      vertex   4.393398e-01 5.911364e+01 1.721066e+01
      vertex   6.666447e-01 5.911364e+01 1.739720e+01
      vertex   6.666447e-01 6.543182e+01 1.739720e+01
    endloop
  endfacet
  facet normal -4.713967e-01 8.283325e-17 8.819213e-01
    outer loop
      vertex   6.666447e-01 6.543182e+01 1.739720e+01
      vertex   6.666447e-01 5.911364e+01 1.739720e+01
      vertex   9.259749e-01 6.543182e+01 1.753582e+01
    endloop
  endfacet
  facet normal -9.569403e-01 1.450314e-16 2.902847e-01
    outer loop
      vertex   2.882208e-02 2.120455e+01 1.644264e+01
      vertex   1.141807e-01 2.752273e+01 1.672403e+01
      vertex   2.882208e-02 2.752273e+01 1.644264e+01
    endloop
  endfacet
  facet normal -9.569403e-01 1.455885e-16 2.902847e-01
    outer loop
      vertex   2.882208e-02 2.752273e+01 1.644264e+01
      vertex   1.141807e-01 2.752273e+01 1.672403e+01
      vertex   1.141807e-01 3.384091e+01 1.672403e+01
    endloop
  endfacet
  facet normal -9.569403e-01 1.450314e-16 2.902847e-01
    outer loop
      vertex   2.882208e-02 2.752273e+01 1.644264e+01
      vertex   1.141807e-01 3.384091e+01 1.672403e+01
      vertex   2.882208e-02 3.384091e+01 1.644264e+01
    endloop
  endfacet
  facet normal -9.569403e-01 1.056523e-16 2.902847e-01
    outer loop
      vertex   2.882208e-02 3.384091e+01 1.644264e+01
      vertex   1.141807e-01 3.384091e+01 1.672403e+01
      vertex   1.141807e-01 4.015909e+01 1.672403e+01
    endloop
  endfacet
  facet normal -9.569403e-01 1.008914e-16 2.902847e-01
    outer loop
      vertex   1.141807e-01 5.279545e+01 1.672403e+01
      vertex   2.882208e-02 4.647727e+01 1.644264e+01
      vertex   1.141807e-01 4.647727e+01 1.672403e+01
    endloop
  endfacet
  facet normal -9.569403e-01 1.024434e-16 2.902847e-01
    outer loop
      vertex   1.141807e-01 4.647727e+01 1.672403e+01
      vertex   2.882208e-02 4.647727e+01 1.644264e+01
      vertex   2.882208e-02 4.015909e+01 1.644264e+01
    endloop
  endfacet
  facet normal -9.951847e-01 1.508276e-16 9.801714e-02
    outer loop
      vertex   2.882208e-02 6.543182e+01 1.644264e+01
      vertex   6.106227e-15 7.175000e+01 1.615000e+01
      vertex   2.882208e-02 5.911364e+01 1.644264e+01
    endloop
  endfacet
  facet normal -9.951847e-01 1.076560e-16 9.801714e-02
    outer loop
      vertex   2.882208e-02 5.911364e+01 1.644264e+01
      vertex   6.106227e-15 7.175000e+01 1.615000e+01
      vertex   2.882208e-02 5.279545e+01 1.644264e+01
    endloop
  endfacet
  facet normal -9.569403e-01 1.035188e-16 2.902847e-01
    outer loop
      vertex   2.882208e-02 5.911364e+01 1.644264e+01
      vertex   2.882208e-02 5.279545e+01 1.644264e+01
      vertex   1.141807e-01 5.911364e+01 1.672403e+01
    endloop
  endfacet
  facet normal -9.569403e-01 1.444815e-16 2.902847e-01
    outer loop
      vertex   1.141807e-01 6.543182e+01 1.672403e+01
      vertex   2.882208e-02 6.543182e+01 1.644264e+01
      vertex   2.882208e-02 5.911364e+01 1.644264e+01
    endloop
  endfacet
  facet normal -9.569403e-01 1.471333e-16 2.902847e-01
    outer loop
      vertex   1.141807e-01 6.543182e+01 1.672403e+01
      vertex   2.882208e-02 5.911364e+01 1.644264e+01
      vertex   1.141807e-01 5.911364e+01 1.672403e+01
    endloop
  endfacet
  facet normal -9.569403e-01 1.447160e-16 2.902847e-01
    outer loop
      vertex   2.882208e-02 1.488636e+01 1.644264e+01
      vertex   1.141807e-01 1.488636e+01 1.672403e+01
      vertex   1.141807e-01 2.120455e+01 1.672403e+01
    endloop
  endfacet
  facet normal -8.819213e-01 1.336617e-16 4.713967e-01
    outer loop
      vertex   1.141807e-01 2.120455e+01 1.672403e+01
      vertex   1.141807e-01 1.488636e+01 1.672403e+01
      vertex   2.527956e-01 2.120455e+01 1.698336e+01
    endloop
  endfacet
  facet normal -8.819213e-01 1.164877e-16 4.713967e-01
    outer loop
      vertex   1.141807e-01 2.120455e+01 1.672403e+01
      vertex   2.527956e-01 2.120455e+01 1.698336e+01
      vertex   2.527956e-01 2.752273e+01 1.698336e+01
    endloop
  endfacet
  facet normal -7.730105e-01 1.018743e-16 6.343933e-01
    outer loop
      vertex   2.527956e-01 2.752273e+01 1.698336e+01
      vertex   2.527956e-01 2.120455e+01 1.698336e+01
      vertex   4.393398e-01 2.752273e+01 1.721066e+01
    endloop
  endfacet
  facet normal -7.730105e-01 1.207195e-16 6.343933e-01
    outer loop
      vertex   2.527956e-01 2.752273e+01 1.698336e+01
      vertex   4.393398e-01 2.752273e+01 1.721066e+01
      vertex   4.393398e-01 3.384091e+01 1.721066e+01
    endloop
  endfacet
  facet normal -6.343933e-01 1.003273e-16 7.730105e-01
    outer loop
      vertex   4.393398e-01 3.384091e+01 1.721066e+01
      vertex   4.393398e-01 2.752273e+01 1.721066e+01
      vertex   6.666447e-01 3.384091e+01 1.739720e+01
    endloop
  endfacet
  facet normal -6.343933e-01 7.980238e-17 7.730105e-01
    outer loop
      vertex   4.393398e-01 3.384091e+01 1.721066e+01
      vertex   6.666447e-01 3.384091e+01 1.739720e+01
      vertex   6.666447e-01 4.015909e+01 1.739720e+01
    endloop
  endfacet
  facet normal -4.713967e-01 5.798327e-17 8.819213e-01
    outer loop
      vertex   6.666447e-01 4.015909e+01 1.739720e+01
      vertex   6.666447e-01 3.384091e+01 1.739720e+01
      vertex   9.259749e-01 4.015909e+01 1.753582e+01
    endloop
  endfacet
  facet normal -4.713967e-01 7.357720e-17 8.819213e-01
    outer loop
      vertex   6.666447e-01 4.015909e+01 1.739720e+01
      vertex   9.259749e-01 4.015909e+01 1.753582e+01
      vertex   9.259749e-01 4.647727e+01 1.753582e+01
    endloop
  endfacet
  facet normal -2.902847e-01 4.590762e-17 9.569403e-01
    outer loop
      vertex   9.259749e-01 4.647727e+01 1.753582e+01
      vertex   9.259749e-01 4.015909e+01 1.753582e+01
      vertex   1.207365e+00 4.647727e+01 1.762118e+01
    endloop
  endfacet
  facet normal -2.902847e-01 6.067693e-17 9.569403e-01
    outer loop
      vertex   9.259749e-01 4.647727e+01 1.753582e+01
      vertex   1.207365e+00 4.647727e+01 1.762118e+01
      vertex   1.207365e+00 5.279545e+01 1.762118e+01
    endloop
  endfacet
  facet normal -9.801714e-02 2.066814e-17 9.951847e-01
    outer loop
      vertex   1.207365e+00 5.279545e+01 1.762118e+01
      vertex   1.207365e+00 4.647727e+01 1.762118e+01
      vertex   1.500000e+00 7.175000e+01 1.765000e+01
    endloop
  endfacet
  facet normal -8.819213e-01 1.549701e-16 4.713967e-01
    outer loop
      vertex   2.527956e-01 2.120455e+01 1.698336e+01
      vertex   1.141807e-01 1.488636e+01 1.672403e+01
      vertex   2.527956e-01 1.488636e+01 1.698336e+01
    endloop
  endfacet
  facet normal -8.819213e-01 1.336617e-16 4.713967e-01
    outer loop
      vertex   1.141807e-01 2.752273e+01 1.672403e+01
      vertex   2.527956e-01 3.384091e+01 1.698336e+01
      vertex   1.141807e-01 3.384091e+01 1.672403e+01
    endloop
  endfacet
  facet normal -8.819213e-01 1.306213e-16 4.713967e-01
    outer loop
      vertex   1.141807e-01 3.384091e+01 1.672403e+01
      vertex   2.527956e-01 3.384091e+01 1.698336e+01
      vertex   2.527956e-01 4.015909e+01 1.698336e+01
    endloop
  endfacet
  facet normal -8.819213e-01 9.685632e-17 4.713967e-01
    outer loop
      vertex   1.141807e-01 3.384091e+01 1.672403e+01
      vertex   2.527956e-01 4.015909e+01 1.698336e+01
      vertex   1.141807e-01 4.015909e+01 1.672403e+01
    endloop
  endfacet
  facet normal -8.819213e-01 1.165181e-16 4.713967e-01
    outer loop
      vertex   1.141807e-01 4.015909e+01 1.672403e+01
      vertex   2.527956e-01 4.015909e+01 1.698336e+01
      vertex   2.527956e-01 4.647727e+01 1.698336e+01
    endloop
  endfacet
  facet normal -8.819213e-01 1.317246e-16 4.713967e-01
    outer loop
      vertex   2.527956e-01 5.911364e+01 1.698336e+01
      vertex   1.141807e-01 5.279545e+01 1.672403e+01
      vertex   2.527956e-01 5.279545e+01 1.698336e+01
    endloop
  endfacet
  facet normal -8.819213e-01 9.341200e-17 4.713967e-01
    outer loop
      vertex   2.527956e-01 5.279545e+01 1.698336e+01
      vertex   1.141807e-01 5.279545e+01 1.672403e+01
      vertex   1.141807e-01 4.647727e+01 1.672403e+01
    endloop
  endfacet
  facet normal -8.819213e-01 1.320151e-16 4.713967e-01
    outer loop
      vertex   2.527956e-01 6.543182e+01 1.698336e+01
      vertex   1.141807e-01 6.543182e+01 1.672403e+01
      vertex   1.141807e-01 5.911364e+01 1.672403e+01
    endloop
  endfacet
  facet normal -7.730105e-01 1.358324e-16 6.343933e-01
    outer loop
      vertex   2.527956e-01 2.120455e+01 1.698336e+01
      vertex   2.527956e-01 1.488636e+01 1.698336e+01
      vertex   4.393398e-01 2.120455e+01 1.721066e+01
    endloop
  endfacet
  facet normal -7.730105e-01 1.154576e-16 6.343933e-01
    outer loop
      vertex   4.393398e-01 2.120455e+01 1.721066e+01
      vertex   2.527956e-01 1.488636e+01 1.698336e+01
      vertex   4.393398e-01 1.488636e+01 1.721066e+01
    endloop
  endfacet
  facet normal -6.343933e-01 9.475358e-17 7.730105e-01
    outer loop
      vertex   4.393398e-01 2.120455e+01 1.721066e+01
      vertex   4.393398e-01 1.488636e+01 1.721066e+01
      vertex   6.666447e-01 2.120455e+01 1.739720e+01
    endloop
  endfacet
  facet normal -6.343933e-01 1.114748e-16 7.730105e-01
    outer loop
      vertex   6.666447e-01 2.120455e+01 1.739720e+01
      vertex   4.393398e-01 1.488636e+01 1.721066e+01
      vertex   6.666447e-01 1.488636e+01 1.739720e+01
    endloop
  endfacet
  facet normal -4.713967e-01 8.283325e-17 8.819213e-01
    outer loop
      vertex   6.666447e-01 2.120455e+01 1.739720e+01
      vertex   6.666447e-01 1.488636e+01 1.739720e+01
      vertex   9.259749e-01 2.120455e+01 1.753582e+01
    endloop
  endfacet
  facet normal -7.730105e-01 1.154576e-16 6.343933e-01
    outer loop
      vertex   2.527956e-01 3.384091e+01 1.698336e+01
      vertex   4.393398e-01 4.015909e+01 1.721066e+01
      vertex   2.527956e-01 4.015909e+01 1.698336e+01
    endloop
  endfacet
  facet normal -7.730105e-01 1.135941e-16 6.343933e-01
    outer loop
      vertex   2.527956e-01 4.015909e+01 1.698336e+01
      vertex   4.393398e-01 4.015909e+01 1.721066e+01
      vertex   4.393398e-01 4.647727e+01 1.721066e+01
    endloop
  endfacet
  facet normal -7.730105e-01 1.018743e-16 6.343933e-01
    outer loop
      vertex   2.527956e-01 4.015909e+01 1.698336e+01
      vertex   4.393398e-01 4.647727e+01 1.721066e+01
      vertex   2.527956e-01 4.647727e+01 1.698336e+01
    endloop
  endfacet
  facet normal -7.730105e-01 1.227644e-16 6.343933e-01
    outer loop
      vertex   2.527956e-01 4.647727e+01 1.698336e+01
      vertex   4.393398e-01 4.647727e+01 1.721066e+01
      vertex   4.393398e-01 5.279545e+01 1.721066e+01
    endloop
  endfacet
  facet normal -7.730105e-01 1.154576e-16 6.343933e-01
    outer loop
      vertex   4.393398e-01 6.543182e+01 1.721066e+01
      vertex   2.527956e-01 5.911364e+01 1.698336e+01
      vertex   4.393398e-01 5.911364e+01 1.721066e+01
    endloop
  endfacet
  facet normal -7.730105e-01 1.146165e-16 6.343933e-01
    outer loop
      vertex   4.393398e-01 5.911364e+01 1.721066e+01
      vertex   2.527956e-01 5.911364e+01 1.698336e+01
      vertex   2.527956e-01 5.279545e+01 1.698336e+01
    endloop
  endfacet
  facet normal -7.730105e-01 1.152841e-16 6.343933e-01
    outer loop
      vertex   2.527956e-01 2.120455e+01 1.698336e+01
      vertex   4.393398e-01 2.120455e+01 1.721066e+01
      vertex   4.393398e-01 2.752273e+01 1.721066e+01
    endloop
  endfacet
  facet normal -6.343933e-01 9.475358e-17 7.730105e-01
    outer loop
      vertex   4.393398e-01 2.752273e+01 1.721066e+01
      vertex   4.393398e-01 2.120455e+01 1.721066e+01
      vertex   6.666447e-01 2.752273e+01 1.739720e+01
    endloop
  endfacet
  facet normal -6.343933e-01 1.020973e-16 7.730105e-01
    outer loop
      vertex   4.393398e-01 2.752273e+01 1.721066e+01
      vertex   6.666447e-01 2.752273e+01 1.739720e+01
      vertex   6.666447e-01 3.384091e+01 1.739720e+01
    endloop
  endfacet
  facet normal -4.713967e-01 7.454992e-17 8.819213e-01
    outer loop
      vertex   6.666447e-01 3.384091e+01 1.739720e+01
      vertex   6.666447e-01 2.752273e+01 1.739720e+01
      vertex   9.259749e-01 3.384091e+01 1.753582e+01
    endloop
  endfacet
  facet normal -4.713967e-01 9.062433e-17 8.819213e-01
    outer loop
      vertex   6.666447e-01 3.384091e+01 1.739720e+01
      vertex   9.259749e-01 3.384091e+01 1.753582e+01
      vertex   9.259749e-01 4.015909e+01 1.753582e+01
    endloop
  endfacet
  facet normal -2.902847e-01 5.610931e-17 9.569403e-01
    outer loop
      vertex   9.259749e-01 4.015909e+01 1.753582e+01
      vertex   9.259749e-01 3.384091e+01 1.753582e+01
      vertex   1.207365e+00 4.015909e+01 1.762118e+01
    endloop
  endfacet
  facet normal -2.902847e-01 6.031385e-17 9.569403e-01
    outer loop
      vertex   9.259749e-01 4.015909e+01 1.753582e+01
      vertex   1.207365e+00 4.015909e+01 1.762118e+01
      vertex   1.207365e+00 4.647727e+01 1.762118e+01
    endloop
  endfacet
  facet normal -9.801714e-02 2.066814e-17 9.951847e-01
    outer loop
      vertex   1.207365e+00 4.647727e+01 1.762118e+01
      vertex   1.207365e+00 4.015909e+01 1.762118e+01
      vertex   1.500000e+00 7.175000e+01 1.765000e+01
    endloop
  endfacet
  facet normal -6.343933e-01 1.226223e-16 7.730105e-01
    outer loop
      vertex   6.666447e-01 2.752273e+01 1.739720e+01
      vertex   4.393398e-01 2.120455e+01 1.721066e+01
      vertex   6.666447e-01 2.120455e+01 1.739720e+01
    endloop
  endfacet
  facet normal -6.343933e-01 9.475358e-17 7.730105e-01
    outer loop
      vertex   4.393398e-01 4.015909e+01 1.721066e+01
      vertex   6.666447e-01 4.647727e+01 1.739720e+01
      vertex   4.393398e-01 4.647727e+01 1.721066e+01
    endloop
  endfacet
  facet normal -6.343933e-01 1.114631e-16 7.730105e-01
    outer loop
      vertex   4.393398e-01 4.647727e+01 1.721066e+01
      vertex   6.666447e-01 4.647727e+01 1.739720e+01
      vertex   6.666447e-01 5.279545e+01 1.739720e+01
    endloop
  endfacet
  facet normal -6.343933e-01 1.003273e-16 7.730105e-01
    outer loop
      vertex   4.393398e-01 4.647727e+01 1.721066e+01
      vertex   6.666447e-01 5.279545e+01 1.739720e+01
      vertex   4.393398e-01 5.279545e+01 1.721066e+01
    endloop
  endfacet
  facet normal -6.343933e-01 1.002585e-16 7.730105e-01
    outer loop
      vertex   4.393398e-01 5.279545e+01 1.721066e+01
      vertex   6.666447e-01 5.279545e+01 1.739720e+01
      vertex   6.666447e-01 5.911364e+01 1.739720e+01
    endloop
  endfacet
  facet normal -6.343933e-01 9.640938e-17 7.730105e-01
    outer loop
      vertex   6.666447e-01 6.543182e+01 1.739720e+01
      vertex   4.393398e-01 6.543182e+01 1.721066e+01
      vertex   4.393398e-01 5.911364e+01 1.721066e+01
    endloop
  endfacet
  facet normal -4.713967e-01 8.283325e-17 8.819213e-01
    outer loop
      vertex   9.259749e-01 1.488636e+01 1.753582e+01
      vertex   6.666447e-01 8.568182e+00 1.739720e+01
      vertex   9.259749e-01 8.568182e+00 1.753582e+01
    endloop
  endfacet
  facet normal -4.713967e-01 9.111657e-17 8.819213e-01
    outer loop
      vertex   6.666447e-01 2.752273e+01 1.739720e+01
      vertex   6.666447e-01 2.120455e+01 1.739720e+01
      vertex   9.259749e-01 2.752273e+01 1.753582e+01
    endloop
  endfacet
  facet normal -4.713967e-01 9.939990e-17 8.819213e-01
    outer loop
      vertex   9.259749e-01 2.752273e+01 1.753582e+01
      vertex   6.666447e-01 2.120455e+01 1.739720e+01
      vertex   9.259749e-01 2.120455e+01 1.753582e+01
    endloop
  endfacet
  facet normal -2.902847e-01 6.121015e-17 9.569403e-01
    outer loop
      vertex   9.259749e-01 2.752273e+01 1.753582e+01
      vertex   9.259749e-01 2.120455e+01 1.753582e+01
      vertex   1.207365e+00 2.752273e+01 1.762118e+01
    endloop
  endfacet
  facet normal -4.713967e-01 8.283325e-17 8.819213e-01
    outer loop
      vertex   6.666447e-01 4.647727e+01 1.739720e+01
      vertex   9.259749e-01 5.279545e+01 1.753582e+01
      vertex   6.666447e-01 5.279545e+01 1.739720e+01
    endloop
  endfacet
  facet normal -4.713967e-01 9.014385e-17 8.819213e-01
    outer loop
      vertex   6.666447e-01 5.279545e+01 1.739720e+01
      vertex   9.259749e-01 5.279545e+01 1.753582e+01
      vertex   9.259749e-01 5.911364e+01 1.753582e+01
    endloop
  endfacet
  facet normal -4.713967e-01 7.454992e-17 8.819213e-01
    outer loop
      vertex   6.666447e-01 5.279545e+01 1.739720e+01
      vertex   9.259749e-01 5.911364e+01 1.753582e+01
      vertex   6.666447e-01 5.911364e+01 1.739720e+01
    endloop
  endfacet
  facet normal -4.713967e-01 7.520439e-17 8.819213e-01
    outer loop
      vertex   6.666447e-01 5.911364e+01 1.739720e+01
      vertex   9.259749e-01 5.911364e+01 1.753582e+01
      vertex   9.259749e-01 6.543182e+01 1.753582e+01
    endloop
  endfacet
  facet normal -2.902847e-01 5.100846e-17 9.569403e-01
    outer loop
      vertex   9.259749e-01 1.488636e+01 1.753582e+01
      vertex   9.259749e-01 8.568182e+00 1.753582e+01
      vertex   1.207365e+00 1.488636e+01 1.762118e+01
    endloop
  endfacet
  facet normal -2.902847e-01 6.121015e-17 9.569403e-01
    outer loop
      vertex   1.207365e+00 1.488636e+01 1.762118e+01
      vertex   9.259749e-01 8.568182e+00 1.753582e+01
      vertex   1.207365e+00 8.568182e+00 1.762118e+01
    endloop
  endfacet
  facet normal -9.801714e-02 2.066814e-17 9.951847e-01
    outer loop
      vertex   1.207365e+00 1.488636e+01 1.762118e+01
      vertex   1.207365e+00 8.568182e+00 1.762118e+01
      vertex   1.500000e+00 2.250000e+00 1.765000e+01
    endloop
  endfacet
  facet normal -4.713967e-01 8.152741e-17 8.819213e-01
    outer loop
      vertex   6.666447e-01 2.752273e+01 1.739720e+01
      vertex   9.259749e-01 2.752273e+01 1.753582e+01
      vertex   9.259749e-01 3.384091e+01 1.753582e+01
    endloop
  endfacet
  facet normal -2.902847e-01 5.100846e-17 9.569403e-01
    outer loop
      vertex   9.259749e-01 3.384091e+01 1.753582e+01
      vertex   9.259749e-01 2.752273e+01 1.753582e+01
      vertex   1.207365e+00 3.384091e+01 1.762118e+01
    endloop
  endfacet
  facet normal -2.902847e-01 6.081530e-17 9.569403e-01
    outer loop
      vertex   9.259749e-01 3.384091e+01 1.753582e+01
      vertex   1.207365e+00 3.384091e+01 1.762118e+01
      vertex   1.207365e+00 4.015909e+01 1.762118e+01
    endloop
  endfacet
  facet normal -9.801714e-02 2.066814e-17 9.951847e-01
    outer loop
      vertex   1.207365e+00 4.015909e+01 1.762118e+01
      vertex   1.207365e+00 3.384091e+01 1.762118e+01
      vertex   1.500000e+00 7.175000e+01 1.765000e+01
    endloop
  endfacet
  facet normal -2.902847e-01 4.080677e-17 9.569403e-01
    outer loop
      vertex   1.207365e+00 3.384091e+01 1.762118e+01
      vertex   9.259749e-01 2.752273e+01 1.753582e+01
      vertex   1.207365e+00 2.752273e+01 1.762118e+01
    endloop
  endfacet
  facet normal -2.902847e-01 4.660200e-17 9.569403e-01
    outer loop
      vertex   1.207365e+00 6.543182e+01 1.762118e+01
      vertex   9.259749e-01 6.543182e+01 1.753582e+01
      vertex   9.259749e-01 5.911364e+01 1.753582e+01
    endloop
  endfacet
  facet normal -2.902847e-01 7.141185e-17 9.569403e-01
    outer loop
      vertex   1.207365e+00 6.543182e+01 1.762118e+01
      vertex   9.259749e-01 5.911364e+01 1.753582e+01
      vertex   1.207365e+00 5.911364e+01 1.762118e+01
    endloop
  endfacet
  facet normal -2.902847e-01 5.557608e-17 9.569403e-01
    outer loop
      vertex   1.207365e+00 5.911364e+01 1.762118e+01
      vertex   9.259749e-01 5.911364e+01 1.753582e+01
      vertex   9.259749e-01 5.279545e+01 1.753582e+01
    endloop
  endfacet
  facet normal -9.801714e-02 2.091650e-17 9.951847e-01
    outer loop
      vertex   1.500000e+00 2.250000e+00 1.765000e+01
      vertex   1.207365e+00 2.120455e+01 1.762118e+01
      vertex   1.207365e+00 1.488636e+01 1.762118e+01
    endloop
  endfacet
  facet normal -2.902847e-01 6.121015e-17 9.569403e-01
    outer loop
      vertex   1.207365e+00 1.488636e+01 1.762118e+01
      vertex   1.207365e+00 2.120455e+01 1.762118e+01
      vertex   9.259749e-01 1.488636e+01 1.753582e+01
    endloop
  endfacet
  facet normal -8.673923e-02 -9.914339e-01 9.764772e-02
    outer loop
      vertex   2.250000e+00 2.775558e-16 1.615000e+01
      vertex   2.250000e+00 2.882208e-02 1.644264e+01
      vertex   1.859292e+00 3.418256e-02 1.615000e+01
    endloop
  endfacet
  facet normal -8.673923e-02 -9.914339e-01 9.764772e-02
    outer loop
      vertex   1.859292e+00 3.418256e-02 1.615000e+01
      vertex   2.250000e+00 2.882208e-02 1.644264e+01
      vertex   1.864297e+00 6.256676e-02 1.644264e+01
    endloop
  endfacet
  facet normal -2.575822e-01 -9.613097e-01 9.764772e-02
    outer loop
      vertex   1.859292e+00 3.418256e-02 1.615000e+01
      vertex   1.864297e+00 6.256676e-02 1.644264e+01
      vertex   1.480455e+00 1.356916e-01 1.615000e+01
    endloop
  endfacet
  facet normal -2.575822e-01 -9.613097e-01 9.764772e-02
    outer loop
      vertex   1.480455e+00 1.356916e-01 1.615000e+01
      vertex   1.864297e+00 6.256676e-02 1.644264e+01
      vertex   1.490312e+00 1.627755e-01 1.644264e+01
    endloop
  endfacet
  facet normal -4.205986e-01 -9.019766e-01 9.764772e-02
    outer loop
      vertex   1.480455e+00 1.356916e-01 1.615000e+01
      vertex   1.490312e+00 1.627755e-01 1.644264e+01
      vertex   1.125000e+00 3.014428e-01 1.615000e+01
    endloop
  endfacet
  facet normal -4.205986e-01 -9.019766e-01 9.764772e-02
    outer loop
      vertex   1.125000e+00 3.014428e-01 1.615000e+01
      vertex   1.490312e+00 1.627755e-01 1.644264e+01
      vertex   1.139411e+00 3.264035e-01 1.644264e+01
    endloop
  endfacet
  facet normal -5.708353e-01 -8.152374e-01 9.764772e-02
    outer loop
      vertex   1.125000e+00 3.014428e-01 1.615000e+01
      vertex   1.139411e+00 3.264035e-01 1.644264e+01
      vertex   8.037279e-01 5.264000e-01 1.615000e+01
    endloop
  endfacet
  facet normal -5.708353e-01 -8.152374e-01 9.764772e-02
    outer loop
      vertex   8.037279e-01 5.264000e-01 1.615000e+01
      vertex   1.139411e+00 3.264035e-01 1.644264e+01
      vertex   8.222544e-01 5.484790e-01 1.644264e+01
    endloop
  endfacet
  facet normal -7.037275e-01 -7.037275e-01 9.764772e-02
    outer loop
      vertex   8.037279e-01 5.264000e-01 1.615000e+01
      vertex   8.222544e-01 5.484790e-01 1.644264e+01
      vertex   5.264000e-01 8.037279e-01 1.615000e+01
    endloop
  endfacet
  facet normal -7.037275e-01 -7.037275e-01 9.764772e-02
    outer loop
      vertex   5.264000e-01 8.037279e-01 1.615000e+01
      vertex   8.222544e-01 5.484790e-01 1.644264e+01
      vertex   5.484790e-01 8.222544e-01 1.644264e+01
    endloop
  endfacet
  facet normal -8.152374e-01 -5.708353e-01 9.764772e-02
    outer loop
      vertex   5.264000e-01 8.037279e-01 1.615000e+01
      vertex   5.484790e-01 8.222544e-01 1.644264e+01
      vertex   3.014428e-01 1.125000e+00 1.615000e+01
    endloop
  endfacet
  facet normal -8.152374e-01 -5.708353e-01 9.764772e-02
    outer loop
      vertex   3.014428e-01 1.125000e+00 1.615000e+01
      vertex   5.484790e-01 8.222544e-01 1.644264e+01
      vertex   3.264035e-01 1.139411e+00 1.644264e+01
    endloop
  endfacet
  facet normal -9.019766e-01 -4.205986e-01 9.764772e-02
    outer loop
      vertex   3.014428e-01 1.125000e+00 1.615000e+01
      vertex   3.264035e-01 1.139411e+00 1.644264e+01
      vertex   1.356916e-01 1.480455e+00 1.615000e+01
    endloop
  endfacet
  facet normal -9.019766e-01 -4.205986e-01 9.764772e-02
    outer loop
      vertex   1.356916e-01 1.480455e+00 1.615000e+01
      vertex   3.264035e-01 1.139411e+00 1.644264e+01
      vertex   1.627755e-01 1.490312e+00 1.644264e+01
    endloop
  endfacet
  facet normal -9.613097e-01 -2.575822e-01 9.764772e-02
    outer loop
      vertex   1.356916e-01 1.480455e+00 1.615000e+01
      vertex   1.627755e-01 1.490312e+00 1.644264e+01
      vertex   3.418256e-02 1.859292e+00 1.615000e+01
    endloop
  endfacet
  facet normal -9.613097e-01 -2.575822e-01 9.764772e-02
    outer loop
      vertex   3.418256e-02 1.859292e+00 1.615000e+01
      vertex   1.627755e-01 1.490312e+00 1.644264e+01
      vertex   6.256676e-02 1.864297e+00 1.644264e+01
    endloop
  endfacet
  facet normal -9.914339e-01 -8.673923e-02 9.764772e-02
    outer loop
      vertex   3.418256e-02 1.859292e+00 1.615000e+01
      vertex   6.256676e-02 1.864297e+00 1.644264e+01
      vertex   -4.440892e-15 2.250000e+00 1.615000e+01
    endloop
  endfacet
  facet normal -9.914339e-01 -8.673923e-02 9.764772e-02
    outer loop
      vertex   -4.440892e-15 2.250000e+00 1.615000e+01
      vertex   6.256676e-02 1.864297e+00 1.644264e+01
      vertex   2.882208e-02 2.250000e+00 1.644264e+01
    endloop
  endfacet
  facet normal -9.536041e-01 -8.342955e-02 2.892727e-01
    outer loop
      vertex   2.882208e-02 2.250000e+00 1.644264e+01
      vertex   6.256676e-02 1.864297e+00 1.644264e+01
      vertex   1.466286e-01 1.879119e+00 1.672403e+01
    endloop
  endfacet
  facet normal -9.536041e-01 -8.342955e-02 2.892727e-01
    outer loop
      vertex   2.882208e-02 2.250000e+00 1.644264e+01
      vertex   1.466286e-01 1.879119e+00 1.672403e+01
      vertex   1.141807e-01 2.250000e+00 1.672403e+01
    endloop
  endfacet
  facet normal -8.793077e-01 -7.692946e-02 4.699998e-01
    outer loop
      vertex   1.141807e-01 2.250000e+00 1.672403e+01
      vertex   1.466286e-01 1.879119e+00 1.672403e+01
      vertex   2.831376e-01 1.903189e+00 1.698336e+01
    endloop
  endfacet
  facet normal -8.793077e-01 -7.692946e-02 4.699998e-01
    outer loop
      vertex   1.141807e-01 2.250000e+00 1.672403e+01
      vertex   2.831376e-01 1.903189e+00 1.698336e+01
      vertex   2.527956e-01 2.250000e+00 1.698336e+01
    endloop
  endfacet
  facet normal -7.712487e-01 -6.747552e-02 6.329475e-01
    outer loop
      vertex   2.527956e-01 2.250000e+00 1.698336e+01
      vertex   2.831376e-01 1.903189e+00 1.698336e+01
      vertex   4.668478e-01 1.935582e+00 1.721066e+01
    endloop
  endfacet
  facet normal -7.712487e-01 -6.747552e-02 6.329475e-01
    outer loop
      vertex   2.527956e-01 2.250000e+00 1.698336e+01
      vertex   4.668478e-01 1.935582e+00 1.721066e+01
      vertex   4.393398e-01 2.250000e+00 1.721066e+01
    endloop
  endfacet
  facet normal -6.334184e-01 -5.541693e-02 7.718226e-01
    outer loop
      vertex   4.393398e-01 2.250000e+00 1.721066e+01
      vertex   4.668478e-01 1.935582e+00 1.721066e+01
      vertex   6.906994e-01 1.975053e+00 1.739720e+01
    endloop
  endfacet
  facet normal -6.334184e-01 -5.541693e-02 7.718226e-01
    outer loop
      vertex   4.393398e-01 2.250000e+00 1.721066e+01
      vertex   6.906994e-01 1.975053e+00 1.739720e+01
      vertex   6.666447e-01 2.250000e+00 1.739720e+01
    endloop
  endfacet
  facet normal -4.709964e-01 -4.120684e-02 8.811722e-01
    outer loop
      vertex   6.666447e-01 2.250000e+00 1.739720e+01
      vertex   6.906994e-01 1.975053e+00 1.739720e+01
      vertex   9.460898e-01 2.020085e+00 1.753582e+01
    endloop
  endfacet
  facet normal -4.709964e-01 -4.120684e-02 8.811722e-01
    outer loop
      vertex   6.666447e-01 2.250000e+00 1.739720e+01
      vertex   9.460898e-01 2.020085e+00 1.753582e+01
      vertex   9.259749e-01 2.250000e+00 1.753582e+01
    endloop
  endfacet
  facet normal -2.901911e-01 -2.538843e-02 9.566319e-01
    outer loop
      vertex   9.259749e-01 2.250000e+00 1.753582e+01
      vertex   9.460898e-01 2.020085e+00 1.753582e+01
      vertex   1.223204e+00 2.068948e+00 1.762118e+01
    endloop
  endfacet
  facet normal -2.901911e-01 -2.538843e-02 9.566319e-01
    outer loop
      vertex   9.259749e-01 2.250000e+00 1.753582e+01
      vertex   1.223204e+00 2.068948e+00 1.762118e+01
      vertex   1.207365e+00 2.250000e+00 1.762118e+01
    endloop
  endfacet
  facet normal -9.801354e-02 -8.575073e-03 9.951481e-01
    outer loop
      vertex   1.207365e+00 2.250000e+00 1.762118e+01
      vertex   1.223204e+00 2.068948e+00 1.762118e+01
      vertex   1.500000e+00 2.250000e+00 1.765000e+01
    endloop
  endfacet
  facet normal -9.542670e-02 -1.256316e-02 9.953572e-01
    outer loop
      vertex   1.500000e+00 2.250000e+00 1.765000e+01
      vertex   1.223204e+00 2.068948e+00 1.762118e+01
      vertex   1.525556e+00 2.055886e+00 1.765000e+01
    endloop
  endfacet
  facet normal -9.596580e-02 -2.571396e-02 9.950524e-01
    outer loop
      vertex   1.525556e+00 2.055886e+00 1.765000e+01
      vertex   1.223204e+00 2.068948e+00 1.762118e+01
      vertex   1.270243e+00 1.893398e+00 1.762118e+01
    endloop
  endfacet
  facet normal -8.892353e-02 -3.683333e-02 9.953572e-01
    outer loop
      vertex   1.525556e+00 2.055886e+00 1.765000e+01
      vertex   1.270243e+00 1.893398e+00 1.762118e+01
      vertex   1.600481e+00 1.875000e+00 1.765000e+01
    endloop
  endfacet
  facet normal -8.916975e-02 -4.158054e-02 9.951481e-01
    outer loop
      vertex   1.600481e+00 1.875000e+00 1.765000e+01
      vertex   1.270243e+00 1.893398e+00 1.762118e+01
      vertex   1.347051e+00 1.728682e+00 1.762118e+01
    endloop
  endfacet
  facet normal -8.059468e-02 -5.643300e-02 9.951481e-01
    outer loop
      vertex   1.600481e+00 1.875000e+00 1.765000e+01
      vertex   1.347051e+00 1.728682e+00 1.762118e+01
      vertex   1.451295e+00 1.579807e+00 1.762118e+01
    endloop
  endfacet
  facet normal -2.386187e-01 -1.670826e-01 9.566319e-01
    outer loop
      vertex   1.451295e+00 1.579807e+00 1.762118e+01
      vertex   1.347051e+00 1.728682e+00 1.762118e+01
      vertex   1.103361e+00 1.587987e+00 1.753582e+01
    endloop
  endfacet
  facet normal -2.386187e-01 -1.670826e-01 9.566319e-01
    outer loop
      vertex   1.451295e+00 1.579807e+00 1.762118e+01
      vertex   1.103361e+00 1.587987e+00 1.753582e+01
      vertex   1.235738e+00 1.398933e+00 1.753582e+01
    endloop
  endfacet
  facet normal -3.872914e-01 -2.711843e-01 8.811722e-01
    outer loop
      vertex   1.235738e+00 1.398933e+00 1.753582e+01
      vertex   1.103361e+00 1.587987e+00 1.753582e+01
      vertex   8.787740e-01 1.458322e+00 1.739720e+01
    endloop
  endfacet
  facet normal -3.872914e-01 -2.711843e-01 8.811722e-01
    outer loop
      vertex   1.235738e+00 1.398933e+00 1.753582e+01
      vertex   8.787740e-01 1.458322e+00 1.739720e+01
      vertex   1.037079e+00 1.232239e+00 1.739720e+01
    endloop
  endfacet
  facet normal -5.208480e-01 -3.647017e-01 7.718226e-01
    outer loop
      vertex   1.037079e+00 1.232239e+00 1.739720e+01
      vertex   8.787740e-01 1.458322e+00 1.739720e+01
      vertex   6.819223e-01 1.344670e+00 1.721066e+01
    endloop
  endfacet
  facet normal -5.208480e-01 -3.647017e-01 7.718226e-01
    outer loop
      vertex   1.037079e+00 1.232239e+00 1.739720e+01
      vertex   6.819223e-01 1.344670e+00 1.721066e+01
      vertex   8.629538e-01 1.086130e+00 1.721066e+01
    endloop
  endfacet
  facet normal -6.341832e-01 -4.440599e-01 6.329475e-01
    outer loop
      vertex   8.629538e-01 1.086130e+00 1.721066e+01
      vertex   6.819223e-01 1.344670e+00 1.721066e+01
      vertex   5.203702e-01 1.251398e+00 1.698336e+01
    endloop
  endfacet
  facet normal -6.341832e-01 -4.440599e-01 6.329475e-01
    outer loop
      vertex   8.629538e-01 1.086130e+00 1.721066e+01
      vertex   5.203702e-01 1.251398e+00 1.698336e+01
      vertex   7.200527e-01 9.662217e-01 1.698336e+01
    endloop
  endfacet
  facet normal -7.230381e-01 -5.062767e-01 4.699998e-01
    outer loop
      vertex   7.200527e-01 9.662217e-01 1.698336e+01
      vertex   5.203702e-01 1.251398e+00 1.698336e+01
      vertex   4.003262e-01 1.182090e+00 1.672403e+01
    endloop
  endfacet
  facet normal -7.230381e-01 -5.062767e-01 4.699998e-01
    outer loop
      vertex   7.200527e-01 9.662217e-01 1.698336e+01
      vertex   4.003262e-01 1.182090e+00 1.672403e+01
      vertex   6.138675e-01 8.771218e-01 1.672403e+01
    endloop
  endfacet
  facet normal -7.841306e-01 -5.490542e-01 2.892727e-01
    outer loop
      vertex   6.138675e-01 8.771218e-01 1.672403e+01
      vertex   4.003262e-01 1.182090e+00 1.672403e+01
      vertex   3.264035e-01 1.139411e+00 1.644264e+01
    endloop
  endfacet
  facet normal -7.841306e-01 -5.490542e-01 2.892727e-01
    outer loop
      vertex   6.138675e-01 8.771218e-01 1.672403e+01
      vertex   3.264035e-01 1.139411e+00 1.644264e+01
      vertex   5.484790e-01 8.222544e-01 1.644264e+01
    endloop
  endfacet
  facet normal -8.342955e-02 -9.536041e-01 2.892727e-01
    outer loop
      vertex   2.250000e+00 2.882208e-02 1.644264e+01
      vertex   2.250000e+00 1.141807e-01 1.672403e+01
      vertex   1.864297e+00 6.256676e-02 1.644264e+01
    endloop
  endfacet
  facet normal -8.342955e-02 -9.536041e-01 2.892727e-01
    outer loop
      vertex   1.864297e+00 6.256676e-02 1.644264e+01
      vertex   2.250000e+00 1.141807e-01 1.672403e+01
      vertex   1.879119e+00 1.466286e-01 1.672403e+01
    endloop
  endfacet
  facet normal -2.477537e-01 -9.246294e-01 2.892727e-01
    outer loop
      vertex   1.864297e+00 6.256676e-02 1.644264e+01
      vertex   1.879119e+00 1.466286e-01 1.672403e+01
      vertex   1.490312e+00 1.627755e-01 1.644264e+01
    endloop
  endfacet
  facet normal -2.477537e-01 -9.246294e-01 2.892727e-01
    outer loop
      vertex   1.490312e+00 1.627755e-01 1.644264e+01
      vertex   1.879119e+00 1.466286e-01 1.672403e+01
      vertex   1.519507e+00 2.429864e-01 1.672403e+01
    endloop
  endfacet
  facet normal -4.045500e-01 -8.675602e-01 2.892727e-01
    outer loop
      vertex   1.490312e+00 1.627755e-01 1.644264e+01
      vertex   1.519507e+00 2.429864e-01 1.672403e+01
      vertex   1.139411e+00 3.264035e-01 1.644264e+01
    endloop
  endfacet
  facet normal -4.045500e-01 -8.675602e-01 2.892727e-01
    outer loop
      vertex   1.139411e+00 3.264035e-01 1.644264e+01
      vertex   1.519507e+00 2.429864e-01 1.672403e+01
      vertex   1.182090e+00 4.003262e-01 1.672403e+01
    endloop
  endfacet
  facet normal -5.490542e-01 -7.841306e-01 2.892727e-01
    outer loop
      vertex   1.139411e+00 3.264035e-01 1.644264e+01
      vertex   1.182090e+00 4.003262e-01 1.672403e+01
      vertex   8.222544e-01 5.484790e-01 1.644264e+01
    endloop
  endfacet
  facet normal -5.490542e-01 -7.841306e-01 2.892727e-01
    outer loop
      vertex   8.222544e-01 5.484790e-01 1.644264e+01
      vertex   1.182090e+00 4.003262e-01 1.672403e+01
      vertex   8.771218e-01 6.138675e-01 1.672403e+01
    endloop
  endfacet
  facet normal -6.768757e-01 -6.768757e-01 2.892727e-01
    outer loop
      vertex   8.222544e-01 5.484790e-01 1.644264e+01
      vertex   8.771218e-01 6.138675e-01 1.672403e+01
      vertex   5.484790e-01 8.222544e-01 1.644264e+01
    endloop
  endfacet
  facet normal -6.768757e-01 -6.768757e-01 2.892727e-01
    outer loop
      vertex   5.484790e-01 8.222544e-01 1.644264e+01
      vertex   8.771218e-01 6.138675e-01 1.672403e+01
      vertex   6.138675e-01 8.771218e-01 1.672403e+01
    endloop
  endfacet
  facet normal -7.692946e-02 -8.793077e-01 4.699998e-01
    outer loop
      vertex   2.250000e+00 1.141807e-01 1.672403e+01
      vertex   2.250000e+00 2.527956e-01 1.698336e+01
      vertex   1.879119e+00 1.466286e-01 1.672403e+01
    endloop
  endfacet
  facet normal -7.692946e-02 -8.793077e-01 4.699998e-01
    outer loop
      vertex   1.879119e+00 1.466286e-01 1.672403e+01
      vertex   2.250000e+00 2.527956e-01 1.698336e+01
      vertex   1.903189e+00 2.831376e-01 1.698336e+01
    endloop
  endfacet
  facet normal -2.284509e-01 -8.525904e-01 4.699998e-01
    outer loop
      vertex   1.879119e+00 1.466286e-01 1.672403e+01
      vertex   1.903189e+00 2.831376e-01 1.698336e+01
      vertex   1.519507e+00 2.429864e-01 1.672403e+01
    endloop
  endfacet
  facet normal -2.284509e-01 -8.525904e-01 4.699998e-01
    outer loop
      vertex   1.519507e+00 2.429864e-01 1.672403e+01
      vertex   1.903189e+00 2.831376e-01 1.698336e+01
      vertex   1.566916e+00 3.732417e-01 1.698336e+01
    endloop
  endfacet
  facet normal -3.730310e-01 -7.999676e-01 4.699998e-01
    outer loop
      vertex   1.519507e+00 2.429864e-01 1.672403e+01
      vertex   1.566916e+00 3.732417e-01 1.698336e+01
      vertex   1.182090e+00 4.003262e-01 1.672403e+01
    endloop
  endfacet
  facet normal -3.730310e-01 -7.999676e-01 4.699998e-01
    outer loop
      vertex   1.182090e+00 4.003262e-01 1.672403e+01
      vertex   1.566916e+00 3.732417e-01 1.698336e+01
      vertex   1.251398e+00 5.203702e-01 1.698336e+01
    endloop
  endfacet
  facet normal -5.062767e-01 -7.230381e-01 4.699998e-01
    outer loop
      vertex   1.182090e+00 4.003262e-01 1.672403e+01
      vertex   1.251398e+00 5.203702e-01 1.698336e+01
      vertex   8.771218e-01 6.138675e-01 1.672403e+01
    endloop
  endfacet
  facet normal -5.062767e-01 -7.230381e-01 4.699998e-01
    outer loop
      vertex   8.771218e-01 6.138675e-01 1.672403e+01
      vertex   1.251398e+00 5.203702e-01 1.698336e+01
      vertex   9.662217e-01 7.200527e-01 1.698336e+01
    endloop
  endfacet
  facet normal -6.241395e-01 -6.241395e-01 4.699998e-01
    outer loop
      vertex   8.771218e-01 6.138675e-01 1.672403e+01
      vertex   9.662217e-01 7.200527e-01 1.698336e+01
      vertex   6.138675e-01 8.771218e-01 1.672403e+01
    endloop
  endfacet
  facet normal -6.241395e-01 -6.241395e-01 4.699998e-01
    outer loop
      vertex   6.138675e-01 8.771218e-01 1.672403e+01
      vertex   9.662217e-01 7.200527e-01 1.698336e+01
      vertex   7.200527e-01 9.662217e-01 1.698336e+01
    endloop
  endfacet
  facet normal -6.747552e-02 -7.712487e-01 6.329475e-01
    outer loop
      vertex   2.250000e+00 2.527956e-01 1.698336e+01
      vertex   2.250000e+00 4.393398e-01 1.721066e+01
      vertex   1.903189e+00 2.831376e-01 1.698336e+01
    endloop
  endfacet
  facet normal -6.747552e-02 -7.712487e-01 6.329475e-01
    outer loop
      vertex   1.903189e+00 2.831376e-01 1.698336e+01
      vertex   2.250000e+00 4.393398e-01 1.721066e+01
      vertex   1.935582e+00 4.668478e-01 1.721066e+01
    endloop
  endfacet
  facet normal -2.003763e-01 -7.478147e-01 6.329475e-01
    outer loop
      vertex   1.903189e+00 2.831376e-01 1.698336e+01
      vertex   1.935582e+00 4.668478e-01 1.721066e+01
      vertex   1.566916e+00 3.732417e-01 1.698336e+01
    endloop
  endfacet
  facet normal -2.003763e-01 -7.478147e-01 6.329475e-01
    outer loop
      vertex   1.566916e+00 3.732417e-01 1.698336e+01
      vertex   1.935582e+00 4.668478e-01 1.721066e+01
      vertex   1.630718e+00 5.485360e-01 1.721066e+01
    endloop
  endfacet
  facet normal -3.271888e-01 -7.016587e-01 6.329475e-01
    outer loop
      vertex   1.566916e+00 3.732417e-01 1.698336e+01
      vertex   1.630718e+00 5.485360e-01 1.721066e+01
      vertex   1.251398e+00 5.203702e-01 1.698336e+01
    endloop
  endfacet
  facet normal -3.271888e-01 -7.016587e-01 6.329475e-01
    outer loop
      vertex   1.251398e+00 5.203702e-01 1.698336e+01
      vertex   1.630718e+00 5.485360e-01 1.721066e+01
      vertex   1.344670e+00 6.819223e-01 1.721066e+01
    endloop
  endfacet
  facet normal -4.440599e-01 -6.341832e-01 6.329475e-01
    outer loop
      vertex   1.251398e+00 5.203702e-01 1.698336e+01
      vertex   1.344670e+00 6.819223e-01 1.721066e+01
      vertex   9.662217e-01 7.200527e-01 1.698336e+01
    endloop
  endfacet
  facet normal -4.440599e-01 -6.341832e-01 6.329475e-01
    outer loop
      vertex   9.662217e-01 7.200527e-01 1.698336e+01
      vertex   1.344670e+00 6.819223e-01 1.721066e+01
      vertex   1.086130e+00 8.629538e-01 1.721066e+01
    endloop
  endfacet
  facet normal -5.474384e-01 -5.474384e-01 6.329475e-01
    outer loop
      vertex   9.662217e-01 7.200527e-01 1.698336e+01
      vertex   1.086130e+00 8.629538e-01 1.721066e+01
      vertex   7.200527e-01 9.662217e-01 1.698336e+01
    endloop
  endfacet
  facet normal -5.474384e-01 -5.474384e-01 6.329475e-01
    outer loop
      vertex   7.200527e-01 9.662217e-01 1.698336e+01
      vertex   1.086130e+00 8.629538e-01 1.721066e+01
      vertex   8.629538e-01 1.086130e+00 1.721066e+01
    endloop
  endfacet
  facet normal -5.541693e-02 -6.334184e-01 7.718226e-01
    outer loop
      vertex   2.250000e+00 4.393398e-01 1.721066e+01
      vertex   2.250000e+00 6.666447e-01 1.739720e+01
      vertex   1.935582e+00 4.668478e-01 1.721066e+01
    endloop
  endfacet
  facet normal -5.541693e-02 -6.334184e-01 7.718226e-01
    outer loop
      vertex   1.935582e+00 4.668478e-01 1.721066e+01
      vertex   2.250000e+00 6.666447e-01 1.739720e+01
      vertex   1.975053e+00 6.906994e-01 1.739720e+01
    endloop
  endfacet
  facet normal -1.645670e-01 -6.141723e-01 7.718226e-01
    outer loop
      vertex   1.935582e+00 4.668478e-01 1.721066e+01
      vertex   1.975053e+00 6.906994e-01 1.739720e+01
      vertex   1.630718e+00 5.485360e-01 1.721066e+01
    endloop
  endfacet
  facet normal -1.645670e-01 -6.141723e-01 7.718226e-01
    outer loop
      vertex   1.630718e+00 5.485360e-01 1.721066e+01
      vertex   1.975053e+00 6.906994e-01 1.739720e+01
      vertex   1.708461e+00 7.621327e-01 1.739720e+01
    endloop
  endfacet
  facet normal -2.687167e-01 -5.762649e-01 7.718226e-01
    outer loop
      vertex   1.630718e+00 5.485360e-01 1.721066e+01
      vertex   1.708461e+00 7.621327e-01 1.739720e+01
      vertex   1.344670e+00 6.819223e-01 1.721066e+01
    endloop
  endfacet
  facet normal -2.687167e-01 -5.762649e-01 7.718226e-01
    outer loop
      vertex   1.344670e+00 6.819223e-01 1.721066e+01
      vertex   1.708461e+00 7.621327e-01 1.739720e+01
      vertex   1.458322e+00 8.787740e-01 1.739720e+01
    endloop
  endfacet
  facet normal -3.647017e-01 -5.208480e-01 7.718226e-01
    outer loop
      vertex   1.344670e+00 6.819223e-01 1.721066e+01
      vertex   1.458322e+00 8.787740e-01 1.739720e+01
      vertex   1.086130e+00 8.629538e-01 1.721066e+01
    endloop
  endfacet
  facet normal -3.647017e-01 -5.208480e-01 7.718226e-01
    outer loop
      vertex   1.086130e+00 8.629538e-01 1.721066e+01
      vertex   1.458322e+00 8.787740e-01 1.739720e+01
      vertex   1.232239e+00 1.037079e+00 1.739720e+01
    endloop
  endfacet
  facet normal -4.496053e-01 -4.496053e-01 7.718226e-01
    outer loop
      vertex   1.086130e+00 8.629538e-01 1.721066e+01
      vertex   1.232239e+00 1.037079e+00 1.739720e+01
      vertex   8.629538e-01 1.086130e+00 1.721066e+01
    endloop
  endfacet
  facet normal -4.496053e-01 -4.496053e-01 7.718226e-01
    outer loop
      vertex   8.629538e-01 1.086130e+00 1.721066e+01
      vertex   1.232239e+00 1.037079e+00 1.739720e+01
      vertex   1.037079e+00 1.232239e+00 1.739720e+01
    endloop
  endfacet
  facet normal -4.120684e-02 -4.709964e-01 8.811722e-01
    outer loop
      vertex   2.250000e+00 6.666447e-01 1.739720e+01
      vertex   2.250000e+00 9.259749e-01 1.753582e+01
      vertex   1.975053e+00 6.906994e-01 1.739720e+01
    endloop
  endfacet
  facet normal -4.120684e-02 -4.709964e-01 8.811722e-01
    outer loop
      vertex   1.975053e+00 6.906994e-01 1.739720e+01
      vertex   2.250000e+00 9.259749e-01 1.753582e+01
      vertex   2.020085e+00 9.460898e-01 1.753582e+01
    endloop
  endfacet
  facet normal -1.223685e-01 -4.566854e-01 8.811722e-01
    outer loop
      vertex   1.975053e+00 6.906994e-01 1.739720e+01
      vertex   2.020085e+00 9.460898e-01 1.753582e+01
      vertex   1.708461e+00 7.621327e-01 1.739720e+01
    endloop
  endfacet
  facet normal -1.223685e-01 -4.566854e-01 8.811722e-01
    outer loop
      vertex   1.708461e+00 7.621327e-01 1.739720e+01
      vertex   2.020085e+00 9.460898e-01 1.753582e+01
      vertex   1.797157e+00 1.005823e+00 1.753582e+01
    endloop
  endfacet
  facet normal -1.998120e-01 -4.284982e-01 8.811722e-01
    outer loop
      vertex   1.708461e+00 7.621327e-01 1.739720e+01
      vertex   1.797157e+00 1.005823e+00 1.753582e+01
      vertex   1.458322e+00 8.787740e-01 1.739720e+01
    endloop
  endfacet
  facet normal -1.998120e-01 -4.284982e-01 8.811722e-01
    outer loop
      vertex   1.458322e+00 8.787740e-01 1.739720e+01
      vertex   1.797157e+00 1.005823e+00 1.753582e+01
      vertex   1.587987e+00 1.103361e+00 1.753582e+01
    endloop
  endfacet
  facet normal -2.711843e-01 -3.872914e-01 8.811722e-01
    outer loop
      vertex   1.458322e+00 8.787740e-01 1.739720e+01
      vertex   1.587987e+00 1.103361e+00 1.753582e+01
      vertex   1.232239e+00 1.037079e+00 1.739720e+01
    endloop
  endfacet
  facet normal -2.711843e-01 -3.872914e-01 8.811722e-01
    outer loop
      vertex   1.232239e+00 1.037079e+00 1.739720e+01
      vertex   1.587987e+00 1.103361e+00 1.753582e+01
      vertex   1.398933e+00 1.235738e+00 1.753582e+01
    endloop
  endfacet
  facet normal -3.343169e-01 -3.343169e-01 8.811722e-01
    outer loop
      vertex   1.232239e+00 1.037079e+00 1.739720e+01
      vertex   1.398933e+00 1.235738e+00 1.753582e+01
      vertex   1.037079e+00 1.232239e+00 1.739720e+01
    endloop
  endfacet
  facet normal -3.343169e-01 -3.343169e-01 8.811722e-01
    outer loop
      vertex   1.037079e+00 1.232239e+00 1.739720e+01
      vertex   1.398933e+00 1.235738e+00 1.753582e+01
      vertex   1.235738e+00 1.398933e+00 1.753582e+01
    endloop
  endfacet
  facet normal -2.538843e-02 -2.901911e-01 9.566319e-01
    outer loop
      vertex   2.250000e+00 9.259749e-01 1.753582e+01
      vertex   2.250000e+00 1.207365e+00 1.762118e+01
      vertex   2.020085e+00 9.460898e-01 1.753582e+01
    endloop
  endfacet
  facet normal -2.538843e-02 -2.901911e-01 9.566319e-01
    outer loop
      vertex   2.020085e+00 9.460898e-01 1.753582e+01
      vertex   2.250000e+00 1.207365e+00 1.762118e+01
      vertex   2.068948e+00 1.223204e+00 1.762118e+01
    endloop
  endfacet
  facet normal -7.539388e-02 -2.813738e-01 9.566319e-01
    outer loop
      vertex   2.020085e+00 9.460898e-01 1.753582e+01
      vertex   2.068948e+00 1.223204e+00 1.762118e+01
      vertex   1.797157e+00 1.005823e+00 1.753582e+01
    endloop
  endfacet
  facet normal -7.539388e-02 -2.813738e-01 9.566319e-01
    outer loop
      vertex   1.797157e+00 1.005823e+00 1.753582e+01
      vertex   2.068948e+00 1.223204e+00 1.762118e+01
      vertex   1.893398e+00 1.270243e+00 1.762118e+01
    endloop
  endfacet
  facet normal -1.231085e-01 -2.640071e-01 9.566319e-01
    outer loop
      vertex   1.797157e+00 1.005823e+00 1.753582e+01
      vertex   1.893398e+00 1.270243e+00 1.762118e+01
      vertex   1.587987e+00 1.103361e+00 1.753582e+01
    endloop
  endfacet
  facet normal -1.231085e-01 -2.640071e-01 9.566319e-01
    outer loop
      vertex   1.587987e+00 1.103361e+00 1.753582e+01
      vertex   1.893398e+00 1.270243e+00 1.762118e+01
      vertex   1.728682e+00 1.347051e+00 1.762118e+01
    endloop
  endfacet
  facet normal -1.670826e-01 -2.386187e-01 9.566319e-01
    outer loop
      vertex   1.587987e+00 1.103361e+00 1.753582e+01
      vertex   1.728682e+00 1.347051e+00 1.762118e+01
      vertex   1.398933e+00 1.235738e+00 1.753582e+01
    endloop
  endfacet
  facet normal -1.670826e-01 -2.386187e-01 9.566319e-01
    outer loop
      vertex   1.398933e+00 1.235738e+00 1.753582e+01
      vertex   1.728682e+00 1.347051e+00 1.762118e+01
      vertex   1.579807e+00 1.451295e+00 1.762118e+01
    endloop
  endfacet
  facet normal -2.059799e-01 -2.059799e-01 9.566319e-01
    outer loop
      vertex   1.398933e+00 1.235738e+00 1.753582e+01
      vertex   1.579807e+00 1.451295e+00 1.762118e+01
      vertex   1.235738e+00 1.398933e+00 1.753582e+01
    endloop
  endfacet
  facet normal -2.059799e-01 -2.059799e-01 9.566319e-01
    outer loop
      vertex   1.235738e+00 1.398933e+00 1.753582e+01
      vertex   1.579807e+00 1.451295e+00 1.762118e+01
      vertex   1.451295e+00 1.579807e+00 1.762118e+01
    endloop
  endfacet
  facet normal -8.575073e-03 -9.801354e-02 9.951481e-01
    outer loop
      vertex   2.250000e+00 1.207365e+00 1.762118e+01
      vertex   2.250000e+00 1.500000e+00 1.765000e+01
      vertex   2.068948e+00 1.223204e+00 1.762118e+01
    endloop
  endfacet
  facet normal -1.256316e-02 -9.542670e-02 9.953572e-01
    outer loop
      vertex   2.068948e+00 1.223204e+00 1.762118e+01
      vertex   2.250000e+00 1.500000e+00 1.765000e+01
      vertex   2.055886e+00 1.525556e+00 1.765000e+01
    endloop
  endfacet
  facet normal -2.571396e-02 -9.596580e-02 9.950524e-01
    outer loop
      vertex   2.068948e+00 1.223204e+00 1.762118e+01
      vertex   2.055886e+00 1.525556e+00 1.765000e+01
      vertex   1.893398e+00 1.270243e+00 1.762118e+01
    endloop
  endfacet
  facet normal -3.683333e-02 -8.892353e-02 9.953572e-01
    outer loop
      vertex   1.893398e+00 1.270243e+00 1.762118e+01
      vertex   2.055886e+00 1.525556e+00 1.765000e+01
      vertex   1.875000e+00 1.600481e+00 1.765000e+01
    endloop
  endfacet
  facet normal -4.158054e-02 -8.916975e-02 9.951481e-01
    outer loop
      vertex   1.893398e+00 1.270243e+00 1.762118e+01
      vertex   1.875000e+00 1.600481e+00 1.765000e+01
      vertex   1.728682e+00 1.347051e+00 1.762118e+01
    endloop
  endfacet
  facet normal -5.643300e-02 -8.059468e-02 9.951481e-01
    outer loop
      vertex   1.728682e+00 1.347051e+00 1.762118e+01
      vertex   1.875000e+00 1.600481e+00 1.765000e+01
      vertex   1.579807e+00 1.451295e+00 1.762118e+01
    endloop
  endfacet
  facet normal -5.859337e-02 -7.636036e-02 9.953572e-01
    outer loop
      vertex   1.875000e+00 1.600481e+00 1.765000e+01
      vertex   1.719670e+00 1.719670e+00 1.765000e+01
      vertex   1.579807e+00 1.451295e+00 1.762118e+01
    endloop
  endfacet
  facet normal -7.025184e-02 -7.025184e-02 9.950524e-01
    outer loop
      vertex   1.579807e+00 1.451295e+00 1.762118e+01
      vertex   1.719670e+00 1.719670e+00 1.765000e+01
      vertex   1.451295e+00 1.579807e+00 1.762118e+01
    endloop
  endfacet
  facet normal -7.636036e-02 -5.859337e-02 9.953572e-01
    outer loop
      vertex   1.719670e+00 1.719670e+00 1.765000e+01
      vertex   1.600481e+00 1.875000e+00 1.765000e+01
      vertex   1.451295e+00 1.579807e+00 1.762118e+01
    endloop
  endfacet
  facet normal -2.640071e-01 -1.231085e-01 9.566319e-01
    outer loop
      vertex   1.103361e+00 1.587987e+00 1.753582e+01
      vertex   1.347051e+00 1.728682e+00 1.762118e+01
      vertex   1.005823e+00 1.797157e+00 1.753582e+01
    endloop
  endfacet
  facet normal -2.640071e-01 -1.231085e-01 9.566319e-01
    outer loop
      vertex   1.005823e+00 1.797157e+00 1.753582e+01
      vertex   1.347051e+00 1.728682e+00 1.762118e+01
      vertex   1.270243e+00 1.893398e+00 1.762118e+01
    endloop
  endfacet
  facet normal -2.813738e-01 -7.539388e-02 9.566319e-01
    outer loop
      vertex   1.005823e+00 1.797157e+00 1.753582e+01
      vertex   1.270243e+00 1.893398e+00 1.762118e+01
      vertex   9.460898e-01 2.020085e+00 1.753582e+01
    endloop
  endfacet
  facet normal -2.813738e-01 -7.539388e-02 9.566319e-01
    outer loop
      vertex   9.460898e-01 2.020085e+00 1.753582e+01
      vertex   1.270243e+00 1.893398e+00 1.762118e+01
      vertex   1.223204e+00 2.068948e+00 1.762118e+01
    endloop
  endfacet
  facet normal -4.284982e-01 -1.998120e-01 8.811722e-01
    outer loop
      vertex   8.787740e-01 1.458322e+00 1.739720e+01
      vertex   1.103361e+00 1.587987e+00 1.753582e+01
      vertex   7.621327e-01 1.708461e+00 1.739720e+01
    endloop
  endfacet
  facet normal -4.284982e-01 -1.998120e-01 8.811722e-01
    outer loop
      vertex   7.621327e-01 1.708461e+00 1.739720e+01
      vertex   1.103361e+00 1.587987e+00 1.753582e+01
      vertex   1.005823e+00 1.797157e+00 1.753582e+01
    endloop
  endfacet
  facet normal -4.566854e-01 -1.223685e-01 8.811722e-01
    outer loop
      vertex   7.621327e-01 1.708461e+00 1.739720e+01
      vertex   1.005823e+00 1.797157e+00 1.753582e+01
      vertex   6.906994e-01 1.975053e+00 1.739720e+01
    endloop
  endfacet
  facet normal -4.566854e-01 -1.223685e-01 8.811722e-01
    outer loop
      vertex   6.906994e-01 1.975053e+00 1.739720e+01
      vertex   1.005823e+00 1.797157e+00 1.753582e+01
      vertex   9.460898e-01 2.020085e+00 1.753582e+01
    endloop
  endfacet
  facet normal -5.762649e-01 -2.687167e-01 7.718226e-01
    outer loop
      vertex   6.819223e-01 1.344670e+00 1.721066e+01
      vertex   8.787740e-01 1.458322e+00 1.739720e+01
      vertex   5.485360e-01 1.630718e+00 1.721066e+01
    endloop
  endfacet
  facet normal -5.762649e-01 -2.687167e-01 7.718226e-01
    outer loop
      vertex   5.485360e-01 1.630718e+00 1.721066e+01
      vertex   8.787740e-01 1.458322e+00 1.739720e+01
      vertex   7.621327e-01 1.708461e+00 1.739720e+01
    endloop
  endfacet
  facet normal -6.141723e-01 -1.645670e-01 7.718226e-01
    outer loop
      vertex   5.485360e-01 1.630718e+00 1.721066e+01
      vertex   7.621327e-01 1.708461e+00 1.739720e+01
      vertex   4.668478e-01 1.935582e+00 1.721066e+01
    endloop
  endfacet
  facet normal -6.141723e-01 -1.645670e-01 7.718226e-01
    outer loop
      vertex   4.668478e-01 1.935582e+00 1.721066e+01
      vertex   7.621327e-01 1.708461e+00 1.739720e+01
      vertex   6.906994e-01 1.975053e+00 1.739720e+01
    endloop
  endfacet
  facet normal -7.016587e-01 -3.271888e-01 6.329475e-01
    outer loop
      vertex   5.203702e-01 1.251398e+00 1.698336e+01
      vertex   6.819223e-01 1.344670e+00 1.721066e+01
      vertex   3.732417e-01 1.566916e+00 1.698336e+01
    endloop
  endfacet
  facet normal -7.016587e-01 -3.271888e-01 6.329475e-01
    outer loop
      vertex   3.732417e-01 1.566916e+00 1.698336e+01
      vertex   6.819223e-01 1.344670e+00 1.721066e+01
      vertex   5.485360e-01 1.630718e+00 1.721066e+01
    endloop
  endfacet
  facet normal -7.478147e-01 -2.003763e-01 6.329475e-01
    outer loop
      vertex   3.732417e-01 1.566916e+00 1.698336e+01
      vertex   5.485360e-01 1.630718e+00 1.721066e+01
      vertex   2.831376e-01 1.903189e+00 1.698336e+01
    endloop
  endfacet
  facet normal -7.478147e-01 -2.003763e-01 6.329475e-01
    outer loop
      vertex   2.831376e-01 1.903189e+00 1.698336e+01
      vertex   5.485360e-01 1.630718e+00 1.721066e+01
      vertex   4.668478e-01 1.935582e+00 1.721066e+01
    endloop
  endfacet
  facet normal -7.999676e-01 -3.730310e-01 4.699998e-01
    outer loop
      vertex   4.003262e-01 1.182090e+00 1.672403e+01
      vertex   5.203702e-01 1.251398e+00 1.698336e+01
      vertex   2.429864e-01 1.519507e+00 1.672403e+01
    endloop
  endfacet
  facet normal -7.999676e-01 -3.730310e-01 4.699998e-01
    outer loop
      vertex   2.429864e-01 1.519507e+00 1.672403e+01
      vertex   5.203702e-01 1.251398e+00 1.698336e+01
      vertex   3.732417e-01 1.566916e+00 1.698336e+01
    endloop
  endfacet
  facet normal -8.525904e-01 -2.284509e-01 4.699998e-01
    outer loop
      vertex   2.429864e-01 1.519507e+00 1.672403e+01
      vertex   3.732417e-01 1.566916e+00 1.698336e+01
      vertex   1.466286e-01 1.879119e+00 1.672403e+01
    endloop
  endfacet
  facet normal -8.525904e-01 -2.284509e-01 4.699998e-01
    outer loop
      vertex   1.466286e-01 1.879119e+00 1.672403e+01
      vertex   3.732417e-01 1.566916e+00 1.698336e+01
      vertex   2.831376e-01 1.903189e+00 1.698336e+01
    endloop
  endfacet
  facet normal -8.675602e-01 -4.045500e-01 2.892727e-01
    outer loop
      vertex   3.264035e-01 1.139411e+00 1.644264e+01
      vertex   4.003262e-01 1.182090e+00 1.672403e+01
      vertex   1.627755e-01 1.490312e+00 1.644264e+01
    endloop
  endfacet
  facet normal -8.675602e-01 -4.045500e-01 2.892727e-01
    outer loop
      vertex   1.627755e-01 1.490312e+00 1.644264e+01
      vertex   4.003262e-01 1.182090e+00 1.672403e+01
      vertex   2.429864e-01 1.519507e+00 1.672403e+01
    endloop
  endfacet
  facet normal -9.246294e-01 -2.477537e-01 2.892727e-01
    outer loop
      vertex   1.627755e-01 1.490312e+00 1.644264e+01
      vertex   2.429864e-01 1.519507e+00 1.672403e+01
      vertex   6.256676e-02 1.864297e+00 1.644264e+01
    endloop
  endfacet
  facet normal -9.246294e-01 -2.477537e-01 2.892727e-01
    outer loop
      vertex   6.256676e-02 1.864297e+00 1.644264e+01
      vertex   2.429864e-01 1.519507e+00 1.672403e+01
      vertex   1.466286e-01 1.879119e+00 1.672403e+01
    endloop
  endfacet
  facet normal 2.294617e-16 -9.951847e-01 9.801714e-02
    outer loop
      vertex   4.375000e+01 2.882208e-02 1.644264e+01
      vertex   3.782143e+01 2.882208e-02 1.644264e+01
      vertex   4.375000e+01 0.000000e+00 1.615000e+01
    endloop
  endfacet
  facet normal -1.878053e-17 -9.951847e-01 9.801714e-02
    outer loop
      vertex   4.375000e+01 0.000000e+00 1.615000e+01
      vertex   3.782143e+01 2.882208e-02 1.644264e+01
      vertex   3.189286e+01 2.882208e-02 1.644264e+01
    endloop
  endfacet
  facet normal -1.115927e-16 -9.951847e-01 9.801714e-02
    outer loop
      vertex   4.375000e+01 0.000000e+00 1.615000e+01
      vertex   3.189286e+01 2.882208e-02 1.644264e+01
      vertex   2.596429e+01 2.882208e-02 1.644264e+01
    endloop
  endfacet
  facet normal -1.069617e-16 -9.569403e-01 2.902847e-01
    outer loop
      vertex   2.596429e+01 2.882208e-02 1.644264e+01
      vertex   3.189286e+01 2.882208e-02 1.644264e+01
      vertex   2.596429e+01 1.141807e-01 1.672403e+01
    endloop
  endfacet
  facet normal -6.105814e-17 -9.569403e-01 2.902847e-01
    outer loop
      vertex   2.596429e+01 2.882208e-02 1.644264e+01
      vertex   2.596429e+01 1.141807e-01 1.672403e+01
      vertex   2.003571e+01 1.141807e-01 1.672403e+01
    endloop
  endfacet
  facet normal -5.573959e-17 -8.819213e-01 4.713967e-01
    outer loop
      vertex   2.003571e+01 1.141807e-01 1.672403e+01
      vertex   2.596429e+01 1.141807e-01 1.672403e+01
      vertex   2.003571e+01 2.527956e-01 1.698336e+01
    endloop
  endfacet
  facet normal -1.561160e-17 -8.819213e-01 4.713967e-01
    outer loop
      vertex   2.003571e+01 1.141807e-01 1.672403e+01
      vertex   2.003571e+01 2.527956e-01 1.698336e+01
      vertex   1.410714e+01 2.527956e-01 1.698336e+01
    endloop
  endfacet
  facet normal -1.447590e-17 -7.730105e-01 6.343933e-01
    outer loop
      vertex   1.410714e+01 2.527956e-01 1.698336e+01
      vertex   2.003571e+01 2.527956e-01 1.698336e+01
      vertex   1.410714e+01 4.393398e-01 1.721066e+01
    endloop
  endfacet
  facet normal 1.622752e-17 -7.730105e-01 6.343933e-01
    outer loop
      vertex   1.410714e+01 2.527956e-01 1.698336e+01
      vertex   1.410714e+01 4.393398e-01 1.721066e+01
      vertex   8.178571e+00 4.393398e-01 1.721066e+01
    endloop
  endfacet
  facet normal 1.188006e-17 -6.343933e-01 7.730105e-01
    outer loop
      vertex   8.178571e+00 4.393398e-01 1.721066e+01
      vertex   1.410714e+01 4.393398e-01 1.721066e+01
      vertex   8.178571e+00 6.666447e-01 1.739720e+01
    endloop
  endfacet
  facet normal 7.057748e-17 -6.343933e-01 7.730105e-01
    outer loop
      vertex   8.178571e+00 4.393398e-01 1.721066e+01
      vertex   8.178571e+00 6.666447e-01 1.739720e+01
      vertex   2.250000e+00 6.666447e-01 1.739720e+01
    endloop
  endfacet
  facet normal 5.296610e-17 -4.713967e-01 8.819213e-01
    outer loop
      vertex   2.250000e+00 6.666447e-01 1.739720e+01
      vertex   8.178571e+00 6.666447e-01 1.739720e+01
      vertex   2.250000e+00 9.259749e-01 1.753582e+01
    endloop
  endfacet
  facet normal -8.827683e-18 -4.713967e-01 8.819213e-01
    outer loop
      vertex   2.250000e+00 9.259749e-01 1.753582e+01
      vertex   8.178571e+00 6.666447e-01 1.739720e+01
      vertex   8.178571e+00 9.259749e-01 1.753582e+01
    endloop
  endfacet
  facet normal -5.436061e-18 -2.902847e-01 9.569403e-01
    outer loop
      vertex   2.250000e+00 9.259749e-01 1.753582e+01
      vertex   8.178571e+00 9.259749e-01 1.753582e+01
      vertex   2.250000e+00 1.207365e+00 1.762118e+01
    endloop
  endfacet
  facet normal 2.174424e-17 -2.902847e-01 9.569403e-01
    outer loop
      vertex   2.250000e+00 1.207365e+00 1.762118e+01
      vertex   8.178571e+00 9.259749e-01 1.753582e+01
      vertex   8.178571e+00 1.207365e+00 1.762118e+01
    endloop
  endfacet
  facet normal 7.342132e-18 -9.801714e-02 9.951847e-01
    outer loop
      vertex   2.250000e+00 1.207365e+00 1.762118e+01
      vertex   8.178571e+00 1.207365e+00 1.762118e+01
      vertex   2.250000e+00 1.500000e+00 1.765000e+01
    endloop
  endfacet
  facet normal -3.715633e-18 -9.801714e-02 9.951847e-01
    outer loop
      vertex   2.250000e+00 1.500000e+00 1.765000e+01
      vertex   8.178571e+00 1.207365e+00 1.762118e+01
      vertex   1.410714e+01 1.207365e+00 1.762118e+01
    endloop
  endfacet
  facet normal 3.935743e-18 -9.801714e-02 9.951847e-01
    outer loop
      vertex   2.250000e+00 1.500000e+00 1.765000e+01
      vertex   1.410714e+01 1.207365e+00 1.762118e+01
      vertex   2.003571e+01 1.207365e+00 1.762118e+01
    endloop
  endfacet
  facet normal 1.087212e-17 -2.902847e-01 9.569403e-01
    outer loop
      vertex   2.003571e+01 1.207365e+00 1.762118e+01
      vertex   1.410714e+01 1.207365e+00 1.762118e+01
      vertex   2.003571e+01 9.259749e-01 1.753582e+01
    endloop
  endfacet
  facet normal 5.925569e-19 -2.902847e-01 9.569403e-01
    outer loop
      vertex   2.003571e+01 1.207365e+00 1.762118e+01
      vertex   2.003571e+01 9.259749e-01 1.753582e+01
      vertex   2.596429e+01 9.259749e-01 1.753582e+01
    endloop
  endfacet
  facet normal 0.000000e+00 -4.713967e-01 8.819213e-01
    outer loop
      vertex   2.596429e+01 9.259749e-01 1.753582e+01
      vertex   2.003571e+01 9.259749e-01 1.753582e+01
      vertex   2.596429e+01 6.666447e-01 1.739720e+01
    endloop
  endfacet
  facet normal -1.746658e-18 -4.713967e-01 8.819213e-01
    outer loop
      vertex   2.596429e+01 9.259749e-01 1.753582e+01
      vertex   2.596429e+01 6.666447e-01 1.739720e+01
      vertex   3.189286e+01 6.666447e-01 1.739720e+01
    endloop
  endfacet
  facet normal 0.000000e+00 -6.343933e-01 7.730105e-01
    outer loop
      vertex   3.189286e+01 6.666447e-01 1.739720e+01
      vertex   2.596429e+01 6.666447e-01 1.739720e+01
      vertex   3.189286e+01 4.393398e-01 1.721066e+01
    endloop
  endfacet
  facet normal -4.385753e-19 -6.343933e-01 7.730105e-01
    outer loop
      vertex   3.189286e+01 6.666447e-01 1.739720e+01
      vertex   3.189286e+01 4.393398e-01 1.721066e+01
      vertex   3.782143e+01 4.393398e-01 1.721066e+01
    endloop
  endfacet
  facet normal 0.000000e+00 -7.730105e-01 6.343933e-01
    outer loop
      vertex   3.782143e+01 4.393398e-01 1.721066e+01
      vertex   3.189286e+01 4.393398e-01 1.721066e+01
      vertex   3.782143e+01 2.527956e-01 1.698336e+01
    endloop
  endfacet
  facet normal 1.525235e-16 -7.730105e-01 6.343933e-01
    outer loop
      vertex   3.782143e+01 4.393398e-01 1.721066e+01
      vertex   3.782143e+01 2.527956e-01 1.698336e+01
      vertex   4.375000e+01 2.527956e-01 1.698336e+01
    endloop
  endfacet
  facet normal 1.734121e-16 -8.819213e-01 4.713967e-01
    outer loop
      vertex   4.375000e+01 2.527956e-01 1.698336e+01
      vertex   3.782143e+01 2.527956e-01 1.698336e+01
      vertex   4.375000e+01 1.141807e-01 1.672403e+01
    endloop
  endfacet
  facet normal 2.043785e-16 -8.819213e-01 4.713967e-01
    outer loop
      vertex   4.375000e+01 1.141807e-01 1.672403e+01
      vertex   3.782143e+01 2.527956e-01 1.698336e+01
      vertex   3.782143e+01 1.141807e-01 1.672403e+01
    endloop
  endfacet
  facet normal 2.217636e-16 -9.569403e-01 2.902847e-01
    outer loop
      vertex   4.375000e+01 1.141807e-01 1.672403e+01
      vertex   3.782143e+01 1.141807e-01 1.672403e+01
      vertex   4.375000e+01 2.882208e-02 1.644264e+01
    endloop
  endfacet
  facet normal 2.206436e-16 -9.569403e-01 2.902847e-01
    outer loop
      vertex   4.375000e+01 2.882208e-02 1.644264e+01
      vertex   3.782143e+01 1.141807e-01 1.672403e+01
      vertex   3.782143e+01 2.882208e-02 1.644264e+01
    endloop
  endfacet
  facet normal 1.452855e-16 -7.730105e-01 6.343933e-01
    outer loop
      vertex   4.375000e+01 2.527956e-01 1.698336e+01
      vertex   4.375000e+01 4.393398e-01 1.721066e+01
      vertex   3.782143e+01 4.393398e-01 1.721066e+01
    endloop
  endfacet
  facet normal 1.188006e-16 -6.343933e-01 7.730105e-01
    outer loop
      vertex   3.782143e+01 4.393398e-01 1.721066e+01
      vertex   4.375000e+01 4.393398e-01 1.721066e+01
      vertex   3.782143e+01 6.666447e-01 1.739720e+01
    endloop
  endfacet
  facet normal -1.231864e-17 -6.343933e-01 7.730105e-01
    outer loop
      vertex   3.782143e+01 4.393398e-01 1.721066e+01
      vertex   3.782143e+01 6.666447e-01 1.739720e+01
      vertex   3.189286e+01 6.666447e-01 1.739720e+01
    endloop
  endfacet
  facet normal -8.827683e-18 -4.713967e-01 8.819213e-01
    outer loop
      vertex   3.189286e+01 6.666447e-01 1.739720e+01
      vertex   3.782143e+01 6.666447e-01 1.739720e+01
      vertex   3.189286e+01 9.259749e-01 1.753582e+01
    endloop
  endfacet
  facet normal -1.746658e-18 -4.713967e-01 8.819213e-01
    outer loop
      vertex   3.189286e+01 6.666447e-01 1.739720e+01
      vertex   3.189286e+01 9.259749e-01 1.753582e+01
      vertex   2.596429e+01 9.259749e-01 1.753582e+01
    endloop
  endfacet
  facet normal 0.000000e+00 -2.902847e-01 9.569403e-01
    outer loop
      vertex   2.596429e+01 9.259749e-01 1.753582e+01
      vertex   3.189286e+01 9.259749e-01 1.753582e+01
      vertex   2.596429e+01 1.207365e+00 1.762118e+01
    endloop
  endfacet
  facet normal 5.925569e-19 -2.902847e-01 9.569403e-01
    outer loop
      vertex   2.596429e+01 9.259749e-01 1.753582e+01
      vertex   2.596429e+01 1.207365e+00 1.762118e+01
      vertex   2.003571e+01 1.207365e+00 1.762118e+01
    endloop
  endfacet
  facet normal 0.000000e+00 -9.801714e-02 9.951847e-01
    outer loop
      vertex   2.003571e+01 1.207365e+00 1.762118e+01
      vertex   2.596429e+01 1.207365e+00 1.762118e+01
      vertex   2.250000e+00 1.500000e+00 1.765000e+01
    endloop
  endfacet
  facet normal 8.339141e-17 -6.343933e-01 7.730105e-01
    outer loop
      vertex   4.375000e+01 4.393398e-01 1.721066e+01
      vertex   4.375000e+01 6.666447e-01 1.739720e+01
      vertex   3.782143e+01 6.666447e-01 1.739720e+01
    endloop
  endfacet
  facet normal 6.179378e-17 -4.713967e-01 8.819213e-01
    outer loop
      vertex   3.782143e+01 6.666447e-01 1.739720e+01
      vertex   4.375000e+01 6.666447e-01 1.739720e+01
      vertex   3.782143e+01 9.259749e-01 1.753582e+01
    endloop
  endfacet
  facet normal -9.707278e-18 -4.713967e-01 8.819213e-01
    outer loop
      vertex   3.782143e+01 6.666447e-01 1.739720e+01
      vertex   3.782143e+01 9.259749e-01 1.753582e+01
      vertex   3.189286e+01 9.259749e-01 1.753582e+01
    endloop
  endfacet
  facet normal -5.436061e-18 -2.902847e-01 9.569403e-01
    outer loop
      vertex   3.189286e+01 9.259749e-01 1.753582e+01
      vertex   3.782143e+01 9.259749e-01 1.753582e+01
      vertex   3.189286e+01 1.207365e+00 1.762118e+01
    endloop
  endfacet
  facet normal -1.027956e-17 -2.902847e-01 9.569403e-01
    outer loop
      vertex   3.189286e+01 9.259749e-01 1.753582e+01
      vertex   3.189286e+01 1.207365e+00 1.762118e+01
      vertex   2.596429e+01 1.207365e+00 1.762118e+01
    endloop
  endfacet
  facet normal -3.671066e-18 -9.801714e-02 9.951847e-01
    outer loop
      vertex   2.596429e+01 1.207365e+00 1.762118e+01
      vertex   3.189286e+01 1.207365e+00 1.762118e+01
      vertex   4.375000e+01 1.500000e+00 1.765000e+01
    endloop
  endfacet
  facet normal 2.660001e-18 -9.801714e-02 9.951847e-01
    outer loop
      vertex   2.596429e+01 1.207365e+00 1.762118e+01
      vertex   4.375000e+01 1.500000e+00 1.765000e+01
      vertex   2.250000e+00 1.500000e+00 1.765000e+01
    endloop
  endfacet
  facet normal 1.060767e-16 -4.713967e-01 8.819213e-01
    outer loop
      vertex   4.375000e+01 6.666447e-01 1.739720e+01
      vertex   4.375000e+01 9.259749e-01 1.753582e+01
      vertex   3.782143e+01 9.259749e-01 1.753582e+01
    endloop
  endfacet
  facet normal 6.523273e-17 -2.902847e-01 9.569403e-01
    outer loop
      vertex   3.782143e+01 9.259749e-01 1.753582e+01
      vertex   4.375000e+01 9.259749e-01 1.753582e+01
      vertex   3.782143e+01 1.207365e+00 1.762118e+01
    endloop
  endfacet
  facet normal 1.000893e-17 -2.902847e-01 9.569403e-01
    outer loop
      vertex   3.782143e+01 9.259749e-01 1.753582e+01
      vertex   3.782143e+01 1.207365e+00 1.762118e+01
      vertex   3.189286e+01 1.207365e+00 1.762118e+01
    endloop
  endfacet
  facet normal 3.671066e-18 -9.801714e-02 9.951847e-01
    outer loop
      vertex   3.189286e+01 1.207365e+00 1.762118e+01
      vertex   3.782143e+01 1.207365e+00 1.762118e+01
      vertex   4.375000e+01 1.500000e+00 1.765000e+01
    endloop
  endfacet
  facet normal 4.398903e-17 -2.902847e-01 9.569403e-01
    outer loop
      vertex   4.375000e+01 9.259749e-01 1.753582e+01
      vertex   4.375000e+01 1.207365e+00 1.762118e+01
      vertex   3.782143e+01 1.207365e+00 1.762118e+01
    endloop
  endfacet
  facet normal 1.468426e-17 -9.801714e-02 9.951847e-01
    outer loop
      vertex   3.782143e+01 1.207365e+00 1.762118e+01
      vertex   4.375000e+01 1.207365e+00 1.762118e+01
      vertex   4.375000e+01 1.500000e+00 1.765000e+01
    endloop
  endfacet
  facet normal -1.852300e-17 -6.343933e-01 7.730105e-01
    outer loop
      vertex   2.250000e+00 6.666447e-01 1.739720e+01
      vertex   2.250000e+00 4.393398e-01 1.721066e+01
      vertex   8.178571e+00 4.393398e-01 1.721066e+01
    endloop
  endfacet
  facet normal -2.171385e-17 -7.730105e-01 6.343933e-01
    outer loop
      vertex   8.178571e+00 4.393398e-01 1.721066e+01
      vertex   2.250000e+00 4.393398e-01 1.721066e+01
      vertex   8.178571e+00 2.527956e-01 1.698336e+01
    endloop
  endfacet
  facet normal -1.272428e-17 -7.730105e-01 6.343933e-01
    outer loop
      vertex   8.178571e+00 4.393398e-01 1.721066e+01
      vertex   8.178571e+00 2.527956e-01 1.698336e+01
      vertex   1.410714e+01 2.527956e-01 1.698336e+01
    endloop
  endfacet
  facet normal -1.651543e-17 -8.819213e-01 4.713967e-01
    outer loop
      vertex   1.410714e+01 2.527956e-01 1.698336e+01
      vertex   8.178571e+00 2.527956e-01 1.698336e+01
      vertex   1.410714e+01 1.141807e-01 1.672403e+01
    endloop
  endfacet
  facet normal -5.690018e-17 -8.819213e-01 4.713967e-01
    outer loop
      vertex   1.410714e+01 2.527956e-01 1.698336e+01
      vertex   1.410714e+01 1.141807e-01 1.672403e+01
      vertex   2.003571e+01 1.141807e-01 1.672403e+01
    endloop
  endfacet
  facet normal -6.048098e-17 -9.569403e-01 2.902847e-01
    outer loop
      vertex   2.003571e+01 1.141807e-01 1.672403e+01
      vertex   1.410714e+01 1.141807e-01 1.672403e+01
      vertex   2.003571e+01 2.882208e-02 1.644264e+01
    endloop
  endfacet
  facet normal -1.849745e-17 -9.569403e-01 2.902847e-01
    outer loop
      vertex   2.003571e+01 1.141807e-01 1.672403e+01
      vertex   2.003571e+01 2.882208e-02 1.644264e+01
      vertex   2.596429e+01 2.882208e-02 1.644264e+01
    endloop
  endfacet
  facet normal -1.805409e-17 -9.951847e-01 9.801714e-02
    outer loop
      vertex   2.596429e+01 2.882208e-02 1.644264e+01
      vertex   2.003571e+01 2.882208e-02 1.644264e+01
      vertex   4.375000e+01 0.000000e+00 1.615000e+01
    endloop
  endfacet
  facet normal 8.788434e-17 -7.730105e-01 6.343933e-01
    outer loop
      vertex   2.250000e+00 4.393398e-01 1.721066e+01
      vertex   2.250000e+00 2.527956e-01 1.698336e+01
      vertex   8.178571e+00 2.527956e-01 1.698336e+01
    endloop
  endfacet
  facet normal 9.909260e-17 -8.819213e-01 4.713967e-01
    outer loop
      vertex   8.178571e+00 2.527956e-01 1.698336e+01
      vertex   2.250000e+00 2.527956e-01 1.698336e+01
      vertex   8.178571e+00 1.141807e-01 1.672403e+01
    endloop
  endfacet
  facet normal -1.709708e-17 -8.819213e-01 4.713967e-01
    outer loop
      vertex   8.178571e+00 2.527956e-01 1.698336e+01
      vertex   8.178571e+00 1.141807e-01 1.672403e+01
      vertex   1.410714e+01 1.141807e-01 1.672403e+01
    endloop
  endfacet
  facet normal -2.016033e-17 -9.569403e-01 2.902847e-01
    outer loop
      vertex   1.410714e+01 1.141807e-01 1.672403e+01
      vertex   8.178571e+00 1.141807e-01 1.672403e+01
      vertex   1.410714e+01 2.882208e-02 1.644264e+01
    endloop
  endfacet
  facet normal -6.253074e-17 -9.569403e-01 2.902847e-01
    outer loop
      vertex   1.410714e+01 1.141807e-01 1.672403e+01
      vertex   1.410714e+01 2.882208e-02 1.644264e+01
      vertex   2.003571e+01 2.882208e-02 1.644264e+01
    endloop
  endfacet
  facet normal -6.522768e-17 -9.951847e-01 9.801714e-02
    outer loop
      vertex   2.003571e+01 2.882208e-02 1.644264e+01
      vertex   1.410714e+01 2.882208e-02 1.644264e+01
      vertex   2.250000e+00 2.775558e-16 1.615000e+01
    endloop
  endfacet
  facet normal -6.686393e-18 -9.951847e-01 9.801714e-02
    outer loop
      vertex   2.003571e+01 2.882208e-02 1.644264e+01
      vertex   2.250000e+00 2.775558e-16 1.615000e+01
      vertex   4.375000e+01 0.000000e+00 1.615000e+01
    endloop
  endfacet
  facet normal 1.231051e-16 -8.819213e-01 4.713967e-01
    outer loop
      vertex   2.250000e+00 2.527956e-01 1.698336e+01
      vertex   2.250000e+00 1.141807e-01 1.672403e+01
      vertex   8.178571e+00 1.141807e-01 1.672403e+01
    endloop
  endfacet
  facet normal 1.366422e-16 -9.569403e-01 2.902847e-01
    outer loop
      vertex   8.178571e+00 1.141807e-01 1.672403e+01
      vertex   2.250000e+00 1.141807e-01 1.672403e+01
      vertex   8.178571e+00 2.882208e-02 1.644264e+01
    endloop
  endfacet
  facet normal -6.329818e-17 -9.569403e-01 2.902847e-01
    outer loop
      vertex   8.178571e+00 1.141807e-01 1.672403e+01
      vertex   8.178571e+00 2.882208e-02 1.644264e+01
      vertex   1.410714e+01 2.882208e-02 1.644264e+01
    endloop
  endfacet
  facet normal -6.522768e-17 -9.951847e-01 9.801714e-02
    outer loop
      vertex   1.410714e+01 2.882208e-02 1.644264e+01
      vertex   8.178571e+00 2.882208e-02 1.644264e+01
      vertex   2.250000e+00 2.775558e-16 1.615000e+01
    endloop
  endfacet
  facet normal 1.805181e-16 -9.569403e-01 2.902847e-01
    outer loop
      vertex   2.250000e+00 1.141807e-01 1.672403e+01
      vertex   2.250000e+00 2.882208e-02 1.644264e+01
      vertex   8.178571e+00 2.882208e-02 1.644264e+01
    endloop
  endfacet
  facet normal 1.886944e-16 -9.951847e-01 9.801714e-02
    outer loop
      vertex   8.178571e+00 2.882208e-02 1.644264e+01
      vertex   2.250000e+00 2.882208e-02 1.644264e+01
      vertex   2.250000e+00 2.775558e-16 1.615000e+01
    endloop
  endfacet
  facet normal -1.792029e-17 -9.569403e-01 2.902847e-01
    outer loop
      vertex   3.189286e+01 2.882208e-02 1.644264e+01
      vertex   3.782143e+01 2.882208e-02 1.644264e+01
      vertex   3.189286e+01 1.141807e-01 1.672403e+01
    endloop
  endfacet
  facet normal -6.272102e-17 -9.569403e-01 2.902847e-01
    outer loop
      vertex   3.189286e+01 1.141807e-01 1.672403e+01
      vertex   3.782143e+01 2.882208e-02 1.644264e+01
      vertex   3.782143e+01 1.141807e-01 1.672403e+01
    endloop
  endfacet
  facet normal -5.780402e-17 -8.819213e-01 4.713967e-01
    outer loop
      vertex   3.189286e+01 1.141807e-01 1.672403e+01
      vertex   3.782143e+01 1.141807e-01 1.672403e+01
      vertex   3.189286e+01 2.527956e-01 1.698336e+01
    endloop
  endfacet
  facet normal -5.780402e-17 -8.819213e-01 4.713967e-01
    outer loop
      vertex   3.189286e+01 2.527956e-01 1.698336e+01
      vertex   3.782143e+01 1.141807e-01 1.672403e+01
      vertex   3.782143e+01 2.527956e-01 1.698336e+01
    endloop
  endfacet
  facet normal -5.066565e-17 -7.730105e-01 6.343933e-01
    outer loop
      vertex   3.189286e+01 2.527956e-01 1.698336e+01
      vertex   3.782143e+01 2.527956e-01 1.698336e+01
      vertex   3.189286e+01 4.393398e-01 1.721066e+01
    endloop
  endfacet
  facet normal -1.748014e-17 -9.569403e-01 2.902847e-01
    outer loop
      vertex   3.189286e+01 2.882208e-02 1.644264e+01
      vertex   3.189286e+01 1.141807e-01 1.672403e+01
      vertex   2.596429e+01 1.141807e-01 1.672403e+01
    endloop
  endfacet
  facet normal -1.857986e-17 -8.819213e-01 4.713967e-01
    outer loop
      vertex   2.596429e+01 1.141807e-01 1.672403e+01
      vertex   3.189286e+01 1.141807e-01 1.672403e+01
      vertex   2.596429e+01 2.527956e-01 1.698336e+01
    endloop
  endfacet
  facet normal -5.954356e-17 -8.819213e-01 4.713967e-01
    outer loop
      vertex   2.596429e+01 1.141807e-01 1.672403e+01
      vertex   2.596429e+01 2.527956e-01 1.698336e+01
      vertex   2.003571e+01 2.527956e-01 1.698336e+01
    endloop
  endfacet
  facet normal -5.066565e-17 -7.730105e-01 6.343933e-01
    outer loop
      vertex   2.003571e+01 2.527956e-01 1.698336e+01
      vertex   2.596429e+01 2.527956e-01 1.698336e+01
      vertex   2.003571e+01 4.393398e-01 1.721066e+01
    endloop
  endfacet
  facet normal -3.792685e-16 -7.730105e-01 6.343933e-01
    outer loop
      vertex   2.003571e+01 2.527956e-01 1.698336e+01
      vertex   2.003571e+01 4.393398e-01 1.721066e+01
      vertex   1.410714e+01 4.393398e-01 1.721066e+01
    endloop
  endfacet
  facet normal -4.632288e-16 -6.343933e-01 7.730105e-01
    outer loop
      vertex   1.410714e+01 4.393398e-01 1.721066e+01
      vertex   2.003571e+01 4.393398e-01 1.721066e+01
      vertex   1.410714e+01 6.666447e-01 1.739720e+01
    endloop
  endfacet
  facet normal -1.288730e-17 -6.343933e-01 7.730105e-01
    outer loop
      vertex   1.410714e+01 4.393398e-01 1.721066e+01
      vertex   1.410714e+01 6.666447e-01 1.739720e+01
      vertex   8.178571e+00 6.666447e-01 1.739720e+01
    endloop
  endfacet
  facet normal -8.827683e-18 -4.713967e-01 8.819213e-01
    outer loop
      vertex   8.178571e+00 6.666447e-01 1.739720e+01
      vertex   1.410714e+01 6.666447e-01 1.739720e+01
      vertex   8.178571e+00 9.259749e-01 1.753582e+01
    endloop
  endfacet
  facet normal -8.257717e-18 -8.819213e-01 4.713967e-01
    outer loop
      vertex   2.596429e+01 2.527956e-01 1.698336e+01
      vertex   3.189286e+01 1.141807e-01 1.672403e+01
      vertex   3.189286e+01 2.527956e-01 1.698336e+01
    endloop
  endfacet
  facet normal -7.237949e-18 -7.730105e-01 6.343933e-01
    outer loop
      vertex   2.596429e+01 2.527956e-01 1.698336e+01
      vertex   3.189286e+01 2.527956e-01 1.698336e+01
      vertex   2.596429e+01 4.393398e-01 1.721066e+01
    endloop
  endfacet
  facet normal 7.237949e-18 -7.730105e-01 6.343933e-01
    outer loop
      vertex   2.596429e+01 4.393398e-01 1.721066e+01
      vertex   3.189286e+01 2.527956e-01 1.698336e+01
      vertex   3.189286e+01 4.393398e-01 1.721066e+01
    endloop
  endfacet
  facet normal 5.940032e-18 -6.343933e-01 7.730105e-01
    outer loop
      vertex   2.596429e+01 4.393398e-01 1.721066e+01
      vertex   3.189286e+01 4.393398e-01 1.721066e+01
      vertex   2.596429e+01 6.666447e-01 1.739720e+01
    endloop
  endfacet
  facet normal -1.848866e-19 -7.730105e-01 6.343933e-01
    outer loop
      vertex   2.596429e+01 2.527956e-01 1.698336e+01
      vertex   2.596429e+01 4.393398e-01 1.721066e+01
      vertex   2.003571e+01 4.393398e-01 1.721066e+01
    endloop
  endfacet
  facet normal 0.000000e+00 -6.343933e-01 7.730105e-01
    outer loop
      vertex   2.003571e+01 4.393398e-01 1.721066e+01
      vertex   2.596429e+01 4.393398e-01 1.721066e+01
      vertex   2.003571e+01 6.666447e-01 1.739720e+01
    endloop
  endfacet
  facet normal 1.340121e-17 -6.343933e-01 7.730105e-01
    outer loop
      vertex   2.003571e+01 4.393398e-01 1.721066e+01
      vertex   2.003571e+01 6.666447e-01 1.739720e+01
      vertex   1.410714e+01 6.666447e-01 1.739720e+01
    endloop
  endfacet
  facet normal 8.827683e-18 -4.713967e-01 8.819213e-01
    outer loop
      vertex   1.410714e+01 6.666447e-01 1.739720e+01
      vertex   2.003571e+01 6.666447e-01 1.739720e+01
      vertex   1.410714e+01 9.259749e-01 1.753582e+01
    endloop
  endfacet
  facet normal -1.853496e-17 -4.713967e-01 8.819213e-01
    outer loop
      vertex   1.410714e+01 6.666447e-01 1.739720e+01
      vertex   1.410714e+01 9.259749e-01 1.753582e+01
      vertex   8.178571e+00 9.259749e-01 1.753582e+01
    endloop
  endfacet
  facet normal -1.087212e-17 -2.902847e-01 9.569403e-01
    outer loop
      vertex   8.178571e+00 9.259749e-01 1.753582e+01
      vertex   1.410714e+01 9.259749e-01 1.753582e+01
      vertex   8.178571e+00 1.207365e+00 1.762118e+01
    endloop
  endfacet
  facet normal -1.188006e-17 -6.343933e-01 7.730105e-01
    outer loop
      vertex   2.003571e+01 6.666447e-01 1.739720e+01
      vertex   2.596429e+01 4.393398e-01 1.721066e+01
      vertex   2.596429e+01 6.666447e-01 1.739720e+01
    endloop
  endfacet
  facet normal 8.827683e-18 -4.713967e-01 8.819213e-01
    outer loop
      vertex   1.410714e+01 9.259749e-01 1.753582e+01
      vertex   2.003571e+01 6.666447e-01 1.739720e+01
      vertex   2.003571e+01 9.259749e-01 1.753582e+01
    endloop
  endfacet
  facet normal -1.057434e-17 -4.713967e-01 8.819213e-01
    outer loop
      vertex   2.003571e+01 9.259749e-01 1.753582e+01
      vertex   2.003571e+01 6.666447e-01 1.739720e+01
      vertex   2.596429e+01 6.666447e-01 1.739720e+01
    endloop
  endfacet
  facet normal -1.087212e-17 -2.902847e-01 9.569403e-01
    outer loop
      vertex   8.178571e+00 1.207365e+00 1.762118e+01
      vertex   1.410714e+01 9.259749e-01 1.753582e+01
      vertex   1.410714e+01 1.207365e+00 1.762118e+01
    endloop
  endfacet
  facet normal 5.107272e-18 -2.902847e-01 9.569403e-01
    outer loop
      vertex   1.410714e+01 1.207365e+00 1.762118e+01
      vertex   1.410714e+01 9.259749e-01 1.753582e+01
      vertex   2.003571e+01 9.259749e-01 1.753582e+01
    endloop
  endfacet
  facet normal -0.000000e+00 1.000000e+00 0.000000e+00
    outer loop
      vertex   2.250000e+00 7.400000e+01 1.615000e+01
      vertex   4.375000e+01 7.400000e+01 1.615000e+01
      vertex   2.250000e+00 7.400000e+01 8.650000e+00
    endloop
  endfacet
  facet normal 0.000000e+00 1.000000e+00 0.000000e+00
    outer loop
      vertex   2.250000e+00 7.400000e+01 8.650000e+00
      vertex   4.375000e+01 7.400000e+01 1.615000e+01
      vertex   4.375000e+01 7.400000e+01 8.650000e+00
    endloop
  endfacet
  facet normal 8.715574e-02 9.961947e-01 -0.000000e+00
    outer loop
      vertex   4.375000e+01 7.400000e+01 8.650000e+00
      vertex   4.375000e+01 7.400000e+01 1.615000e+01
      vertex   4.414071e+01 7.396582e+01 8.650000e+00
    endloop
  endfacet
  facet normal 8.715574e-02 9.961947e-01 -0.000000e+00
    outer loop
      vertex   4.414071e+01 7.396582e+01 8.650000e+00
      vertex   4.375000e+01 7.400000e+01 1.615000e+01
      vertex   4.414071e+01 7.396582e+01 1.615000e+01
    endloop
  endfacet
  facet normal 2.588190e-01 9.659258e-01 -0.000000e+00
    outer loop
      vertex   4.414071e+01 7.396582e+01 8.650000e+00
      vertex   4.414071e+01 7.396582e+01 1.615000e+01
      vertex   4.451955e+01 7.386431e+01 8.650000e+00
    endloop
  endfacet
  facet normal 2.588190e-01 9.659258e-01 1.830218e-15
    outer loop
      vertex   4.451955e+01 7.386431e+01 8.650000e+00
      vertex   4.414071e+01 7.396582e+01 1.615000e+01
      vertex   4.451955e+01 7.386431e+01 1.615000e+01
    endloop
  endfacet
  facet normal 4.226183e-01 9.063078e-01 1.717254e-15
    outer loop
      vertex   4.451955e+01 7.386431e+01 8.650000e+00
      vertex   4.451955e+01 7.386431e+01 1.615000e+01
      vertex   4.487500e+01 7.369856e+01 8.650000e+00
    endloop
  endfacet
  facet normal 4.226183e-01 9.063078e-01 -0.000000e+00
    outer loop
      vertex   4.487500e+01 7.369856e+01 8.650000e+00
      vertex   4.451955e+01 7.386431e+01 1.615000e+01
      vertex   4.487500e+01 7.369856e+01 1.615000e+01
    endloop
  endfacet
  facet normal 5.735764e-01 8.191520e-01 -0.000000e+00
    outer loop
      vertex   4.487500e+01 7.369856e+01 8.650000e+00
      vertex   4.487500e+01 7.369856e+01 1.615000e+01
      vertex   4.519627e+01 7.347360e+01 8.650000e+00
    endloop
  endfacet
  facet normal 5.735764e-01 8.191520e-01 -0.000000e+00
    outer loop
      vertex   4.519627e+01 7.347360e+01 8.650000e+00
      vertex   4.487500e+01 7.369856e+01 1.615000e+01
      vertex   4.519627e+01 7.347360e+01 1.615000e+01
    endloop
  endfacet
  facet normal 7.071068e-01 7.071068e-01 -0.000000e+00
    outer loop
      vertex   4.519627e+01 7.347360e+01 8.650000e+00
      vertex   4.519627e+01 7.347360e+01 1.615000e+01
      vertex   4.547360e+01 7.319627e+01 8.650000e+00
    endloop
  endfacet
  facet normal 7.071068e-01 7.071068e-01 -0.000000e+00
    outer loop
      vertex   4.547360e+01 7.319627e+01 8.650000e+00
      vertex   4.519627e+01 7.347360e+01 1.615000e+01
      vertex   4.547360e+01 7.319627e+01 1.615000e+01
    endloop
  endfacet
  facet normal 8.191520e-01 5.735764e-01 -0.000000e+00
    outer loop
      vertex   4.547360e+01 7.319627e+01 8.650000e+00
      vertex   4.547360e+01 7.319627e+01 1.615000e+01
      vertex   4.569856e+01 7.287500e+01 8.650000e+00
    endloop
  endfacet
  facet normal 8.191520e-01 5.735764e-01 -0.000000e+00
    outer loop
      vertex   4.569856e+01 7.287500e+01 8.650000e+00
      vertex   4.547360e+01 7.319627e+01 1.615000e+01
      vertex   4.569856e+01 7.287500e+01 1.615000e+01
    endloop
  endfacet
  facet normal 9.063078e-01 4.226183e-01 -0.000000e+00
    outer loop
      vertex   4.569856e+01 7.287500e+01 8.650000e+00
      vertex   4.569856e+01 7.287500e+01 1.615000e+01
      vertex   4.586431e+01 7.251955e+01 8.650000e+00
    endloop
  endfacet
  facet normal 9.063078e-01 4.226183e-01 8.586272e-16
    outer loop
      vertex   4.586431e+01 7.251955e+01 8.650000e+00
      vertex   4.569856e+01 7.287500e+01 1.615000e+01
      vertex   4.586431e+01 7.251955e+01 1.615000e+01
    endloop
  endfacet
  facet normal 9.659258e-01 2.588190e-01 9.151088e-16
    outer loop
      vertex   4.586431e+01 7.251955e+01 8.650000e+00
      vertex   4.586431e+01 7.251955e+01 1.615000e+01
      vertex   4.596582e+01 7.214071e+01 8.650000e+00
    endloop
  endfacet
  facet normal 9.659258e-01 2.588190e-01 -0.000000e+00
    outer loop
      vertex   4.596582e+01 7.214071e+01 8.650000e+00
      vertex   4.586431e+01 7.251955e+01 1.615000e+01
      vertex   4.596582e+01 7.214071e+01 1.615000e+01
    endloop
  endfacet
  facet normal 9.961947e-01 8.715574e-02 -0.000000e+00
    outer loop
      vertex   4.596582e+01 7.214071e+01 8.650000e+00
      vertex   4.596582e+01 7.214071e+01 1.615000e+01
      vertex   4.600000e+01 7.175000e+01 8.650000e+00
    endloop
  endfacet
  facet normal 9.961947e-01 8.715574e-02 -0.000000e+00
    outer loop
      vertex   4.600000e+01 7.175000e+01 8.650000e+00
      vertex   4.596582e+01 7.214071e+01 1.615000e+01
      vertex   4.600000e+01 7.175000e+01 1.615000e+01
    endloop
  endfacet
  facet normal 1.000000e+00 -0.000000e+00 0.000000e+00
    outer loop
      vertex   4.600000e+01 2.250000e+00 1.615000e+01
      vertex   4.600000e+01 5.304955e+01 1.460000e+01
      vertex   4.600000e+01 7.175000e+01 1.615000e+01
    endloop
  endfacet
  facet normal 1.000000e+00 0.000000e+00 0.000000e+00
    outer loop
      vertex   4.600000e+01 7.175000e+01 1.615000e+01
      vertex   4.600000e+01 5.304955e+01 1.460000e+01
      vertex   4.600000e+01 6.075000e+01 1.460000e+01
    endloop
  endfacet
  facet normal 1.000000e+00 0.000000e+00 0.000000e+00
    outer loop
      vertex   4.600000e+01 7.175000e+01 1.615000e+01
      vertex   4.600000e+01 6.075000e+01 1.460000e+01
      vertex   4.600000e+01 6.075000e+01 1.310000e+01
    endloop
  endfacet
  facet normal 1.000000e+00 0.000000e+00 0.000000e+00
    outer loop
      vertex   4.600000e+01 2.250000e+00 8.650000e+00
      vertex   4.600000e+01 1.325000e+01 1.310000e+01
      vertex   4.600000e+01 2.250000e+00 1.615000e+01
    endloop
  endfacet
  facet normal 1.000000e+00 0.000000e+00 0.000000e+00
    outer loop
      vertex   4.600000e+01 2.250000e+00 1.615000e+01
      vertex   4.600000e+01 1.325000e+01 1.310000e+01
      vertex   4.600000e+01 1.325000e+01 1.460000e+01
    endloop
  endfacet
  facet normal 1.000000e+00 0.000000e+00 0.000000e+00
    outer loop
      vertex   4.600000e+01 2.250000e+00 1.615000e+01
      vertex   4.600000e+01 1.325000e+01 1.460000e+01
      vertex   4.600000e+01 2.095000e+01 1.460000e+01
    endloop
  endfacet
  facet normal 1.000000e+00 0.000000e+00 0.000000e+00
    outer loop
      vertex   4.600000e+01 7.175000e+01 8.650000e+00
      vertex   4.600000e+01 5.304955e+01 1.310000e+01
      vertex   4.600000e+01 2.250000e+00 8.650000e+00
    endloop
  endfacet
  facet normal 1.000000e+00 0.000000e+00 0.000000e+00
    outer loop
      vertex   4.600000e+01 2.250000e+00 8.650000e+00
      vertex   4.600000e+01 5.304955e+01 1.310000e+01
      vertex   4.600000e+01 2.095000e+01 1.310000e+01
    endloop
  endfacet
  facet normal 1.000000e+00 0.000000e+00 0.000000e+00
    outer loop
      vertex   4.600000e+01 2.250000e+00 8.650000e+00
      vertex   4.600000e+01 2.095000e+01 1.310000e+01
      vertex   4.600000e+01 1.325000e+01 1.310000e+01
    endloop
  endfacet
  facet normal 1.000000e+00 -0.000000e+00 0.000000e+00
    outer loop
      vertex   4.600000e+01 5.304955e+01 1.310000e+01
      vertex   4.600000e+01 7.175000e+01 8.650000e+00
      vertex   4.600000e+01 6.075000e+01 1.310000e+01
    endloop
  endfacet
  facet normal 1.000000e+00 -0.000000e+00 0.000000e+00
    outer loop
      vertex   4.600000e+01 6.075000e+01 1.310000e+01
      vertex   4.600000e+01 7.175000e+01 8.650000e+00
      vertex   4.600000e+01 7.175000e+01 1.615000e+01
    endloop
  endfacet
  facet normal 1.000000e+00 0.000000e+00 0.000000e+00
    outer loop
      vertex   4.600000e+01 2.250000e+00 1.615000e+01
      vertex   4.600000e+01 2.095000e+01 1.460000e+01
      vertex   4.600000e+01 5.304955e+01 1.460000e+01
    endloop
  endfacet
  facet normal 1.000000e+00 0.000000e+00 0.000000e+00
    outer loop
      vertex   4.600000e+01 5.304955e+01 1.460000e+01
      vertex   4.600000e+01 2.095000e+01 1.460000e+01
      vertex   4.600000e+01 2.095000e+01 1.310000e+01
    endloop
  endfacet
  facet normal 1.000000e+00 0.000000e+00 0.000000e+00
    outer loop
      vertex   4.600000e+01 5.304955e+01 1.460000e+01
      vertex   4.600000e+01 2.095000e+01 1.310000e+01
      vertex   4.600000e+01 5.304955e+01 1.310000e+01
    endloop
  endfacet
  facet normal 9.961947e-01 -8.715574e-02 0.000000e+00
    outer loop
      vertex   4.600000e+01 2.250000e+00 8.650000e+00
      vertex   4.600000e+01 2.250000e+00 1.615000e+01
      vertex   4.596582e+01 1.859292e+00 8.650000e+00
    endloop
  endfacet
  facet normal 9.961947e-01 -8.715574e-02 2.580328e-18
    outer loop
      vertex   4.596582e+01 1.859292e+00 8.650000e+00
      vertex   4.600000e+01 2.250000e+00 1.615000e+01
      vertex   4.596582e+01 1.859292e+00 1.615000e+01
    endloop
  endfacet
  facet normal 9.659258e-01 -2.588190e-01 7.662583e-18
    outer loop
      vertex   4.596582e+01 1.859292e+00 8.650000e+00
      vertex   4.596582e+01 1.859292e+00 1.615000e+01
      vertex   4.586431e+01 1.480455e+00 8.650000e+00
    endloop
  endfacet
  facet normal 9.659258e-01 -2.588190e-01 7.662583e-18
    outer loop
      vertex   4.586431e+01 1.480455e+00 8.650000e+00
      vertex   4.596582e+01 1.859292e+00 1.615000e+01
      vertex   4.586431e+01 1.480455e+00 1.615000e+01
    endloop
  endfacet
  facet normal 9.063078e-01 -4.226183e-01 1.251201e-17
    outer loop
      vertex   4.586431e+01 1.480455e+00 8.650000e+00
      vertex   4.586431e+01 1.480455e+00 1.615000e+01
      vertex   4.569856e+01 1.125000e+00 8.650000e+00
    endloop
  endfacet
  facet normal 9.063078e-01 -4.226183e-01 0.000000e+00
    outer loop
      vertex   4.569856e+01 1.125000e+00 8.650000e+00
      vertex   4.586431e+01 1.480455e+00 1.615000e+01
      vertex   4.569856e+01 1.125000e+00 1.615000e+01
    endloop
  endfacet
  facet normal 8.191520e-01 -5.735764e-01 0.000000e+00
    outer loop
      vertex   4.569856e+01 1.125000e+00 8.650000e+00
      vertex   4.569856e+01 1.125000e+00 1.615000e+01
      vertex   4.547360e+01 8.037279e-01 8.650000e+00
    endloop
  endfacet
  facet normal 8.191520e-01 -5.735764e-01 1.569095e-15
    outer loop
      vertex   4.547360e+01 8.037279e-01 8.650000e+00
      vertex   4.569856e+01 1.125000e+00 1.615000e+01
      vertex   4.547360e+01 8.037279e-01 1.615000e+01
    endloop
  endfacet
  facet normal 7.071068e-01 -7.071068e-01 1.360747e-15
    outer loop
      vertex   4.547360e+01 8.037279e-01 8.650000e+00
      vertex   4.547360e+01 8.037279e-01 1.615000e+01
      vertex   4.519627e+01 5.264000e-01 8.650000e+00
    endloop
  endfacet
  facet normal 7.071068e-01 -7.071068e-01 1.046728e-17
    outer loop
      vertex   4.519627e+01 5.264000e-01 8.650000e+00
      vertex   4.547360e+01 8.037279e-01 1.615000e+01
      vertex   4.519627e+01 5.264000e-01 1.615000e+01
    endloop
  endfacet
  facet normal 5.735764e-01 -8.191520e-01 1.212589e-17
    outer loop
      vertex   4.519627e+01 5.264000e-01 8.650000e+00
      vertex   4.519627e+01 5.264000e-01 1.615000e+01
      vertex   4.487500e+01 3.014428e-01 8.650000e+00
    endloop
  endfacet
  facet normal 5.735764e-01 -8.191520e-01 0.000000e+00
    outer loop
      vertex   4.487500e+01 3.014428e-01 8.650000e+00
      vertex   4.519627e+01 5.264000e-01 1.615000e+01
      vertex   4.487500e+01 3.014428e-01 1.615000e+01
    endloop
  endfacet
  facet normal 4.226183e-01 -9.063078e-01 0.000000e+00
    outer loop
      vertex   4.487500e+01 3.014428e-01 8.650000e+00
      vertex   4.487500e+01 3.014428e-01 1.615000e+01
      vertex   4.451955e+01 1.356916e-01 8.650000e+00
    endloop
  endfacet
  facet normal 4.226183e-01 -9.063078e-01 2.012408e-17
    outer loop
      vertex   4.451955e+01 1.356916e-01 8.650000e+00
      vertex   4.487500e+01 3.014428e-01 1.615000e+01
      vertex   4.451955e+01 1.356916e-01 1.615000e+01
    endloop
  endfacet
  facet normal 2.588190e-01 -9.659258e-01 2.144786e-17
    outer loop
      vertex   4.451955e+01 1.356916e-01 8.650000e+00
      vertex   4.451955e+01 1.356916e-01 1.615000e+01
      vertex   4.414071e+01 3.418256e-02 8.650000e+00
    endloop
  endfacet
  facet normal 2.588190e-01 -9.659258e-01 -1.966054e-17
    outer loop
      vertex   4.414071e+01 3.418256e-02 8.650000e+00
      vertex   4.451955e+01 1.356916e-01 1.615000e+01
      vertex   4.414071e+01 3.418256e-02 1.615000e+01
    endloop
  endfacet
  facet normal 8.715574e-02 -9.961947e-01 -2.027664e-17
    outer loop
      vertex   4.414071e+01 3.418256e-02 8.650000e+00
      vertex   4.414071e+01 3.418256e-02 1.615000e+01
      vertex   4.375000e+01 0.000000e+00 8.650000e+00
    endloop
  endfacet
  facet normal 8.715574e-02 -9.961947e-01 0.000000e+00
    outer loop
      vertex   4.375000e+01 0.000000e+00 8.650000e+00
      vertex   4.414071e+01 3.418256e-02 1.615000e+01
      vertex   4.375000e+01 0.000000e+00 1.615000e+01
    endloop
  endfacet
  facet normal 0.000000e+00 -0.000000e+00 1.000000e+00
    outer loop
      vertex   4.394411e+01 1.525556e+00 1.765000e+01
      vertex   4.450000e+01 2.250000e+00 1.765000e+01
      vertex   4.375000e+01 1.500000e+00 1.765000e+01
    endloop
  endfacet
  facet normal 0.000000e+00 0.000000e+00 1.000000e+00
    outer loop
      vertex   4.375000e+01 1.500000e+00 1.765000e+01
      vertex   4.450000e+01 2.250000e+00 1.765000e+01
      vertex   4.450000e+01 7.175000e+01 1.765000e+01
    endloop
  endfacet
  facet normal 0.000000e+00 0.000000e+00 1.000000e+00
    outer loop
      vertex   4.375000e+01 1.500000e+00 1.765000e+01
      vertex   4.450000e+01 7.175000e+01 1.765000e+01
      vertex   4.375000e+01 7.250000e+01 1.765000e+01
    endloop
  endfacet
  facet normal 0.000000e+00 0.000000e+00 1.000000e+00
    outer loop
      vertex   4.375000e+01 7.250000e+01 1.765000e+01
      vertex   4.450000e+01 7.175000e+01 1.765000e+01
      vertex   4.394411e+01 7.247444e+01 1.765000e+01
    endloop
  endfacet
  facet normal 0.000000e+00 0.000000e+00 1.000000e+00
    outer loop
      vertex   4.394411e+01 7.247444e+01 1.765000e+01
      vertex   4.450000e+01 7.175000e+01 1.765000e+01
      vertex   4.412500e+01 7.239952e+01 1.765000e+01
    endloop
  endfacet
  facet normal 0.000000e+00 0.000000e+00 1.000000e+00
    outer loop
      vertex   4.412500e+01 7.239952e+01 1.765000e+01
      vertex   4.450000e+01 7.175000e+01 1.765000e+01
      vertex   4.428033e+01 7.228033e+01 1.765000e+01
    endloop
  endfacet
  facet normal 0.000000e+00 0.000000e+00 1.000000e+00
    outer loop
      vertex   4.428033e+01 7.228033e+01 1.765000e+01
      vertex   4.450000e+01 7.175000e+01 1.765000e+01
      vertex   4.439952e+01 7.212500e+01 1.765000e+01
    endloop
  endfacet
  facet normal 0.000000e+00 0.000000e+00 1.000000e+00
    outer loop
      vertex   4.439952e+01 7.212500e+01 1.765000e+01
      vertex   4.450000e+01 7.175000e+01 1.765000e+01
      vertex   4.447444e+01 7.194411e+01 1.765000e+01
    endloop
  endfacet
  facet normal 0.000000e+00 0.000000e+00 1.000000e+00
    outer loop
      vertex   4.394411e+01 1.525556e+00 1.765000e+01
      vertex   4.412500e+01 1.600481e+00 1.765000e+01
      vertex   4.450000e+01 2.250000e+00 1.765000e+01
    endloop
  endfacet
  facet normal 0.000000e+00 0.000000e+00 1.000000e+00
    outer loop
      vertex   4.450000e+01 2.250000e+00 1.765000e+01
      vertex   4.412500e+01 1.600481e+00 1.765000e+01
      vertex   4.428033e+01 1.719670e+00 1.765000e+01
    endloop
  endfacet
  facet normal 0.000000e+00 0.000000e+00 1.000000e+00
    outer loop
      vertex   4.450000e+01 2.250000e+00 1.765000e+01
      vertex   4.428033e+01 1.719670e+00 1.765000e+01
      vertex   4.439952e+01 1.875000e+00 1.765000e+01
    endloop
  endfacet
  facet normal 0.000000e+00 0.000000e+00 1.000000e+00
    outer loop
      vertex   4.439952e+01 1.875000e+00 1.765000e+01
      vertex   4.447444e+01 2.055886e+00 1.765000e+01
      vertex   4.450000e+01 2.250000e+00 1.765000e+01
    endloop
  endfacet
  facet normal 0.000000e+00 0.000000e+00 1.000000e+00
    outer loop
      vertex   4.375000e+01 7.250000e+01 1.765000e+01
      vertex   2.250000e+00 7.250000e+01 1.765000e+01
      vertex   4.375000e+01 1.500000e+00 1.765000e+01
    endloop
  endfacet
  facet normal 0.000000e+00 0.000000e+00 1.000000e+00
    outer loop
      vertex   4.375000e+01 1.500000e+00 1.765000e+01
      vertex   2.250000e+00 7.250000e+01 1.765000e+01
      vertex   2.250000e+00 1.500000e+00 1.765000e+01
    endloop
  endfacet
  facet normal 0.000000e+00 0.000000e+00 1.000000e+00
    outer loop
      vertex   2.250000e+00 1.500000e+00 1.765000e+01
      vertex   2.250000e+00 7.250000e+01 1.765000e+01
      vertex   1.500000e+00 7.175000e+01 1.765000e+01
    endloop
  endfacet
  facet normal 0.000000e+00 0.000000e+00 1.000000e+00
    outer loop
      vertex   2.250000e+00 1.500000e+00 1.765000e+01
      vertex   1.500000e+00 7.175000e+01 1.765000e+01
      vertex   1.500000e+00 2.250000e+00 1.765000e+01
    endloop
  endfacet
  facet normal 0.000000e+00 0.000000e+00 1.000000e+00
    outer loop
      vertex   2.250000e+00 7.250000e+01 1.765000e+01
      vertex   2.055886e+00 7.247444e+01 1.765000e+01
      vertex   1.500000e+00 7.175000e+01 1.765000e+01
    endloop
  endfacet
  facet normal 0.000000e+00 0.000000e+00 1.000000e+00
    outer loop
      vertex   1.500000e+00 7.175000e+01 1.765000e+01
      vertex   2.055886e+00 7.247444e+01 1.765000e+01
      vertex   1.875000e+00 7.239952e+01 1.765000e+01
    endloop
  endfacet
  facet normal 0.000000e+00 0.000000e+00 1.000000e+00
    outer loop
      vertex   1.500000e+00 7.175000e+01 1.765000e+01
      vertex   1.875000e+00 7.239952e+01 1.765000e+01
      vertex   1.719670e+00 7.228033e+01 1.765000e+01
    endloop
  endfacet
  facet normal 0.000000e+00 0.000000e+00 1.000000e+00
    outer loop
      vertex   1.719670e+00 7.228033e+01 1.765000e+01
      vertex   1.600481e+00 7.212500e+01 1.765000e+01
      vertex   1.500000e+00 7.175000e+01 1.765000e+01
    endloop
  endfacet
  facet normal 0.000000e+00 0.000000e+00 1.000000e+00
    outer loop
      vertex   1.500000e+00 7.175000e+01 1.765000e+01
      vertex   1.600481e+00 7.212500e+01 1.765000e+01
      vertex   1.525556e+00 7.194411e+01 1.765000e+01
    endloop
  endfacet
  facet normal -0.000000e+00 -0.000000e+00 1.000000e+00
    outer loop
      vertex   1.525556e+00 2.055886e+00 1.765000e+01
      vertex   1.600481e+00 1.875000e+00 1.765000e+01
      vertex   1.500000e+00 2.250000e+00 1.765000e+01
    endloop
  endfacet
  facet normal 0.000000e+00 0.000000e+00 1.000000e+00
    outer loop
      vertex   1.500000e+00 2.250000e+00 1.765000e+01
      vertex   1.600481e+00 1.875000e+00 1.765000e+01
      vertex   1.719670e+00 1.719670e+00 1.765000e+01
    endloop
  endfacet
  facet normal 0.000000e+00 0.000000e+00 1.000000e+00
    outer loop
      vertex   1.500000e+00 2.250000e+00 1.765000e+01
      vertex   1.719670e+00 1.719670e+00 1.765000e+01
      vertex   1.875000e+00 1.600481e+00 1.765000e+01
    endloop
  endfacet
  facet normal -0.000000e+00 -0.000000e+00 1.000000e+00
    outer loop
      vertex   1.875000e+00 1.600481e+00 1.765000e+01
      vertex   2.055886e+00 1.525556e+00 1.765000e+01
      vertex   1.500000e+00 2.250000e+00 1.765000e+01
    endloop
  endfacet
  facet normal 0.000000e+00 0.000000e+00 1.000000e+00
    outer loop
      vertex   1.500000e+00 2.250000e+00 1.765000e+01
      vertex   2.055886e+00 1.525556e+00 1.765000e+01
      vertex   2.250000e+00 1.500000e+00 1.765000e+01
    endloop
  endfacet
  facet normal -0.000000e+00 0.000000e+00 -1.000000e+00
    outer loop
      vertex   2.346504e+01 6.731719e+01 1.550000e+01
      vertex   2.346504e+01 6.550000e+01 1.550000e+01
      vertex   2.158782e+01 6.731719e+01 1.550000e+01
    endloop
  endfacet
  facet normal 0.000000e+00 -0.000000e+00 -1.000000e+00
    outer loop
      vertex   2.158782e+01 6.731719e+01 1.550000e+01
      vertex   2.346504e+01 6.550000e+01 1.550000e+01
      vertex   2.086204e+01 6.670055e+01 1.550000e+01
    endloop
  endfacet
  facet normal 0.000000e+00 0.000000e+00 -1.000000e+00
    outer loop
      vertex   2.158782e+01 6.731719e+01 1.550000e+01
      vertex   2.086204e+01 6.670055e+01 1.550000e+01
      vertex   2.086204e+01 6.719441e+01 1.550000e+01
    endloop
  endfacet
  facet normal -0.000000e+00 -0.000000e+00 -1.000000e+00
    outer loop
      vertex   2.399437e+01 6.550000e+01 1.550000e+01
      vertex   4.360000e+01 2.095000e+01 1.550000e+01
      vertex   2.346504e+01 6.550000e+01 1.550000e+01
    endloop
  endfacet
  facet normal 0.000000e+00 -0.000000e+00 -1.000000e+00
    outer loop
      vertex   2.346504e+01 6.550000e+01 1.550000e+01
      vertex   4.360000e+01 2.095000e+01 1.550000e+01
      vertex   2.400000e+00 2.095000e+01 1.550000e+01
    endloop
  endfacet
  facet normal -0.000000e+00 0.000000e+00 -1.000000e+00
    outer loop
      vertex   2.346504e+01 6.550000e+01 1.550000e+01
      vertex   2.400000e+00 2.095000e+01 1.550000e+01
      vertex   1.900938e+01 6.550000e+01 1.550000e+01
    endloop
  endfacet
  facet normal -0.000000e+00 0.000000e+00 -1.000000e+00
    outer loop
      vertex   1.900938e+01 6.550000e+01 1.550000e+01
      vertex   2.400000e+00 2.095000e+01 1.550000e+01
      vertex   1.636545e+01 6.550000e+01 1.550000e+01
    endloop
  endfacet
  facet normal 0.000000e+00 0.000000e+00 -1.000000e+00
    outer loop
      vertex   1.636545e+01 6.550000e+01 1.550000e+01
      vertex   2.400000e+00 2.095000e+01 1.550000e+01
      vertex   2.400000e+00 5.305000e+01 1.550000e+01
    endloop
  endfacet
  facet normal 0.000000e+00 0.000000e+00 -1.000000e+00
    outer loop
      vertex   1.636545e+01 6.550000e+01 1.550000e+01
      vertex   2.400000e+00 5.305000e+01 1.550000e+01
      vertex   2.400000e+00 6.075000e+01 1.550000e+01
    endloop
  endfacet
  facet normal 0.000000e+00 0.000000e+00 -1.000000e+00
    outer loop
      vertex   2.400000e+00 6.075000e+01 1.550000e+01
      vertex   2.400000e+00 5.305000e+01 1.550000e+01
      vertex   1.100005e+00 5.305000e+01 1.550000e+01
    endloop
  endfacet
  facet normal -0.000000e+00 0.000000e+00 -1.000000e+00
    outer loop
      vertex   2.400000e+00 6.075000e+01 1.550000e+01
      vertex   1.100005e+00 5.305000e+01 1.550000e+01
      vertex   1.100005e+00 6.075000e+01 1.550000e+01
    endloop
  endfacet
  facet normal 0.000000e+00 -0.000000e+00 -1.000000e+00
    outer loop
      vertex   2.399437e+01 6.950000e+01 1.550000e+01
      vertex   2.451552e+01 6.950000e+01 1.550000e+01
      vertex   2.399437e+01 6.550000e+01 1.550000e+01
    endloop
  endfacet
  facet normal 0.000000e+00 0.000000e+00 -1.000000e+00
    outer loop
      vertex   2.399437e+01 6.550000e+01 1.550000e+01
      vertex   2.451552e+01 6.950000e+01 1.550000e+01
      vertex   2.561238e+01 6.550000e+01 1.550000e+01
    endloop
  endfacet
  facet normal 0.000000e+00 0.000000e+00 -1.000000e+00
    outer loop
      vertex   2.399437e+01 6.550000e+01 1.550000e+01
      vertex   2.561238e+01 6.550000e+01 1.550000e+01
      vertex   4.360000e+01 2.095000e+01 1.550000e+01
    endloop
  endfacet
  facet normal 0.000000e+00 0.000000e+00 -1.000000e+00
    outer loop
      vertex   4.360000e+01 2.095000e+01 1.550000e+01
      vertex   2.561238e+01 6.550000e+01 1.550000e+01
      vertex   2.612261e+01 6.550000e+01 1.550000e+01
    endloop
  endfacet
  facet normal 0.000000e+00 0.000000e+00 -1.000000e+00
    outer loop
      vertex   4.360000e+01 2.095000e+01 1.550000e+01
      vertex   2.612261e+01 6.550000e+01 1.550000e+01
      vertex   2.805712e+01 6.550000e+01 1.550000e+01
    endloop
  endfacet
  facet normal 0.000000e+00 0.000000e+00 -1.000000e+00
    outer loop
      vertex   2.805712e+01 6.550000e+01 1.550000e+01
      vertex   2.612261e+01 6.550000e+01 1.550000e+01
      vertex   2.720856e+01 6.854775e+01 1.550000e+01
    endloop
  endfacet
  facet normal -0.000000e+00 0.000000e+00 -1.000000e+00
    outer loop
      vertex   2.720856e+01 6.854775e+01 1.550000e+01
      vertex   2.612261e+01 6.550000e+01 1.550000e+01
      vertex   2.696572e+01 6.854775e+01 1.550000e+01
    endloop
  endfacet
  facet normal -2.133038e-26 -1.518739e-14 -1.000000e+00
    outer loop
      vertex   2.720856e+01 6.854775e+01 1.550000e+01
      vertex   2.696572e+01 6.854775e+01 1.550000e+01
      vertex   2.699847e+01 6.866471e+01 1.550000e+01
    endloop
  endfacet
  facet normal 0.000000e+00 0.000000e+00 -1.000000e+00
    outer loop
      vertex   2.129587e+01 6.950000e+01 1.550000e+01
      vertex   2.400000e+00 7.160000e+01 1.550000e+01
      vertex   2.399437e+01 6.950000e+01 1.550000e+01
    endloop
  endfacet
  facet normal 0.000000e+00 0.000000e+00 -1.000000e+00
    outer loop
      vertex   2.399437e+01 6.950000e+01 1.550000e+01
      vertex   2.400000e+00 7.160000e+01 1.550000e+01
      vertex   4.360000e+01 7.160000e+01 1.550000e+01
    endloop
  endfacet
  facet normal 0.000000e+00 0.000000e+00 -1.000000e+00
    outer loop
      vertex   2.399437e+01 6.950000e+01 1.550000e+01
      vertex   4.360000e+01 7.160000e+01 1.550000e+01
      vertex   2.451552e+01 6.950000e+01 1.550000e+01
    endloop
  endfacet
  facet normal 0.000000e+00 0.000000e+00 -1.000000e+00
    outer loop
      vertex   2.451552e+01 6.950000e+01 1.550000e+01
      vertex   4.360000e+01 7.160000e+01 1.550000e+01
      vertex   2.504758e+01 6.950000e+01 1.550000e+01
    endloop
  endfacet
  facet normal 0.000000e+00 0.000000e+00 -1.000000e+00
    outer loop
      vertex   2.504758e+01 6.950000e+01 1.550000e+01
      vertex   4.360000e+01 7.160000e+01 1.550000e+01
      vertex   2.675835e+01 6.950000e+01 1.550000e+01
    endloop
  endfacet
  facet normal 0.000000e+00 0.000000e+00 -1.000000e+00
    outer loop
      vertex   2.504758e+01 6.950000e+01 1.550000e+01
      vertex   2.675835e+01 6.950000e+01 1.550000e+01
      vertex   2.618537e+01 6.747544e+01 1.550000e+01
    endloop
  endfacet
  facet normal 7.341368e-16 -1.049829e-27 -1.000000e+00
    outer loop
      vertex   2.129587e+01 6.902797e+01 1.550000e+01
      vertex   1.887622e+01 6.860119e+01 1.550000e+01
      vertex   2.129587e+01 6.950000e+01 1.550000e+01
    endloop
  endfacet
  facet normal -1.941296e-15 7.202450e-15 -1.000000e+00
    outer loop
      vertex   2.129587e+01 6.950000e+01 1.550000e+01
      vertex   1.887622e+01 6.860119e+01 1.550000e+01
      vertex   1.880602e+01 6.882890e+01 1.550000e+01
    endloop
  endfacet
  facet normal 0.000000e+00 0.000000e+00 -1.000000e+00
    outer loop
      vertex   2.129587e+01 6.950000e+01 1.550000e+01
      vertex   1.880602e+01 6.882890e+01 1.550000e+01
      vertex   1.868319e+01 6.903190e+01 1.550000e+01
    endloop
  endfacet
  facet normal -0.000000e+00 0.000000e+00 -1.000000e+00
    outer loop
      vertex   2.346504e+01 6.902797e+01 1.550000e+01
      vertex   2.158782e+01 6.778922e+01 1.550000e+01
      vertex   2.129587e+01 6.902797e+01 1.550000e+01
    endloop
  endfacet
  facet normal 0.000000e+00 -0.000000e+00 -1.000000e+00
    outer loop
      vertex   2.129587e+01 6.902797e+01 1.550000e+01
      vertex   2.158782e+01 6.778922e+01 1.550000e+01
      vertex   2.086204e+01 6.719441e+01 1.550000e+01
    endloop
  endfacet
  facet normal 0.000000e+00 0.000000e+00 -1.000000e+00
    outer loop
      vertex   2.129587e+01 6.902797e+01 1.550000e+01
      vertex   2.086204e+01 6.719441e+01 1.550000e+01
      vertex   1.935317e+01 6.719441e+01 1.550000e+01
    endloop
  endfacet
  facet normal 0.000000e+00 0.000000e+00 -1.000000e+00
    outer loop
      vertex   2.346504e+01 6.902797e+01 1.550000e+01
      vertex   2.346504e+01 6.778922e+01 1.550000e+01
      vertex   2.158782e+01 6.778922e+01 1.550000e+01
    endloop
  endfacet
  facet normal 0.000000e+00 0.000000e+00 -1.000000e+00
    outer loop
      vertex   2.158782e+01 6.778922e+01 1.550000e+01
      vertex   2.158782e+01 6.731719e+01 1.550000e+01
      vertex   2.086204e+01 6.719441e+01 1.550000e+01
    endloop
  endfacet
  facet normal -0.000000e+00 0.000000e+00 -1.000000e+00
    outer loop
      vertex   1.935317e+01 6.670055e+01 1.550000e+01
      vertex   1.863011e+01 6.637312e+01 1.550000e+01
      vertex   1.935317e+01 6.719441e+01 1.550000e+01
    endloop
  endfacet
  facet normal 6.049711e-15 -5.326162e-15 -1.000000e+00
    outer loop
      vertex   1.935317e+01 6.719441e+01 1.550000e+01
      vertex   1.863011e+01 6.637312e+01 1.550000e+01
      vertex   1.847838e+01 6.653430e+01 1.550000e+01
    endloop
  endfacet
  facet normal 1.583018e-15 5.931686e-16 -1.000000e+00
    outer loop
      vertex   1.935317e+01 6.719441e+01 1.550000e+01
      vertex   1.847838e+01 6.653430e+01 1.550000e+01
      vertex   1.891661e+01 6.835948e+01 1.550000e+01
    endloop
  endfacet
  facet normal -8.353717e-15 2.978962e-15 -1.000000e+00
    outer loop
      vertex   1.891661e+01 6.835948e+01 1.550000e+01
      vertex   1.847838e+01 6.653430e+01 1.550000e+01
      vertex   1.832115e+01 6.668968e+01 1.550000e+01
    endloop
  endfacet
  facet normal 0.000000e+00 0.000000e+00 -1.000000e+00
    outer loop
      vertex   1.891661e+01 6.835948e+01 1.550000e+01
      vertex   1.832115e+01 6.668968e+01 1.550000e+01
      vertex   1.841183e+01 6.830764e+01 1.550000e+01
    endloop
  endfacet
  facet normal -2.047526e-14 1.147587e-15 -1.000000e+00
    outer loop
      vertex   1.841183e+01 6.830764e+01 1.550000e+01
      vertex   1.832115e+01 6.668968e+01 1.550000e+01
      vertex   1.815587e+01 6.683659e+01 1.550000e+01
    endloop
  endfacet
  facet normal 1.650439e-14 -5.286819e-15 -1.000000e+00
    outer loop
      vertex   1.841183e+01 6.830764e+01 1.550000e+01
      vertex   1.815587e+01 6.683659e+01 1.550000e+01
      vertex   1.798618e+01 6.697885e+01 1.550000e+01
    endloop
  endfacet
  facet normal -0.000000e+00 0.000000e+00 -1.000000e+00
    outer loop
      vertex   2.086204e+01 6.670055e+01 1.550000e+01
      vertex   1.900938e+01 6.550000e+01 1.550000e+01
      vertex   1.935317e+01 6.670055e+01 1.550000e+01
    endloop
  endfacet
  facet normal -1.290270e-13 3.694863e-14 -1.000000e+00
    outer loop
      vertex   1.935317e+01 6.670055e+01 1.550000e+01
      vertex   1.900938e+01 6.550000e+01 1.550000e+01
      vertex   1.900683e+01 6.558725e+01 1.550000e+01
    endloop
  endfacet
  facet normal 9.164588e-14 -3.170183e-14 -1.000000e+00
    outer loop
      vertex   1.935317e+01 6.670055e+01 1.550000e+01
      vertex   1.900683e+01 6.558725e+01 1.550000e+01
      vertex   1.899787e+01 6.567342e+01 1.550000e+01
    endloop
  endfacet
  facet normal 0.000000e+00 0.000000e+00 -1.000000e+00
    outer loop
      vertex   2.805712e+01 6.550000e+01 1.550000e+01
      vertex   2.859737e+01 6.550000e+01 1.550000e+01
      vertex   4.360000e+01 2.095000e+01 1.550000e+01
    endloop
  endfacet
  facet normal 0.000000e+00 0.000000e+00 -1.000000e+00
    outer loop
      vertex   4.360000e+01 2.095000e+01 1.550000e+01
      vertex   2.859737e+01 6.550000e+01 1.550000e+01
      vertex   4.360000e+01 5.305000e+01 1.550000e+01
    endloop
  endfacet
  facet normal 0.000000e+00 0.000000e+00 -1.000000e+00
    outer loop
      vertex   4.360000e+01 5.305000e+01 1.550000e+01
      vertex   2.859737e+01 6.550000e+01 1.550000e+01
      vertex   4.360000e+01 6.075000e+01 1.550000e+01
    endloop
  endfacet
  facet normal 0.000000e+00 0.000000e+00 -1.000000e+00
    outer loop
      vertex   4.360000e+01 5.305000e+01 1.550000e+01
      vertex   4.360000e+01 6.075000e+01 1.550000e+01
      vertex   4.489988e+01 6.075000e+01 1.550000e+01
    endloop
  endfacet
  facet normal 0.000000e+00 0.000000e+00 -1.000000e+00
    outer loop
      vertex   2.859737e+01 6.550000e+01 1.550000e+01
      vertex   2.965876e+01 6.950000e+01 1.550000e+01
      vertex   4.360000e+01 6.075000e+01 1.550000e+01
    endloop
  endfacet
  facet normal 0.000000e+00 0.000000e+00 -1.000000e+00
    outer loop
      vertex   4.360000e+01 6.075000e+01 1.550000e+01
      vertex   2.965876e+01 6.950000e+01 1.550000e+01
      vertex   4.360000e+01 7.160000e+01 1.550000e+01
    endloop
  endfacet
  facet normal 0.000000e+00 0.000000e+00 -1.000000e+00
    outer loop
      vertex   4.360000e+01 7.160000e+01 1.550000e+01
      vertex   2.965876e+01 6.950000e+01 1.550000e+01
      vertex   2.911579e+01 6.950000e+01 1.550000e+01
    endloop
  endfacet
  facet normal 0.000000e+00 0.000000e+00 -1.000000e+00
    outer loop
      vertex   4.360000e+01 7.160000e+01 1.550000e+01
      vertex   2.911579e+01 6.950000e+01 1.550000e+01
      vertex   2.739682e+01 6.950000e+01 1.550000e+01
    endloop
  endfacet
  facet normal 0.000000e+00 0.000000e+00 -1.000000e+00
    outer loop
      vertex   2.739682e+01 6.950000e+01 1.550000e+01
      vertex   2.911579e+01 6.950000e+01 1.550000e+01
      vertex   2.850733e+01 6.687790e+01 1.550000e+01
    endloop
  endfacet
  facet normal 0.000000e+00 0.000000e+00 -1.000000e+00
    outer loop
      vertex   2.739682e+01 6.950000e+01 1.550000e+01
      vertex   2.850733e+01 6.687790e+01 1.550000e+01
      vertex   2.815808e+01 6.679877e+01 1.550000e+01
    endloop
  endfacet
  facet normal 0.000000e+00 0.000000e+00 -1.000000e+00
    outer loop
      vertex   2.815808e+01 6.679877e+01 1.550000e+01
      vertex   2.850733e+01 6.687790e+01 1.550000e+01
      vertex   2.846073e+01 6.667415e+01 1.550000e+01
    endloop
  endfacet
  facet normal 0.000000e+00 0.000000e+00 -1.000000e+00
    outer loop
      vertex   2.815808e+01 6.679877e+01 1.550000e+01
      vertex   2.846073e+01 6.667415e+01 1.550000e+01
      vertex   2.820446e+01 6.661425e+01 1.550000e+01
    endloop
  endfacet
  facet normal 0.000000e+00 0.000000e+00 -1.000000e+00
    outer loop
      vertex   2.820446e+01 6.661425e+01 1.550000e+01
      vertex   2.846073e+01 6.667415e+01 1.550000e+01
      vertex   2.841647e+01 6.646992e+01 1.550000e+01
    endloop
  endfacet
  facet normal 7.859939e-15 1.154565e-14 -1.000000e+00
    outer loop
      vertex   2.820446e+01 6.661425e+01 1.550000e+01
      vertex   2.841647e+01 6.646992e+01 1.550000e+01
      vertex   2.824986e+01 6.642949e+01 1.550000e+01
    endloop
  endfacet
  facet normal 1.561174e-14 -2.039822e-14 -1.000000e+00
    outer loop
      vertex   2.824986e+01 6.642949e+01 1.550000e+01
      vertex   2.841647e+01 6.646992e+01 1.550000e+01
      vertex   2.837613e+01 6.626488e+01 1.550000e+01
    endloop
  endfacet
  facet normal 4.320332e-14 7.670191e-16 -1.000000e+00
    outer loop
      vertex   2.824986e+01 6.642949e+01 1.550000e+01
      vertex   2.837613e+01 6.626488e+01 1.550000e+01
      vertex   2.829426e+01 6.624448e+01 1.550000e+01
    endloop
  endfacet
  facet normal 4.097374e-14 9.715542e-15 -1.000000e+00
    outer loop
      vertex   2.829426e+01 6.624448e+01 1.550000e+01
      vertex   2.837613e+01 6.626488e+01 1.550000e+01
      vertex   2.833816e+01 6.605935e+01 1.550000e+01
    endloop
  endfacet
  facet normal 0.000000e+00 0.000000e+00 -1.000000e+00
    outer loop
      vertex   2.739682e+01 6.950000e+01 1.550000e+01
      vertex   2.675835e+01 6.950000e+01 1.550000e+01
      vertex   4.360000e+01 7.160000e+01 1.550000e+01
    endloop
  endfacet
  facet normal 0.000000e+00 0.000000e+00 -1.000000e+00
    outer loop
      vertex   2.504758e+01 6.950000e+01 1.550000e+01
      vertex   2.618537e+01 6.747544e+01 1.550000e+01
      vertex   2.567513e+01 6.692974e+01 1.550000e+01
    endloop
  endfacet
  facet normal 0.000000e+00 0.000000e+00 -1.000000e+00
    outer loop
      vertex   2.567513e+01 6.692974e+01 1.550000e+01
      vertex   2.618537e+01 6.747544e+01 1.550000e+01
      vertex   2.609131e+01 6.712498e+01 1.550000e+01
    endloop
  endfacet
  facet normal 0.000000e+00 0.000000e+00 -1.000000e+00
    outer loop
      vertex   2.567513e+01 6.692974e+01 1.550000e+01
      vertex   2.609131e+01 6.712498e+01 1.550000e+01
      vertex   2.600590e+01 6.677262e+01 1.550000e+01
    endloop
  endfacet
  facet normal 1.614737e-14 -1.318994e-14 -1.000000e+00
    outer loop
      vertex   2.593543e+01 6.641700e+01 1.550000e+01
      vertex   2.577967e+01 6.649567e+01 1.550000e+01
      vertex   2.600590e+01 6.677262e+01 1.550000e+01
    endloop
  endfacet
  facet normal -1.552454e-14 1.268117e-14 -1.000000e+00
    outer loop
      vertex   2.600590e+01 6.677262e+01 1.550000e+01
      vertex   2.577967e+01 6.649567e+01 1.550000e+01
      vertex   2.572828e+01 6.671291e+01 1.550000e+01
    endloop
  endfacet
  facet normal -8.808408e-15 -1.854314e-14 -1.000000e+00
    outer loop
      vertex   2.600590e+01 6.677262e+01 1.550000e+01
      vertex   2.572828e+01 6.671291e+01 1.550000e+01
      vertex   2.567513e+01 6.692974e+01 1.550000e+01
    endloop
  endfacet
  facet normal 2.593561e-14 5.501357e-15 -1.000000e+00
    outer loop
      vertex   2.587431e+01 6.605935e+01 1.550000e+01
      vertex   2.582799e+01 6.627774e+01 1.550000e+01
      vertex   2.593543e+01 6.641700e+01 1.550000e+01
    endloop
  endfacet
  facet normal 2.568536e-14 5.694414e-15 -1.000000e+00
    outer loop
      vertex   2.593543e+01 6.641700e+01 1.550000e+01
      vertex   2.582799e+01 6.627774e+01 1.550000e+01
      vertex   2.577967e+01 6.649567e+01 1.550000e+01
    endloop
  endfacet
  facet normal 2.985213e-14 3.843201e-14 -1.000000e+00
    outer loop
      vertex   2.720856e+01 6.854775e+01 1.550000e+01
      vertex   2.699847e+01 6.866471e+01 1.550000e+01
      vertex   2.717718e+01 6.866456e+01 1.550000e+01
    endloop
  endfacet
  facet normal 2.982576e-14 6.985571e-15 -1.000000e+00
    outer loop
      vertex   2.717718e+01 6.866456e+01 1.550000e+01
      vertex   2.699847e+01 6.866471e+01 1.550000e+01
      vertex   2.703060e+01 6.878184e+01 1.550000e+01
    endloop
  endfacet
  facet normal -4.359382e-17 -3.034743e-14 -1.000000e+00
    outer loop
      vertex   2.717718e+01 6.866456e+01 1.550000e+01
      vertex   2.703060e+01 6.878184e+01 1.550000e+01
      vertex   2.714699e+01 6.878167e+01 1.550000e+01
    endloop
  endfacet
  facet normal 4.343309e-17 3.023554e-14 -1.000000e+00
    outer loop
      vertex   2.714699e+01 6.878167e+01 1.550000e+01
      vertex   2.703060e+01 6.878184e+01 1.550000e+01
      vertex   2.706148e+01 6.889930e+01 1.550000e+01
    endloop
  endfacet
  facet normal -6.220306e-14 -1.501849e-14 -1.000000e+00
    outer loop
      vertex   2.714699e+01 6.878167e+01 1.550000e+01
      vertex   2.706148e+01 6.889930e+01 1.550000e+01
      vertex   2.711861e+01 6.889924e+01 1.550000e+01
    endloop
  endfacet
  facet normal -6.220246e-14 -1.445491e-14 -1.000000e+00
    outer loop
      vertex   2.711861e+01 6.889924e+01 1.550000e+01
      vertex   2.706148e+01 6.889930e+01 1.550000e+01
      vertex   2.709123e+01 6.901705e+01 1.550000e+01
    endloop
  endfacet
  facet normal -3.531912e-15 2.341258e-14 -1.000000e+00
    outer loop
      vertex   1.798232e+01 6.636769e+01 1.550000e+01
      vertex   1.811988e+01 6.623670e+01 1.550000e+01
      vertex   1.636545e+01 6.597203e+01 1.550000e+01
    endloop
  endfacet
  facet normal -3.777501e-15 2.504055e-14 -1.000000e+00
    outer loop
      vertex   1.636545e+01 6.597203e+01 1.550000e+01
      vertex   1.811988e+01 6.623670e+01 1.550000e+01
      vertex   1.817656e+01 6.617431e+01 1.550000e+01
    endloop
  endfacet
  facet normal 1.919866e-15 -2.597153e-14 -1.000000e+00
    outer loop
      vertex   1.636545e+01 6.597203e+01 1.550000e+01
      vertex   1.817656e+01 6.617431e+01 1.550000e+01
      vertex   1.823067e+01 6.610991e+01 1.550000e+01
    endloop
  endfacet
  facet normal 0.000000e+00 -0.000000e+00 -1.000000e+00
    outer loop
      vertex   1.823067e+01 6.610991e+01 1.550000e+01
      vertex   1.828035e+01 6.604205e+01 1.550000e+01
      vertex   1.636545e+01 6.597203e+01 1.550000e+01
    endloop
  endfacet
  facet normal 0.000000e+00 0.000000e+00 -1.000000e+00
    outer loop
      vertex   1.636545e+01 6.597203e+01 1.550000e+01
      vertex   1.828035e+01 6.604205e+01 1.550000e+01
      vertex   1.832725e+01 6.597203e+01 1.550000e+01
    endloop
  endfacet
  facet normal -0.000000e+00 0.000000e+00 -1.000000e+00
    outer loop
      vertex   1.636545e+01 6.550000e+01 1.550000e+01
      vertex   2.400000e+00 6.075000e+01 1.550000e+01
      vertex   1.636545e+01 6.597203e+01 1.550000e+01
    endloop
  endfacet
  facet normal -0.000000e+00 0.000000e+00 -1.000000e+00
    outer loop
      vertex   1.636545e+01 6.597203e+01 1.550000e+01
      vertex   2.400000e+00 6.075000e+01 1.550000e+01
      vertex   2.400000e+00 7.160000e+01 1.550000e+01
    endloop
  endfacet
  facet normal 0.000000e+00 0.000000e+00 -1.000000e+00
    outer loop
      vertex   1.636545e+01 6.597203e+01 1.550000e+01
      vertex   2.400000e+00 7.160000e+01 1.550000e+01
      vertex   1.637090e+01 6.840587e+01 1.550000e+01
    endloop
  endfacet
  facet normal 3.555318e-15 1.555070e-14 -1.000000e+00
    outer loop
      vertex   1.637090e+01 6.840587e+01 1.550000e+01
      vertex   2.400000e+00 7.160000e+01 1.550000e+01
      vertex   1.639659e+01 6.862845e+01 1.550000e+01
    endloop
  endfacet
  facet normal -3.168479e-15 -1.611976e-14 -1.000000e+00
    outer loop
      vertex   1.639659e+01 6.862845e+01 1.550000e+01
      vertex   2.400000e+00 7.160000e+01 1.550000e+01
      vertex   1.645391e+01 6.883758e+01 1.550000e+01
    endloop
  endfacet
  facet normal 3.353073e-15 1.705889e-14 -1.000000e+00
    outer loop
      vertex   1.645391e+01 6.883758e+01 1.550000e+01
      vertex   2.400000e+00 7.160000e+01 1.550000e+01
      vertex   1.656422e+01 6.902416e+01 1.550000e+01
    endloop
  endfacet
  facet normal -3.030895e-15 -1.804576e-14 -1.000000e+00
    outer loop
      vertex   1.656422e+01 6.902416e+01 1.550000e+01
      vertex   2.400000e+00 7.160000e+01 1.550000e+01
      vertex   1.670651e+01 6.919714e+01 1.550000e+01
    endloop
  endfacet
  facet normal 0.000000e+00 0.000000e+00 -1.000000e+00
    outer loop
      vertex   1.670651e+01 6.919714e+01 1.550000e+01
      vertex   2.400000e+00 7.160000e+01 1.550000e+01
      vertex   1.691153e+01 6.933965e+01 1.550000e+01
    endloop
  endfacet
  facet normal 0.000000e+00 0.000000e+00 -1.000000e+00
    outer loop
      vertex   1.691153e+01 6.933965e+01 1.550000e+01
      vertex   2.400000e+00 7.160000e+01 1.550000e+01
      vertex   1.712958e+01 6.944637e+01 1.550000e+01
    endloop
  endfacet
  facet normal 0.000000e+00 0.000000e+00 -1.000000e+00
    outer loop
      vertex   1.712958e+01 6.944637e+01 1.550000e+01
      vertex   2.400000e+00 7.160000e+01 1.550000e+01
      vertex   1.736793e+01 6.949724e+01 1.550000e+01
    endloop
  endfacet
  facet normal 0.000000e+00 0.000000e+00 -1.000000e+00
    outer loop
      vertex   1.736793e+01 6.949724e+01 1.550000e+01
      vertex   2.400000e+00 7.160000e+01 1.550000e+01
      vertex   1.761783e+01 6.951637e+01 1.550000e+01
    endloop
  endfacet
  facet normal 0.000000e+00 0.000000e+00 -1.000000e+00
    outer loop
      vertex   1.761783e+01 6.951637e+01 1.550000e+01
      vertex   2.400000e+00 7.160000e+01 1.550000e+01
      vertex   2.129587e+01 6.950000e+01 1.550000e+01
    endloop
  endfacet
  facet normal 0.000000e+00 0.000000e+00 -1.000000e+00
    outer loop
      vertex   1.761783e+01 6.951637e+01 1.550000e+01
      vertex   2.129587e+01 6.950000e+01 1.550000e+01
      vertex   1.786438e+01 6.949895e+01 1.550000e+01
    endloop
  endfacet
  facet normal 0.000000e+00 0.000000e+00 -1.000000e+00
    outer loop
      vertex   1.786438e+01 6.949895e+01 1.550000e+01
      vertex   2.129587e+01 6.950000e+01 1.550000e+01
      vertex   1.810080e+01 6.945182e+01 1.550000e+01
    endloop
  endfacet
  facet normal 0.000000e+00 0.000000e+00 -1.000000e+00
    outer loop
      vertex   1.810080e+01 6.945182e+01 1.550000e+01
      vertex   2.129587e+01 6.950000e+01 1.550000e+01
      vertex   1.831937e+01 6.935228e+01 1.550000e+01
    endloop
  endfacet
  facet normal 0.000000e+00 0.000000e+00 -1.000000e+00
    outer loop
      vertex   1.831937e+01 6.935228e+01 1.550000e+01
      vertex   2.129587e+01 6.950000e+01 1.550000e+01
      vertex   1.852643e+01 6.921896e+01 1.550000e+01
    endloop
  endfacet
  facet normal 0.000000e+00 0.000000e+00 -1.000000e+00
    outer loop
      vertex   1.852643e+01 6.921896e+01 1.550000e+01
      vertex   2.129587e+01 6.950000e+01 1.550000e+01
      vertex   1.868319e+01 6.903190e+01 1.550000e+01
    endloop
  endfacet
  facet normal 0.000000e+00 0.000000e+00 -1.000000e+00
    outer loop
      vertex   1.899787e+01 6.567342e+01 1.550000e+01
      vertex   1.897820e+01 6.575778e+01 1.550000e+01
      vertex   1.935317e+01 6.670055e+01 1.550000e+01
    endloop
  endfacet
  facet normal 0.000000e+00 0.000000e+00 -1.000000e+00
    outer loop
      vertex   1.935317e+01 6.670055e+01 1.550000e+01
      vertex   1.897820e+01 6.575778e+01 1.550000e+01
      vertex   1.895208e+01 6.584106e+01 1.550000e+01
    endloop
  endfacet
  facet normal 0.000000e+00 0.000000e+00 -1.000000e+00
    outer loop
      vertex   1.935317e+01 6.670055e+01 1.550000e+01
      vertex   1.895208e+01 6.584106e+01 1.550000e+01
      vertex   1.888757e+01 6.598367e+01 1.550000e+01
    endloop
  endfacet
  facet normal 0.000000e+00 0.000000e+00 -1.000000e+00
    outer loop
      vertex   1.888757e+01 6.598367e+01 1.550000e+01
      vertex   1.881405e+01 6.612086e+01 1.550000e+01
      vertex   1.935317e+01 6.670055e+01 1.550000e+01
    endloop
  endfacet
  facet normal 0.000000e+00 0.000000e+00 -1.000000e+00
    outer loop
      vertex   1.935317e+01 6.670055e+01 1.550000e+01
      vertex   1.881405e+01 6.612086e+01 1.550000e+01
      vertex   1.872620e+01 6.624947e+01 1.550000e+01
    endloop
  endfacet
  facet normal 0.000000e+00 0.000000e+00 -1.000000e+00
    outer loop
      vertex   1.935317e+01 6.670055e+01 1.550000e+01
      vertex   1.872620e+01 6.624947e+01 1.550000e+01
      vertex   1.863011e+01 6.637312e+01 1.550000e+01
    endloop
  endfacet
  facet normal 0.000000e+00 0.000000e+00 -1.000000e+00
    outer loop
      vertex   1.798618e+01 6.697885e+01 1.550000e+01
      vertex   1.775035e+01 6.717449e+01 1.550000e+01
      vertex   1.841183e+01 6.830764e+01 1.550000e+01
    endloop
  endfacet
  facet normal 0.000000e+00 0.000000e+00 -1.000000e+00
    outer loop
      vertex   1.841183e+01 6.830764e+01 1.550000e+01
      vertex   1.775035e+01 6.717449e+01 1.550000e+01
      vertex   1.752204e+01 6.737781e+01 1.550000e+01
    endloop
  endfacet
  facet normal -3.568872e-15 3.415187e-15 -1.000000e+00
    outer loop
      vertex   1.841183e+01 6.830764e+01 1.550000e+01
      vertex   1.752204e+01 6.737781e+01 1.550000e+01
      vertex   1.807003e+01 6.899073e+01 1.550000e+01
    endloop
  endfacet
  facet normal 3.446596e-14 -9.507140e-15 -1.000000e+00
    outer loop
      vertex   1.807003e+01 6.899073e+01 1.550000e+01
      vertex   1.752204e+01 6.737781e+01 1.550000e+01
      vertex   1.793496e+01 6.906158e+01 1.550000e+01
    endloop
  endfacet
  facet normal -2.314204e-16 -9.982390e-16 -1.000000e+00
    outer loop
      vertex   1.793496e+01 6.906158e+01 1.550000e+01
      vertex   1.752204e+01 6.737781e+01 1.550000e+01
      vertex   1.778588e+01 6.909614e+01 1.550000e+01
    endloop
  endfacet
  facet normal -1.526676e-14 1.310323e-15 -1.000000e+00
    outer loop
      vertex   1.778588e+01 6.909614e+01 1.550000e+01
      vertex   1.752204e+01 6.737781e+01 1.550000e+01
      vertex   1.730804e+01 6.759572e+01 1.550000e+01
    endloop
  endfacet
  facet normal -1.130082e-14 4.727916e-17 -1.000000e+00
    outer loop
      vertex   1.778588e+01 6.909614e+01 1.550000e+01
      vertex   1.730804e+01 6.759572e+01 1.550000e+01
      vertex   1.762875e+01 6.910982e+01 1.550000e+01
    endloop
  endfacet
  facet normal 2.116737e-16 -2.391252e-15 -1.000000e+00
    outer loop
      vertex   1.762875e+01 6.910982e+01 1.550000e+01
      vertex   1.730804e+01 6.759572e+01 1.550000e+01
      vertex   1.747881e+01 6.909655e+01 1.550000e+01
    endloop
  endfacet
  facet normal 5.631207e-16 -2.431242e-15 -1.000000e+00
    outer loop
      vertex   1.747881e+01 6.909655e+01 1.550000e+01
      vertex   1.730804e+01 6.759572e+01 1.550000e+01
      vertex   1.733640e+01 6.906356e+01 1.550000e+01
    endloop
  endfacet
  facet normal 1.444455e-14 -2.699470e-15 -1.000000e+00
    outer loop
      vertex   1.733640e+01 6.906356e+01 1.550000e+01
      vertex   1.730804e+01 6.759572e+01 1.550000e+01
      vertex   1.710487e+01 6.782469e+01 1.550000e+01
    endloop
  endfacet
  facet normal -3.040373e-14 5.682002e-15 -1.000000e+00
    outer loop
      vertex   1.733640e+01 6.906356e+01 1.550000e+01
      vertex   1.710487e+01 6.782469e+01 1.550000e+01
      vertex   1.720700e+01 6.899644e+01 1.550000e+01
    endloop
  endfacet
  facet normal 4.089205e-15 2.675552e-15 -1.000000e+00
    outer loop
      vertex   1.720700e+01 6.899644e+01 1.550000e+01
      vertex   1.710487e+01 6.782469e+01 1.550000e+01
      vertex   1.701575e+01 6.796091e+01 1.550000e+01
    endloop
  endfacet
  facet normal 3.097851e-14 -2.290779e-15 -1.000000e+00
    outer loop
      vertex   1.720700e+01 6.899644e+01 1.550000e+01
      vertex   1.701575e+01 6.796091e+01 1.550000e+01
      vertex   1.708578e+01 6.890791e+01 1.550000e+01
    endloop
  endfacet
  facet normal 2.195728e-14 -1.623684e-15 -1.000000e+00
    outer loop
      vertex   1.708578e+01 6.890791e+01 1.550000e+01
      vertex   1.701575e+01 6.796091e+01 1.550000e+01
      vertex   1.699695e+01 6.880068e+01 1.550000e+01
    endloop
  endfacet
  facet normal -4.324773e-15 -2.212114e-15 -1.000000e+00
    outer loop
      vertex   1.699695e+01 6.880068e+01 1.550000e+01
      vertex   1.701575e+01 6.796091e+01 1.550000e+01
      vertex   1.694297e+01 6.810319e+01 1.550000e+01
    endloop
  endfacet
  facet normal -7.060303e-15 -2.000425e-15 -1.000000e+00
    outer loop
      vertex   1.699695e+01 6.880068e+01 1.550000e+01
      vertex   1.694297e+01 6.810319e+01 1.550000e+01
      vertex   1.689957e+01 6.825637e+01 1.550000e+01
    endloop
  endfacet
  facet normal 0.000000e+00 0.000000e+00 -1.000000e+00
    outer loop
      vertex   1.687568e+01 6.841678e+01 1.550000e+01
      vertex   1.689194e+01 6.855510e+01 1.550000e+01
      vertex   1.689957e+01 6.825637e+01 1.550000e+01
    endloop
  endfacet
  facet normal 0.000000e+00 0.000000e+00 -1.000000e+00
    outer loop
      vertex   1.689957e+01 6.825637e+01 1.550000e+01
      vertex   1.689194e+01 6.855510e+01 1.550000e+01
      vertex   1.692795e+01 6.868495e+01 1.550000e+01
    endloop
  endfacet
  facet normal -2.896475e-14 1.918175e-15 -1.000000e+00
    outer loop
      vertex   1.689957e+01 6.825637e+01 1.550000e+01
      vertex   1.692795e+01 6.868495e+01 1.550000e+01
      vertex   1.699695e+01 6.880068e+01 1.550000e+01
    endloop
  endfacet
  facet normal -3.863062e-14 -1.412883e-14 -1.000000e+00
    outer loop
      vertex   1.807003e+01 6.899073e+01 1.550000e+01
      vertex   1.819628e+01 6.889700e+01 1.550000e+01
      vertex   1.841183e+01 6.830764e+01 1.550000e+01
    endloop
  endfacet
  facet normal 7.501809e-14 2.743724e-14 -1.000000e+00
    outer loop
      vertex   1.841183e+01 6.830764e+01 1.550000e+01
      vertex   1.819628e+01 6.889700e+01 1.550000e+01
      vertex   1.829174e+01 6.876547e+01 1.550000e+01
    endloop
  endfacet
  facet normal -4.358585e-14 -3.672606e-15 -1.000000e+00
    outer loop
      vertex   1.841183e+01 6.830764e+01 1.550000e+01
      vertex   1.829174e+01 6.876547e+01 1.550000e+01
      vertex   1.839813e+01 6.847026e+01 1.550000e+01
    endloop
  endfacet
  facet normal -8.849846e-14 -1.985794e-14 -1.000000e+00
    outer loop
      vertex   1.839813e+01 6.847026e+01 1.550000e+01
      vertex   1.829174e+01 6.876547e+01 1.550000e+01
      vertex   1.836343e+01 6.862489e+01 1.550000e+01
    endloop
  endfacet
  facet normal 0.000000e+00 0.000000e+00 -1.000000e+00
    outer loop
      vertex   1.935317e+01 6.719441e+01 1.550000e+01
      vertex   1.891661e+01 6.835948e+01 1.550000e+01
      vertex   2.129587e+01 6.902797e+01 1.550000e+01
    endloop
  endfacet
  facet normal 1.972237e-15 -7.019554e-15 -1.000000e+00
    outer loop
      vertex   2.129587e+01 6.902797e+01 1.550000e+01
      vertex   1.891661e+01 6.835948e+01 1.550000e+01
      vertex   1.887622e+01 6.860119e+01 1.550000e+01
    endloop
  endfacet
  facet normal 0.000000e+00 -0.000000e+00 -1.000000e+00
    outer loop
      vertex   1.637090e+01 6.840587e+01 1.550000e+01
      vertex   1.637894e+01 6.828444e+01 1.550000e+01
      vertex   1.636545e+01 6.597203e+01 1.550000e+01
    endloop
  endfacet
  facet normal 1.993114e-13 -1.162729e-15 -1.000000e+00
    outer loop
      vertex   1.636545e+01 6.597203e+01 1.550000e+01
      vertex   1.637894e+01 6.828444e+01 1.550000e+01
      vertex   1.639606e+01 6.816490e+01 1.550000e+01
    endloop
  endfacet
  facet normal 5.594627e-15 1.542011e-15 -1.000000e+00
    outer loop
      vertex   1.636545e+01 6.597203e+01 1.550000e+01
      vertex   1.639606e+01 6.816490e+01 1.550000e+01
      vertex   1.642816e+01 6.804845e+01 1.550000e+01
    endloop
  endfacet
  facet normal -7.554571e-14 3.992679e-15 -1.000000e+00
    outer loop
      vertex   1.642816e+01 6.804845e+01 1.550000e+01
      vertex   1.646913e+01 6.793383e+01 1.550000e+01
      vertex   1.636545e+01 6.597203e+01 1.550000e+01
    endloop
  endfacet
  facet normal 0.000000e+00 0.000000e+00 -1.000000e+00
    outer loop
      vertex   1.636545e+01 6.597203e+01 1.550000e+01
      vertex   1.646913e+01 6.793383e+01 1.550000e+01
      vertex   1.653698e+01 6.780247e+01 1.550000e+01
    endloop
  endfacet
  facet normal -2.023894e-14 1.896586e-15 -1.000000e+00
    outer loop
      vertex   1.636545e+01 6.597203e+01 1.550000e+01
      vertex   1.653698e+01 6.780247e+01 1.550000e+01
      vertex   1.661294e+01 6.767647e+01 1.550000e+01
    endloop
  endfacet
  facet normal -1.164462e-15 -8.731084e-16 -1.000000e+00
    outer loop
      vertex   1.661294e+01 6.767647e+01 1.550000e+01
      vertex   1.670128e+01 6.755866e+01 1.550000e+01
      vertex   1.636545e+01 6.597203e+01 1.550000e+01
    endloop
  endfacet
  facet normal 1.383400e-14 -4.047723e-15 -1.000000e+00
    outer loop
      vertex   1.636545e+01 6.597203e+01 1.550000e+01
      vertex   1.670128e+01 6.755866e+01 1.550000e+01
      vertex   1.679655e+01 6.744543e+01 1.550000e+01
    endloop
  endfacet
  facet normal -7.571075e-15 2.215240e-15 -1.000000e+00
    outer loop
      vertex   1.636545e+01 6.597203e+01 1.550000e+01
      vertex   1.679655e+01 6.744543e+01 1.550000e+01
      vertex   1.697706e+01 6.726048e+01 1.550000e+01
    endloop
  endfacet
  facet normal 5.644160e-15 -4.057909e-15 -1.000000e+00
    outer loop
      vertex   1.697706e+01 6.726048e+01 1.550000e+01
      vertex   1.716283e+01 6.708111e+01 1.550000e+01
      vertex   1.636545e+01 6.597203e+01 1.550000e+01
    endloop
  endfacet
  facet normal 0.000000e+00 0.000000e+00 -1.000000e+00
    outer loop
      vertex   1.636545e+01 6.597203e+01 1.550000e+01
      vertex   1.716283e+01 6.708111e+01 1.550000e+01
      vertex   1.735570e+01 6.690929e+01 1.550000e+01
    endloop
  endfacet
  facet normal 0.000000e+00 0.000000e+00 -1.000000e+00
    outer loop
      vertex   1.636545e+01 6.597203e+01 1.550000e+01
      vertex   1.735570e+01 6.690929e+01 1.550000e+01
      vertex   1.755235e+01 6.674147e+01 1.550000e+01
    endloop
  endfacet
  facet normal 1.064126e-14 -1.641471e-14 -1.000000e+00
    outer loop
      vertex   1.755235e+01 6.674147e+01 1.550000e+01
      vertex   1.769799e+01 6.661945e+01 1.550000e+01
      vertex   1.636545e+01 6.597203e+01 1.550000e+01
    endloop
  endfacet
  facet normal -7.198102e-15 2.030286e-14 -1.000000e+00
    outer loop
      vertex   1.636545e+01 6.597203e+01 1.550000e+01
      vertex   1.769799e+01 6.661945e+01 1.550000e+01
      vertex   1.784187e+01 6.649548e+01 1.550000e+01
    endloop
  endfacet
  facet normal 7.092865e-15 -2.000603e-14 -1.000000e+00
    outer loop
      vertex   1.636545e+01 6.597203e+01 1.550000e+01
      vertex   1.784187e+01 6.649548e+01 1.550000e+01
      vertex   1.798232e+01 6.636769e+01 1.550000e+01
    endloop
  endfacet
  facet normal 0.000000e+00 0.000000e+00 -1.000000e+00
    outer loop
      vertex   4.489917e+01 1.325000e+01 1.550000e+01
      vertex   4.360000e+01 1.325000e+01 1.550000e+01
      vertex   4.489917e+01 2.095000e+01 1.550000e+01
    endloop
  endfacet
  facet normal -0.000000e+00 0.000000e+00 -1.000000e+00
    outer loop
      vertex   4.489917e+01 2.095000e+01 1.550000e+01
      vertex   4.360000e+01 1.325000e+01 1.550000e+01
      vertex   4.360000e+01 2.095000e+01 1.550000e+01
    endloop
  endfacet
  facet normal 0.000000e+00 -0.000000e+00 -1.000000e+00
    outer loop
      vertex   4.360000e+01 2.095000e+01 1.550000e+01
      vertex   4.360000e+01 1.325000e+01 1.550000e+01
      vertex   2.400000e+00 2.095000e+01 1.550000e+01
    endloop
  endfacet
  facet normal 0.000000e+00 0.000000e+00 -1.000000e+00
    outer loop
      vertex   4.360000e+01 2.400000e+00 1.550000e+01
      vertex   2.400000e+00 2.400000e+00 1.550000e+01
      vertex   4.360000e+01 1.325000e+01 1.550000e+01
    endloop
  endfacet
  facet normal -0.000000e+00 0.000000e+00 -1.000000e+00
    outer loop
      vertex   4.360000e+01 1.325000e+01 1.550000e+01
      vertex   2.400000e+00 2.400000e+00 1.550000e+01
      vertex   2.400000e+00 1.325000e+01 1.550000e+01
    endloop
  endfacet
  facet normal 0.000000e+00 0.000000e+00 -1.000000e+00
    outer loop
      vertex   4.360000e+01 1.325000e+01 1.550000e+01
      vertex   2.400000e+00 1.325000e+01 1.550000e+01
      vertex   2.400000e+00 2.095000e+01 1.550000e+01
    endloop
  endfacet
  facet normal 0.000000e+00 0.000000e+00 -1.000000e+00
    outer loop
      vertex   2.400000e+00 2.095000e+01 1.550000e+01
      vertex   2.400000e+00 1.325000e+01 1.550000e+01
      vertex   1.100150e+00 1.325000e+01 1.550000e+01
    endloop
  endfacet
  facet normal -0.000000e+00 0.000000e+00 -1.000000e+00
    outer loop
      vertex   2.400000e+00 2.095000e+01 1.550000e+01
      vertex   1.100150e+00 1.325000e+01 1.550000e+01
      vertex   1.100150e+00 2.095000e+01 1.550000e+01
    endloop
  endfacet
  facet normal 0.000000e+00 -0.000000e+00 -1.000000e+00
    outer loop
      vertex   4.489988e+01 6.075000e+01 1.550000e+01
      vertex   4.489988e+01 5.305000e+01 1.550000e+01
      vertex   4.360000e+01 5.305000e+01 1.550000e+01
    endloop
  endfacet
  facet normal 0.000000e+00 -0.000000e+00 -1.000000e+00
    outer loop
      vertex   2.086204e+01 6.670055e+01 1.550000e+01
      vertex   2.346504e+01 6.550000e+01 1.550000e+01
      vertex   1.900938e+01 6.550000e+01 1.550000e+01
    endloop
  endfacet
  facet normal -1.000000e+00 0.000000e+00 0.000000e+00
    outer loop
      vertex   2.220000e+01 1.000000e+00 8.650000e+00
      vertex   2.220000e+01 -1.025324e-15 8.650000e+00
      vertex   2.220000e+01 1.000000e+00 9.650000e+00
    endloop
  endfacet
  facet normal -1.000000e+00 -0.000000e+00 0.000000e+00
    outer loop
      vertex   2.220000e+01 1.000000e+00 9.650000e+00
      vertex   2.220000e+01 -1.025324e-15 8.650000e+00
      vertex   2.220000e+01 0.000000e+00 1.354500e+01
    endloop
  endfacet
  facet normal -1.000000e+00 0.000000e+00 0.000000e+00
    outer loop
      vertex   2.220000e+01 1.000000e+00 9.650000e+00
      vertex   2.220000e+01 0.000000e+00 1.354500e+01
      vertex   2.220000e+01 2.400000e+00 1.354500e+01
    endloop
  endfacet
  facet normal -1.000000e+00 0.000000e+00 -0.000000e+00
    outer loop
      vertex   2.220000e+01 2.400000e+00 1.354500e+01
      vertex   2.220000e+01 2.400000e+00 9.650000e+00
      vertex   2.220000e+01 1.000000e+00 9.650000e+00
    endloop
  endfacet
  facet normal 0.000000e+00 0.000000e+00 -1.000000e+00
    outer loop
      vertex   2.220000e+01 0.000000e+00 1.354500e+01
      vertex   8.700000e+00 0.000000e+00 1.354500e+01
      vertex   2.220000e+01 2.400000e+00 1.354500e+01
    endloop
  endfacet
  facet normal -0.000000e+00 0.000000e+00 -1.000000e+00
    outer loop
      vertex   2.220000e+01 2.400000e+00 1.354500e+01
      vertex   8.700000e+00 0.000000e+00 1.354500e+01
      vertex   8.700000e+00 2.400000e+00 1.354500e+01
    endloop
  endfacet
  facet normal 1.000000e+00 0.000000e+00 0.000000e+00
    outer loop
      vertex   8.700000e+00 1.000000e+00 8.650000e+00
      vertex   8.700000e+00 1.000000e+00 9.650000e+00
      vertex   8.700000e+00 -1.436759e-16 8.650000e+00
    endloop
  endfacet
  facet normal 1.000000e+00 0.000000e+00 0.000000e+00
    outer loop
      vertex   8.700000e+00 -1.436759e-16 8.650000e+00
      vertex   8.700000e+00 1.000000e+00 9.650000e+00
      vertex   8.700000e+00 0.000000e+00 1.354500e+01
    endloop
  endfacet
  facet normal 1.000000e+00 -0.000000e+00 0.000000e+00
    outer loop
      vertex   8.700000e+00 0.000000e+00 1.354500e+01
      vertex   8.700000e+00 1.000000e+00 9.650000e+00
      vertex   8.700000e+00 2.400000e+00 1.354500e+01
    endloop
  endfacet
  facet normal 1.000000e+00 0.000000e+00 0.000000e+00
    outer loop
      vertex   8.700000e+00 2.400000e+00 1.354500e+01
      vertex   8.700000e+00 1.000000e+00 9.650000e+00
      vertex   8.700000e+00 2.400000e+00 9.650000e+00
    endloop
  endfacet
  facet normal -1.000000e+00 0.000000e+00 0.000000e+00
    outer loop
      vertex   3.915000e+01 1.000000e+00 8.650000e+00
      vertex   3.915000e+01 -2.132281e-15 8.650000e+00
      vertex   3.915000e+01 1.000000e+00 9.650000e+00
    endloop
  endfacet
  facet normal -1.000000e+00 -0.000000e+00 0.000000e+00
    outer loop
      vertex   3.915000e+01 1.000000e+00 9.650000e+00
      vertex   3.915000e+01 -2.132281e-15 8.650000e+00
      vertex   3.915000e+01 0.000000e+00 1.184500e+01
    endloop
  endfacet
  facet normal -1.000000e+00 0.000000e+00 0.000000e+00
    outer loop
      vertex   3.915000e+01 1.000000e+00 9.650000e+00
      vertex   3.915000e+01 0.000000e+00 1.184500e+01
      vertex   3.915000e+01 2.400000e+00 1.184500e+01
    endloop
  endfacet
  facet normal -1.000000e+00 0.000000e+00 -0.000000e+00
    outer loop
      vertex   3.915000e+01 2.400000e+00 1.184500e+01
      vertex   3.915000e+01 2.400000e+00 9.650000e+00
      vertex   3.915000e+01 1.000000e+00 9.650000e+00
    endloop
  endfacet
  facet normal 0.000000e+00 0.000000e+00 -1.000000e+00
    outer loop
      vertex   3.915000e+01 0.000000e+00 1.184500e+01
      vertex   2.775000e+01 0.000000e+00 1.184500e+01
      vertex   3.915000e+01 2.400000e+00 1.184500e+01
    endloop
  endfacet
  facet normal -0.000000e+00 0.000000e+00 -1.000000e+00
    outer loop
      vertex   3.915000e+01 2.400000e+00 1.184500e+01
      vertex   2.775000e+01 0.000000e+00 1.184500e+01
      vertex   2.775000e+01 2.400000e+00 1.184500e+01
    endloop
  endfacet
  facet normal 1.000000e+00 0.000000e+00 0.000000e+00
    outer loop
      vertex   2.775000e+01 1.000000e+00 8.650000e+00
      vertex   2.775000e+01 1.000000e+00 9.650000e+00
      vertex   2.775000e+01 -1.387779e-15 8.650000e+00
    endloop
  endfacet
  facet normal 1.000000e+00 0.000000e+00 0.000000e+00
    outer loop
      vertex   2.775000e+01 -1.387779e-15 8.650000e+00
      vertex   2.775000e+01 1.000000e+00 9.650000e+00
      vertex   2.775000e+01 0.000000e+00 1.184500e+01
    endloop
  endfacet
  facet normal 1.000000e+00 -0.000000e+00 0.000000e+00
    outer loop
      vertex   2.775000e+01 0.000000e+00 1.184500e+01
      vertex   2.775000e+01 1.000000e+00 9.650000e+00
      vertex   2.775000e+01 2.400000e+00 1.184500e+01
    endloop
  endfacet
  facet normal 1.000000e+00 0.000000e+00 0.000000e+00
    outer loop
      vertex   2.775000e+01 2.400000e+00 1.184500e+01
      vertex   2.775000e+01 1.000000e+00 9.650000e+00
      vertex   2.775000e+01 2.400000e+00 9.650000e+00
    endloop
  endfacet
  facet normal 0.000000e+00 1.000000e+00 -0.000000e+00
    outer loop
      vertex   2.775000e+01 2.400000e+00 9.650000e+00
      vertex   2.220000e+01 2.400000e+00 9.650000e+00
      vertex   2.775000e+01 2.400000e+00 1.184500e+01
    endloop
  endfacet
  facet normal 0.000000e+00 1.000000e+00 0.000000e+00
    outer loop
      vertex   2.775000e+01 2.400000e+00 1.184500e+01
      vertex   2.220000e+01 2.400000e+00 9.650000e+00
      vertex   2.220000e+01 2.400000e+00 1.354500e+01
    endloop
  endfacet
  facet normal 0.000000e+00 1.000000e+00 -0.000000e+00
    outer loop
      vertex   2.775000e+01 2.400000e+00 1.184500e+01
      vertex   2.220000e+01 2.400000e+00 1.354500e+01
      vertex   3.915000e+01 2.400000e+00 1.184500e+01
    endloop
  endfacet
  facet normal -5.429959e-17 1.000000e+00 -5.413989e-16
    outer loop
      vertex   3.915000e+01 2.400000e+00 1.184500e+01
      vertex   2.220000e+01 2.400000e+00 1.354500e+01
      vertex   4.360000e+01 2.400000e+00 1.550000e+01
    endloop
  endfacet
  facet normal -4.989766e-16 1.000000e+00 0.000000e+00
    outer loop
      vertex   3.915000e+01 2.400000e+00 1.184500e+01
      vertex   4.360000e+01 2.400000e+00 1.550000e+01
      vertex   4.360000e+01 2.400000e+00 9.650000e+00
    endloop
  endfacet
  facet normal 0.000000e+00 1.000000e+00 -1.135778e-15
    outer loop
      vertex   4.360000e+01 2.400000e+00 1.550000e+01
      vertex   2.220000e+01 2.400000e+00 1.354500e+01
      vertex   2.400000e+00 2.400000e+00 1.550000e+01
    endloop
  endfacet
  facet normal 0.000000e+00 1.000000e+00 -1.135778e-15
    outer loop
      vertex   2.400000e+00 2.400000e+00 1.550000e+01
      vertex   2.220000e+01 2.400000e+00 1.354500e+01
      vertex   8.700000e+00 2.400000e+00 1.354500e+01
    endloop
  endfacet
  facet normal 3.524518e-16 1.000000e+00 0.000000e+00
    outer loop
      vertex   2.400000e+00 2.400000e+00 1.550000e+01
      vertex   8.700000e+00 2.400000e+00 1.354500e+01
      vertex   2.400000e+00 2.400000e+00 9.650000e+00
    endloop
  endfacet
  facet normal 3.524518e-16 1.000000e+00 1.607394e-32
    outer loop
      vertex   2.400000e+00 2.400000e+00 9.650000e+00
      vertex   8.700000e+00 2.400000e+00 1.354500e+01
      vertex   8.700000e+00 2.400000e+00 9.650000e+00
    endloop
  endfacet
  facet normal -4.989766e-16 1.000000e+00 0.000000e+00
    outer loop
      vertex   4.360000e+01 2.400000e+00 9.650000e+00
      vertex   3.915000e+01 2.400000e+00 9.650000e+00
      vertex   3.915000e+01 2.400000e+00 1.184500e+01
    endloop
  endfacet
  facet normal 0.000000e+00 0.000000e+00 -1.000000e+00
    outer loop
      vertex   8.700000e+00 -1.436759e-16 8.650000e+00
      vertex   2.250000e+00 2.775558e-16 8.650000e+00
      vertex   8.700000e+00 1.000000e+00 8.650000e+00
    endloop
  endfacet
  facet normal -0.000000e+00 0.000000e+00 -1.000000e+00
    outer loop
      vertex   8.700000e+00 1.000000e+00 8.650000e+00
      vertex   2.250000e+00 2.775558e-16 8.650000e+00
      vertex   2.250000e+00 1.000000e+00 8.650000e+00
    endloop
  endfacet
  facet normal -0.000000e+00 -0.000000e+00 -1.000000e+00
    outer loop
      vertex   2.250000e+00 1.000000e+00 8.650000e+00
      vertex   2.250000e+00 2.775558e-16 8.650000e+00
      vertex   1.971849e+00 1.031340e+00 8.650000e+00
    endloop
  endfacet
  facet normal 0.000000e+00 -0.000000e+00 -1.000000e+00
    outer loop
      vertex   1.971849e+00 1.031340e+00 8.650000e+00
      vertex   2.250000e+00 2.775558e-16 8.650000e+00
      vertex   1.859292e+00 3.418256e-02 8.650000e+00
    endloop
  endfacet
  facet normal -0.000000e+00 0.000000e+00 -1.000000e+00
    outer loop
      vertex   1.971849e+00 1.031340e+00 8.650000e+00
      vertex   1.859292e+00 3.418256e-02 8.650000e+00
      vertex   1.707645e+00 1.123789e+00 8.650000e+00
    endloop
  endfacet
  facet normal 0.000000e+00 -0.000000e+00 -1.000000e+00
    outer loop
      vertex   1.707645e+00 1.123789e+00 8.650000e+00
      vertex   1.859292e+00 3.418256e-02 8.650000e+00
      vertex   1.480455e+00 1.356916e-01 8.650000e+00
    endloop
  endfacet
  facet normal -0.000000e+00 0.000000e+00 -1.000000e+00
    outer loop
      vertex   1.707645e+00 1.123789e+00 8.650000e+00
      vertex   1.480455e+00 1.356916e-01 8.650000e+00
      vertex   1.470638e+00 1.272711e+00 8.650000e+00
    endloop
  endfacet
  facet normal 0.000000e+00 -0.000000e+00 -1.000000e+00
    outer loop
      vertex   1.470638e+00 1.272711e+00 8.650000e+00
      vertex   1.480455e+00 1.356916e-01 8.650000e+00
      vertex   1.125000e+00 3.014428e-01 8.650000e+00
    endloop
  endfacet
  facet normal -0.000000e+00 0.000000e+00 -1.000000e+00
    outer loop
      vertex   1.470638e+00 1.272711e+00 8.650000e+00
      vertex   1.125000e+00 3.014428e-01 8.650000e+00
      vertex   1.272711e+00 1.470638e+00 8.650000e+00
    endloop
  endfacet
  facet normal 0.000000e+00 0.000000e+00 -1.000000e+00
    outer loop
      vertex   1.272711e+00 1.470638e+00 8.650000e+00
      vertex   1.125000e+00 3.014428e-01 8.650000e+00
      vertex   8.037279e-01 5.264000e-01 8.650000e+00
    endloop
  endfacet
  facet normal -0.000000e+00 0.000000e+00 -1.000000e+00
    outer loop
      vertex   1.272711e+00 1.470638e+00 8.650000e+00
      vertex   8.037279e-01 5.264000e-01 8.650000e+00
      vertex   1.123789e+00 1.707645e+00 8.650000e+00
    endloop
  endfacet
  facet normal 0.000000e+00 0.000000e+00 -1.000000e+00
    outer loop
      vertex   1.123789e+00 1.707645e+00 8.650000e+00
      vertex   8.037279e-01 5.264000e-01 8.650000e+00
      vertex   5.264000e-01 8.037279e-01 8.650000e+00
    endloop
  endfacet
  facet normal 0.000000e+00 0.000000e+00 -1.000000e+00
    outer loop
      vertex   1.123789e+00 1.707645e+00 8.650000e+00
      vertex   5.264000e-01 8.037279e-01 8.650000e+00
      vertex   3.014428e-01 1.125000e+00 8.650000e+00
    endloop
  endfacet
  facet normal -0.000000e+00 0.000000e+00 -1.000000e+00
    outer loop
      vertex   1.123789e+00 1.707645e+00 8.650000e+00
      vertex   3.014428e-01 1.125000e+00 8.650000e+00
      vertex   1.031340e+00 1.971849e+00 8.650000e+00
    endloop
  endfacet
  facet normal 0.000000e+00 0.000000e+00 -1.000000e+00
    outer loop
      vertex   1.031340e+00 1.971849e+00 8.650000e+00
      vertex   3.014428e-01 1.125000e+00 8.650000e+00
      vertex   1.356916e-01 1.480455e+00 8.650000e+00
    endloop
  endfacet
  facet normal -0.000000e+00 0.000000e+00 -1.000000e+00
    outer loop
      vertex   1.031340e+00 1.971849e+00 8.650000e+00
      vertex   1.356916e-01 1.480455e+00 8.650000e+00
      vertex   1.000000e+00 2.250000e+00 8.650000e+00
    endloop
  endfacet
  facet normal 0.000000e+00 0.000000e+00 -1.000000e+00
    outer loop
      vertex   1.000000e+00 2.250000e+00 8.650000e+00
      vertex   1.356916e-01 1.480455e+00 8.650000e+00
      vertex   3.418256e-02 1.859292e+00 8.650000e+00
    endloop
  endfacet
  facet normal 0.000000e+00 0.000000e+00 -1.000000e+00
    outer loop
      vertex   1.000000e+00 2.250000e+00 8.650000e+00
      vertex   3.418256e-02 1.859292e+00 8.650000e+00
      vertex   -4.440892e-15 2.250000e+00 8.650000e+00
    endloop
  endfacet
  facet normal -0.000000e+00 0.000000e+00 -1.000000e+00
    outer loop
      vertex   1.000000e+00 2.250000e+00 8.650000e+00
      vertex   -4.440892e-15 2.250000e+00 8.650000e+00
      vertex   1.000000e+00 7.175000e+01 8.650000e+00
    endloop
  endfacet
  facet normal -0.000000e+00 0.000000e+00 -1.000000e+00
    outer loop
      vertex   1.000000e+00 7.175000e+01 8.650000e+00
      vertex   -4.440892e-15 2.250000e+00 8.650000e+00
      vertex   6.106227e-15 7.175000e+01 8.650000e+00
    endloop
  endfacet
  facet normal 0.000000e+00 0.000000e+00 -1.000000e+00
    outer loop
      vertex   1.000000e+00 7.175000e+01 8.650000e+00
      vertex   6.106227e-15 7.175000e+01 8.650000e+00
      vertex   3.418256e-02 7.214071e+01 8.650000e+00
    endloop
  endfacet
  facet normal 0.000000e+00 0.000000e+00 -1.000000e+00
    outer loop
      vertex   3.418256e-02 7.214071e+01 8.650000e+00
      vertex   1.356916e-01 7.251955e+01 8.650000e+00
      vertex   1.000000e+00 7.175000e+01 8.650000e+00
    endloop
  endfacet
  facet normal 0.000000e+00 0.000000e+00 -1.000000e+00
    outer loop
      vertex   1.000000e+00 7.175000e+01 8.650000e+00
      vertex   1.356916e-01 7.251955e+01 8.650000e+00
      vertex   1.031340e+00 7.202815e+01 8.650000e+00
    endloop
  endfacet
  facet normal 0.000000e+00 0.000000e+00 -1.000000e+00
    outer loop
      vertex   1.031340e+00 7.202815e+01 8.650000e+00
      vertex   1.356916e-01 7.251955e+01 8.650000e+00
      vertex   3.014428e-01 7.287500e+01 8.650000e+00
    endloop
  endfacet
  facet normal 0.000000e+00 0.000000e+00 -1.000000e+00
    outer loop
      vertex   1.031340e+00 7.202815e+01 8.650000e+00
      vertex   3.014428e-01 7.287500e+01 8.650000e+00
      vertex   1.123789e+00 7.229235e+01 8.650000e+00
    endloop
  endfacet
  facet normal 0.000000e+00 0.000000e+00 -1.000000e+00
    outer loop
      vertex   1.123789e+00 7.229235e+01 8.650000e+00
      vertex   3.014428e-01 7.287500e+01 8.650000e+00
      vertex   5.264000e-01 7.319627e+01 8.650000e+00
    endloop
  endfacet
  facet normal 0.000000e+00 0.000000e+00 -1.000000e+00
    outer loop
      vertex   1.123789e+00 7.229235e+01 8.650000e+00
      vertex   5.264000e-01 7.319627e+01 8.650000e+00
      vertex   8.037279e-01 7.347360e+01 8.650000e+00
    endloop
  endfacet
  facet normal 0.000000e+00 0.000000e+00 -1.000000e+00
    outer loop
      vertex   1.123789e+00 7.229235e+01 8.650000e+00
      vertex   8.037279e-01 7.347360e+01 8.650000e+00
      vertex   1.272711e+00 7.252936e+01 8.650000e+00
    endloop
  endfacet
  facet normal 0.000000e+00 0.000000e+00 -1.000000e+00
    outer loop
      vertex   1.272711e+00 7.252936e+01 8.650000e+00
      vertex   8.037279e-01 7.347360e+01 8.650000e+00
      vertex   1.125000e+00 7.369856e+01 8.650000e+00
    endloop
  endfacet
  facet normal 0.000000e+00 0.000000e+00 -1.000000e+00
    outer loop
      vertex   1.272711e+00 7.252936e+01 8.650000e+00
      vertex   1.125000e+00 7.369856e+01 8.650000e+00
      vertex   1.470638e+00 7.272729e+01 8.650000e+00
    endloop
  endfacet
  facet normal 0.000000e+00 0.000000e+00 -1.000000e+00
    outer loop
      vertex   1.470638e+00 7.272729e+01 8.650000e+00
      vertex   1.125000e+00 7.369856e+01 8.650000e+00
      vertex   1.480455e+00 7.386431e+01 8.650000e+00
    endloop
  endfacet
  facet normal 0.000000e+00 0.000000e+00 -1.000000e+00
    outer loop
      vertex   1.470638e+00 7.272729e+01 8.650000e+00
      vertex   1.480455e+00 7.386431e+01 8.650000e+00
      vertex   1.707645e+00 7.287621e+01 8.650000e+00
    endloop
  endfacet
  facet normal 0.000000e+00 0.000000e+00 -1.000000e+00
    outer loop
      vertex   1.707645e+00 7.287621e+01 8.650000e+00
      vertex   1.480455e+00 7.386431e+01 8.650000e+00
      vertex   1.859292e+00 7.396582e+01 8.650000e+00
    endloop
  endfacet
  facet normal 0.000000e+00 0.000000e+00 -1.000000e+00
    outer loop
      vertex   1.707645e+00 7.287621e+01 8.650000e+00
      vertex   1.859292e+00 7.396582e+01 8.650000e+00
      vertex   1.971849e+00 7.296866e+01 8.650000e+00
    endloop
  endfacet
  facet normal 0.000000e+00 0.000000e+00 -1.000000e+00
    outer loop
      vertex   1.971849e+00 7.296866e+01 8.650000e+00
      vertex   1.859292e+00 7.396582e+01 8.650000e+00
      vertex   2.250000e+00 7.400000e+01 8.650000e+00
    endloop
  endfacet
  facet normal 0.000000e+00 0.000000e+00 -1.000000e+00
    outer loop
      vertex   1.971849e+00 7.296866e+01 8.650000e+00
      vertex   2.250000e+00 7.400000e+01 8.650000e+00
      vertex   2.250000e+00 7.300000e+01 8.650000e+00
    endloop
  endfacet
  facet normal 0.000000e+00 0.000000e+00 -1.000000e+00
    outer loop
      vertex   2.250000e+00 7.300000e+01 8.650000e+00
      vertex   2.250000e+00 7.400000e+01 8.650000e+00
      vertex   4.375000e+01 7.400000e+01 8.650000e+00
    endloop
  endfacet
  facet normal 0.000000e+00 0.000000e+00 -1.000000e+00
    outer loop
      vertex   2.250000e+00 7.300000e+01 8.650000e+00
      vertex   4.375000e+01 7.400000e+01 8.650000e+00
      vertex   4.375000e+01 7.300000e+01 8.650000e+00
    endloop
  endfacet
  facet normal 0.000000e+00 0.000000e+00 -1.000000e+00
    outer loop
      vertex   4.375000e+01 7.300000e+01 8.650000e+00
      vertex   4.375000e+01 7.400000e+01 8.650000e+00
      vertex   4.402815e+01 7.296866e+01 8.650000e+00
    endloop
  endfacet
  facet normal 0.000000e+00 0.000000e+00 -1.000000e+00
    outer loop
      vertex   4.402815e+01 7.296866e+01 8.650000e+00
      vertex   4.375000e+01 7.400000e+01 8.650000e+00
      vertex   4.414071e+01 7.396582e+01 8.650000e+00
    endloop
  endfacet
  facet normal 0.000000e+00 0.000000e+00 -1.000000e+00
    outer loop
      vertex   4.402815e+01 7.296866e+01 8.650000e+00
      vertex   4.414071e+01 7.396582e+01 8.650000e+00
      vertex   4.429235e+01 7.287621e+01 8.650000e+00
    endloop
  endfacet
  facet normal 0.000000e+00 0.000000e+00 -1.000000e+00
    outer loop
      vertex   4.429235e+01 7.287621e+01 8.650000e+00
      vertex   4.414071e+01 7.396582e+01 8.650000e+00
      vertex   4.451955e+01 7.386431e+01 8.650000e+00
    endloop
  endfacet
  facet normal 0.000000e+00 0.000000e+00 -1.000000e+00
    outer loop
      vertex   4.429235e+01 7.287621e+01 8.650000e+00
      vertex   4.451955e+01 7.386431e+01 8.650000e+00
      vertex   4.452936e+01 7.272729e+01 8.650000e+00
    endloop
  endfacet
  facet normal 0.000000e+00 0.000000e+00 -1.000000e+00
    outer loop
      vertex   4.452936e+01 7.272729e+01 8.650000e+00
      vertex   4.451955e+01 7.386431e+01 8.650000e+00
      vertex   4.487500e+01 7.369856e+01 8.650000e+00
    endloop
  endfacet
  facet normal 0.000000e+00 0.000000e+00 -1.000000e+00
    outer loop
      vertex   4.452936e+01 7.272729e+01 8.650000e+00
      vertex   4.487500e+01 7.369856e+01 8.650000e+00
      vertex   4.472729e+01 7.252936e+01 8.650000e+00
    endloop
  endfacet
  facet normal 0.000000e+00 0.000000e+00 -1.000000e+00
    outer loop
      vertex   4.472729e+01 7.252936e+01 8.650000e+00
      vertex   4.487500e+01 7.369856e+01 8.650000e+00
      vertex   4.519627e+01 7.347360e+01 8.650000e+00
    endloop
  endfacet
  facet normal 0.000000e+00 0.000000e+00 -1.000000e+00
    outer loop
      vertex   4.472729e+01 7.252936e+01 8.650000e+00
      vertex   4.519627e+01 7.347360e+01 8.650000e+00
      vertex   4.487621e+01 7.229235e+01 8.650000e+00
    endloop
  endfacet
  facet normal 0.000000e+00 0.000000e+00 -1.000000e+00
    outer loop
      vertex   4.487621e+01 7.229235e+01 8.650000e+00
      vertex   4.519627e+01 7.347360e+01 8.650000e+00
      vertex   4.547360e+01 7.319627e+01 8.650000e+00
    endloop
  endfacet
  facet normal 0.000000e+00 0.000000e+00 -1.000000e+00
    outer loop
      vertex   4.487621e+01 7.229235e+01 8.650000e+00
      vertex   4.547360e+01 7.319627e+01 8.650000e+00
      vertex   4.569856e+01 7.287500e+01 8.650000e+00
    endloop
  endfacet
  facet normal 0.000000e+00 0.000000e+00 -1.000000e+00
    outer loop
      vertex   4.487621e+01 7.229235e+01 8.650000e+00
      vertex   4.569856e+01 7.287500e+01 8.650000e+00
      vertex   4.496866e+01 7.202815e+01 8.650000e+00
    endloop
  endfacet
  facet normal 0.000000e+00 0.000000e+00 -1.000000e+00
    outer loop
      vertex   4.496866e+01 7.202815e+01 8.650000e+00
      vertex   4.569856e+01 7.287500e+01 8.650000e+00
      vertex   4.586431e+01 7.251955e+01 8.650000e+00
    endloop
  endfacet
  facet normal 0.000000e+00 0.000000e+00 -1.000000e+00
    outer loop
      vertex   4.496866e+01 7.202815e+01 8.650000e+00
      vertex   4.586431e+01 7.251955e+01 8.650000e+00
      vertex   4.500000e+01 7.175000e+01 8.650000e+00
    endloop
  endfacet
  facet normal 0.000000e+00 0.000000e+00 -1.000000e+00
    outer loop
      vertex   4.500000e+01 7.175000e+01 8.650000e+00
      vertex   4.586431e+01 7.251955e+01 8.650000e+00
      vertex   4.596582e+01 7.214071e+01 8.650000e+00
    endloop
  endfacet
  facet normal 0.000000e+00 0.000000e+00 -1.000000e+00
    outer loop
      vertex   4.500000e+01 7.175000e+01 8.650000e+00
      vertex   4.596582e+01 7.214071e+01 8.650000e+00
      vertex   4.600000e+01 7.175000e+01 8.650000e+00
    endloop
  endfacet
  facet normal 0.000000e+00 0.000000e+00 -1.000000e+00
    outer loop
      vertex   4.500000e+01 7.175000e+01 8.650000e+00
      vertex   4.600000e+01 7.175000e+01 8.650000e+00
      vertex   4.500000e+01 2.250000e+00 8.650000e+00
    endloop
  endfacet
  facet normal 0.000000e+00 0.000000e+00 -1.000000e+00
    outer loop
      vertex   4.500000e+01 2.250000e+00 8.650000e+00
      vertex   4.600000e+01 7.175000e+01 8.650000e+00
      vertex   4.600000e+01 2.250000e+00 8.650000e+00
    endloop
  endfacet
  facet normal 0.000000e+00 0.000000e+00 -1.000000e+00
    outer loop
      vertex   4.500000e+01 2.250000e+00 8.650000e+00
      vertex   4.600000e+01 2.250000e+00 8.650000e+00
      vertex   4.596582e+01 1.859292e+00 8.650000e+00
    endloop
  endfacet
  facet normal -0.000000e+00 0.000000e+00 -1.000000e+00
    outer loop
      vertex   4.596582e+01 1.859292e+00 8.650000e+00
      vertex   4.586431e+01 1.480455e+00 8.650000e+00
      vertex   4.500000e+01 2.250000e+00 8.650000e+00
    endloop
  endfacet
  facet normal 0.000000e+00 -0.000000e+00 -1.000000e+00
    outer loop
      vertex   4.500000e+01 2.250000e+00 8.650000e+00
      vertex   4.586431e+01 1.480455e+00 8.650000e+00
      vertex   4.496866e+01 1.971849e+00 8.650000e+00
    endloop
  endfacet
  facet normal 0.000000e+00 0.000000e+00 -1.000000e+00
    outer loop
      vertex   4.496866e+01 1.971849e+00 8.650000e+00
      vertex   4.586431e+01 1.480455e+00 8.650000e+00
      vertex   4.569856e+01 1.125000e+00 8.650000e+00
    endloop
  endfacet
  facet normal 0.000000e+00 -0.000000e+00 -1.000000e+00
    outer loop
      vertex   4.496866e+01 1.971849e+00 8.650000e+00
      vertex   4.569856e+01 1.125000e+00 8.650000e+00
      vertex   4.487621e+01 1.707645e+00 8.650000e+00
    endloop
  endfacet
  facet normal 0.000000e+00 0.000000e+00 -1.000000e+00
    outer loop
      vertex   4.487621e+01 1.707645e+00 8.650000e+00
      vertex   4.569856e+01 1.125000e+00 8.650000e+00
      vertex   4.547360e+01 8.037279e-01 8.650000e+00
    endloop
  endfacet
  facet normal 0.000000e+00 0.000000e+00 -1.000000e+00
    outer loop
      vertex   4.487621e+01 1.707645e+00 8.650000e+00
      vertex   4.547360e+01 8.037279e-01 8.650000e+00
      vertex   4.519627e+01 5.264000e-01 8.650000e+00
    endloop
  endfacet
  facet normal 0.000000e+00 -0.000000e+00 -1.000000e+00
    outer loop
      vertex   4.487621e+01 1.707645e+00 8.650000e+00
      vertex   4.519627e+01 5.264000e-01 8.650000e+00
      vertex   4.472729e+01 1.470638e+00 8.650000e+00
    endloop
  endfacet
  facet normal 0.000000e+00 0.000000e+00 -1.000000e+00
    outer loop
      vertex   4.472729e+01 1.470638e+00 8.650000e+00
      vertex   4.519627e+01 5.264000e-01 8.650000e+00
      vertex   4.487500e+01 3.014428e-01 8.650000e+00
    endloop
  endfacet
  facet normal 0.000000e+00 -0.000000e+00 -1.000000e+00
    outer loop
      vertex   4.472729e+01 1.470638e+00 8.650000e+00
      vertex   4.487500e+01 3.014428e-01 8.650000e+00
      vertex   4.452936e+01 1.272711e+00 8.650000e+00
    endloop
  endfacet
  facet normal 0.000000e+00 -0.000000e+00 -1.000000e+00
    outer loop
      vertex   4.452936e+01 1.272711e+00 8.650000e+00
      vertex   4.487500e+01 3.014428e-01 8.650000e+00
      vertex   4.451955e+01 1.356916e-01 8.650000e+00
    endloop
  endfacet
  facet normal 0.000000e+00 0.000000e+00 -1.000000e+00
    outer loop
      vertex   4.452936e+01 1.272711e+00 8.650000e+00
      vertex   4.451955e+01 1.356916e-01 8.650000e+00
      vertex   4.429235e+01 1.123789e+00 8.650000e+00
    endloop
  endfacet
  facet normal 0.000000e+00 -0.000000e+00 -1.000000e+00
    outer loop
      vertex   4.429235e+01 1.123789e+00 8.650000e+00
      vertex   4.451955e+01 1.356916e-01 8.650000e+00
      vertex   4.414071e+01 3.418256e-02 8.650000e+00
    endloop
  endfacet
  facet normal 0.000000e+00 0.000000e+00 -1.000000e+00
    outer loop
      vertex   4.429235e+01 1.123789e+00 8.650000e+00
      vertex   4.414071e+01 3.418256e-02 8.650000e+00
      vertex   4.402815e+01 1.031340e+00 8.650000e+00
    endloop
  endfacet
  facet normal 0.000000e+00 -0.000000e+00 -1.000000e+00
    outer loop
      vertex   4.402815e+01 1.031340e+00 8.650000e+00
      vertex   4.414071e+01 3.418256e-02 8.650000e+00
      vertex   4.375000e+01 0.000000e+00 8.650000e+00
    endloop
  endfacet
  facet normal 0.000000e+00 0.000000e+00 -1.000000e+00
    outer loop
      vertex   4.402815e+01 1.031340e+00 8.650000e+00
      vertex   4.375000e+01 0.000000e+00 8.650000e+00
      vertex   4.375000e+01 1.000000e+00 8.650000e+00
    endloop
  endfacet
  facet normal -0.000000e+00 -0.000000e+00 -1.000000e+00
    outer loop
      vertex   4.375000e+01 1.000000e+00 8.650000e+00
      vertex   4.375000e+01 0.000000e+00 8.650000e+00
      vertex   3.915000e+01 1.000000e+00 8.650000e+00
    endloop
  endfacet
  facet normal 0.000000e+00 0.000000e+00 -1.000000e+00
    outer loop
      vertex   3.915000e+01 1.000000e+00 8.650000e+00
      vertex   4.375000e+01 0.000000e+00 8.650000e+00
      vertex   3.915000e+01 -2.132281e-15 8.650000e+00
    endloop
  endfacet
  facet normal -0.000000e+00 -0.000000e+00 -1.000000e+00
    outer loop
      vertex   8.700000e+00 2.400000e+00 9.650000e+00
      vertex   8.700000e+00 1.000000e+00 9.650000e+00
      vertex   2.400000e+00 2.400000e+00 9.650000e+00
    endloop
  endfacet
  facet normal 0.000000e+00 -0.000000e+00 -1.000000e+00
    outer loop
      vertex   2.400000e+00 2.400000e+00 9.650000e+00
      vertex   8.700000e+00 1.000000e+00 9.650000e+00
      vertex   2.250000e+00 1.000000e+00 9.650000e+00
    endloop
  endfacet
  facet normal 0.000000e+00 0.000000e+00 -1.000000e+00
    outer loop
      vertex   2.400000e+00 2.400000e+00 9.650000e+00
      vertex   2.250000e+00 1.000000e+00 9.650000e+00
      vertex   1.971849e+00 1.031340e+00 9.650000e+00
    endloop
  endfacet
  facet normal 0.000000e+00 0.000000e+00 -1.000000e+00
    outer loop
      vertex   1.971849e+00 1.031340e+00 9.650000e+00
      vertex   1.707645e+00 1.123789e+00 9.650000e+00
      vertex   2.400000e+00 2.400000e+00 9.650000e+00
    endloop
  endfacet
  facet normal 0.000000e+00 0.000000e+00 -1.000000e+00
    outer loop
      vertex   2.400000e+00 2.400000e+00 9.650000e+00
      vertex   1.707645e+00 1.123789e+00 9.650000e+00
      vertex   1.470638e+00 1.272711e+00 9.650000e+00
    endloop
  endfacet
  facet normal 0.000000e+00 0.000000e+00 -1.000000e+00
    outer loop
      vertex   2.400000e+00 2.400000e+00 9.650000e+00
      vertex   1.470638e+00 1.272711e+00 9.650000e+00
      vertex   1.272711e+00 1.470638e+00 9.650000e+00
    endloop
  endfacet
  facet normal 0.000000e+00 0.000000e+00 -1.000000e+00
    outer loop
      vertex   1.272711e+00 1.470638e+00 9.650000e+00
      vertex   1.123789e+00 1.707645e+00 9.650000e+00
      vertex   2.400000e+00 2.400000e+00 9.650000e+00
    endloop
  endfacet
  facet normal 0.000000e+00 0.000000e+00 -1.000000e+00
    outer loop
      vertex   2.400000e+00 2.400000e+00 9.650000e+00
      vertex   1.123789e+00 1.707645e+00 9.650000e+00
      vertex   1.031340e+00 1.971849e+00 9.650000e+00
    endloop
  endfacet
  facet normal 0.000000e+00 0.000000e+00 -1.000000e+00
    outer loop
      vertex   2.400000e+00 2.400000e+00 9.650000e+00
      vertex   1.031340e+00 1.971849e+00 9.650000e+00
      vertex   1.000000e+00 2.250000e+00 9.650000e+00
    endloop
  endfacet
  facet normal 0.000000e+00 -0.000000e+00 -1.000000e+00
    outer loop
      vertex   1.000000e+00 7.175000e+01 9.650000e+00
      vertex   1.100005e+00 5.305000e+01 9.650000e+00
      vertex   1.000000e+00 2.250000e+00 9.650000e+00
    endloop
  endfacet
  facet normal 0.000000e+00 0.000000e+00 -1.000000e+00
    outer loop
      vertex   1.000000e+00 2.250000e+00 9.650000e+00
      vertex   1.100005e+00 5.305000e+01 9.650000e+00
      vertex   1.100150e+00 2.095000e+01 9.650000e+00
    endloop
  endfacet
  facet normal 0.000000e+00 0.000000e+00 -1.000000e+00
    outer loop
      vertex   1.000000e+00 2.250000e+00 9.650000e+00
      vertex   1.100150e+00 2.095000e+01 9.650000e+00
      vertex   1.100150e+00 1.325000e+01 9.650000e+00
    endloop
  endfacet
  facet normal 0.000000e+00 -0.000000e+00 -1.000000e+00
    outer loop
      vertex   1.031340e+00 7.202815e+01 9.650000e+00
      vertex   2.400000e+00 7.160000e+01 9.650000e+00
      vertex   1.000000e+00 7.175000e+01 9.650000e+00
    endloop
  endfacet
  facet normal 0.000000e+00 0.000000e+00 -1.000000e+00
    outer loop
      vertex   1.000000e+00 7.175000e+01 9.650000e+00
      vertex   2.400000e+00 7.160000e+01 9.650000e+00
      vertex   1.100005e+00 6.075000e+01 9.650000e+00
    endloop
  endfacet
  facet normal 0.000000e+00 0.000000e+00 -1.000000e+00
    outer loop
      vertex   1.000000e+00 7.175000e+01 9.650000e+00
      vertex   1.100005e+00 6.075000e+01 9.650000e+00
      vertex   1.100005e+00 5.305000e+01 9.650000e+00
    endloop
  endfacet
  facet normal 0.000000e+00 0.000000e+00 -1.000000e+00
    outer loop
      vertex   1.031340e+00 7.202815e+01 9.650000e+00
      vertex   1.123789e+00 7.229235e+01 9.650000e+00
      vertex   2.400000e+00 7.160000e+01 9.650000e+00
    endloop
  endfacet
  facet normal 0.000000e+00 0.000000e+00 -1.000000e+00
    outer loop
      vertex   2.400000e+00 7.160000e+01 9.650000e+00
      vertex   1.123789e+00 7.229235e+01 9.650000e+00
      vertex   1.272711e+00 7.252936e+01 9.650000e+00
    endloop
  endfacet
  facet normal 0.000000e+00 0.000000e+00 -1.000000e+00
    outer loop
      vertex   2.400000e+00 7.160000e+01 9.650000e+00
      vertex   1.272711e+00 7.252936e+01 9.650000e+00
      vertex   1.470638e+00 7.272729e+01 9.650000e+00
    endloop
  endfacet
  facet normal 0.000000e+00 0.000000e+00 -1.000000e+00
    outer loop
      vertex   1.470638e+00 7.272729e+01 9.650000e+00
      vertex   1.707645e+00 7.287621e+01 9.650000e+00
      vertex   2.400000e+00 7.160000e+01 9.650000e+00
    endloop
  endfacet
  facet normal 0.000000e+00 0.000000e+00 -1.000000e+00
    outer loop
      vertex   2.400000e+00 7.160000e+01 9.650000e+00
      vertex   1.707645e+00 7.287621e+01 9.650000e+00
      vertex   1.971849e+00 7.296866e+01 9.650000e+00
    endloop
  endfacet
  facet normal 0.000000e+00 0.000000e+00 -1.000000e+00
    outer loop
      vertex   2.400000e+00 7.160000e+01 9.650000e+00
      vertex   1.971849e+00 7.296866e+01 9.650000e+00
      vertex   2.250000e+00 7.300000e+01 9.650000e+00
    endloop
  endfacet
  facet normal 0.000000e+00 0.000000e+00 -1.000000e+00
    outer loop
      vertex   2.250000e+00 7.300000e+01 9.650000e+00
      vertex   4.375000e+01 7.300000e+01 9.650000e+00
      vertex   2.400000e+00 7.160000e+01 9.650000e+00
    endloop
  endfacet
  facet normal 0.000000e+00 0.000000e+00 -1.000000e+00
    outer loop
      vertex   2.400000e+00 7.160000e+01 9.650000e+00
      vertex   4.375000e+01 7.300000e+01 9.650000e+00
      vertex   4.360000e+01 7.160000e+01 9.650000e+00
    endloop
  endfacet
  facet normal 0.000000e+00 0.000000e+00 -1.000000e+00
    outer loop
      vertex   4.360000e+01 7.160000e+01 9.650000e+00
      vertex   4.375000e+01 7.300000e+01 9.650000e+00
      vertex   4.402815e+01 7.296866e+01 9.650000e+00
    endloop
  endfacet
  facet normal 0.000000e+00 0.000000e+00 -1.000000e+00
    outer loop
      vertex   4.360000e+01 7.160000e+01 9.650000e+00
      vertex   4.402815e+01 7.296866e+01 9.650000e+00
      vertex   4.429235e+01 7.287621e+01 9.650000e+00
    endloop
  endfacet
  facet normal 0.000000e+00 -0.000000e+00 -1.000000e+00
    outer loop
      vertex   4.429235e+01 7.287621e+01 9.650000e+00
      vertex   4.452936e+01 7.272729e+01 9.650000e+00
      vertex   4.360000e+01 7.160000e+01 9.650000e+00
    endloop
  endfacet
  facet normal 0.000000e+00 0.000000e+00 -1.000000e+00
    outer loop
      vertex   4.360000e+01 7.160000e+01 9.650000e+00
      vertex   4.452936e+01 7.272729e+01 9.650000e+00
      vertex   4.472729e+01 7.252936e+01 9.650000e+00
    endloop
  endfacet
  facet normal 0.000000e+00 0.000000e+00 -1.000000e+00
    outer loop
      vertex   4.360000e+01 7.160000e+01 9.650000e+00
      vertex   4.472729e+01 7.252936e+01 9.650000e+00
      vertex   4.487621e+01 7.229235e+01 9.650000e+00
    endloop
  endfacet
  facet normal 0.000000e+00 -0.000000e+00 -1.000000e+00
    outer loop
      vertex   4.487621e+01 7.229235e+01 9.650000e+00
      vertex   4.496866e+01 7.202815e+01 9.650000e+00
      vertex   4.360000e+01 7.160000e+01 9.650000e+00
    endloop
  endfacet
  facet normal 0.000000e+00 0.000000e+00 -1.000000e+00
    outer loop
      vertex   4.360000e+01 7.160000e+01 9.650000e+00
      vertex   4.496866e+01 7.202815e+01 9.650000e+00
      vertex   4.500000e+01 7.175000e+01 9.650000e+00
    endloop
  endfacet
  facet normal 0.000000e+00 0.000000e+00 -1.000000e+00
    outer loop
      vertex   4.360000e+01 7.160000e+01 9.650000e+00
      vertex   4.500000e+01 7.175000e+01 9.650000e+00
      vertex   4.489988e+01 6.075000e+01 9.650000e+00
    endloop
  endfacet
  facet normal 0.000000e+00 0.000000e+00 -1.000000e+00
    outer loop
      vertex   4.489988e+01 6.075000e+01 9.650000e+00
      vertex   4.500000e+01 7.175000e+01 9.650000e+00
      vertex   4.489988e+01 5.305000e+01 9.650000e+00
    endloop
  endfacet
  facet normal 0.000000e+00 0.000000e+00 -1.000000e+00
    outer loop
      vertex   4.489988e+01 5.305000e+01 9.650000e+00
      vertex   4.500000e+01 7.175000e+01 9.650000e+00
      vertex   4.500000e+01 2.250000e+00 9.650000e+00
    endloop
  endfacet
  facet normal 0.000000e+00 -0.000000e+00 -1.000000e+00
    outer loop
      vertex   4.489988e+01 5.305000e+01 9.650000e+00
      vertex   4.500000e+01 2.250000e+00 9.650000e+00
      vertex   4.489917e+01 2.095000e+01 9.650000e+00
    endloop
  endfacet
  facet normal 0.000000e+00 0.000000e+00 -1.000000e+00
    outer loop
      vertex   4.489917e+01 2.095000e+01 9.650000e+00
      vertex   4.500000e+01 2.250000e+00 9.650000e+00
      vertex   4.489917e+01 1.325000e+01 9.650000e+00
    endloop
  endfacet
  facet normal 0.000000e+00 -0.000000e+00 -1.000000e+00
    outer loop
      vertex   4.489917e+01 1.325000e+01 9.650000e+00
      vertex   4.500000e+01 2.250000e+00 9.650000e+00
      vertex   4.360000e+01 2.400000e+00 9.650000e+00
    endloop
  endfacet
  facet normal -0.000000e+00 0.000000e+00 -1.000000e+00
    outer loop
      vertex   4.489917e+01 1.325000e+01 9.650000e+00
      vertex   4.360000e+01 2.400000e+00 9.650000e+00
      vertex   4.360000e+01 1.325000e+01 9.650000e+00
    endloop
  endfacet
  facet normal -0.000000e+00 0.000000e+00 -1.000000e+00
    outer loop
      vertex   4.500000e+01 2.250000e+00 9.650000e+00
      vertex   4.496866e+01 1.971849e+00 9.650000e+00
      vertex   4.360000e+01 2.400000e+00 9.650000e+00
    endloop
  endfacet
  facet normal 0.000000e+00 0.000000e+00 -1.000000e+00
    outer loop
      vertex   4.360000e+01 2.400000e+00 9.650000e+00
      vertex   4.496866e+01 1.971849e+00 9.650000e+00
      vertex   4.487621e+01 1.707645e+00 9.650000e+00
    endloop
  endfacet
  facet normal 0.000000e+00 0.000000e+00 -1.000000e+00
    outer loop
      vertex   4.360000e+01 2.400000e+00 9.650000e+00
      vertex   4.487621e+01 1.707645e+00 9.650000e+00
      vertex   4.472729e+01 1.470638e+00 9.650000e+00
    endloop
  endfacet
  facet normal -0.000000e+00 0.000000e+00 -1.000000e+00
    outer loop
      vertex   4.472729e+01 1.470638e+00 9.650000e+00
      vertex   4.452936e+01 1.272711e+00 9.650000e+00
      vertex   4.360000e+01 2.400000e+00 9.650000e+00
    endloop
  endfacet
  facet normal 0.000000e+00 0.000000e+00 -1.000000e+00
    outer loop
      vertex   4.360000e+01 2.400000e+00 9.650000e+00
      vertex   4.452936e+01 1.272711e+00 9.650000e+00
      vertex   4.429235e+01 1.123789e+00 9.650000e+00
    endloop
  endfacet
  facet normal 0.000000e+00 0.000000e+00 -1.000000e+00
    outer loop
      vertex   4.360000e+01 2.400000e+00 9.650000e+00
      vertex   4.429235e+01 1.123789e+00 9.650000e+00
      vertex   4.402815e+01 1.031340e+00 9.650000e+00
    endloop
  endfacet
  facet normal -0.000000e+00 0.000000e+00 -1.000000e+00
    outer loop
      vertex   4.402815e+01 1.031340e+00 9.650000e+00
      vertex   4.375000e+01 1.000000e+00 9.650000e+00
      vertex   4.360000e+01 2.400000e+00 9.650000e+00
    endloop
  endfacet
  facet normal 0.000000e+00 -0.000000e+00 -1.000000e+00
    outer loop
      vertex   4.360000e+01 2.400000e+00 9.650000e+00
      vertex   4.375000e+01 1.000000e+00 9.650000e+00
      vertex   3.915000e+01 1.000000e+00 9.650000e+00
    endloop
  endfacet
  facet normal 0.000000e+00 0.000000e+00 -1.000000e+00
    outer loop
      vertex   4.360000e+01 2.400000e+00 9.650000e+00
      vertex   3.915000e+01 1.000000e+00 9.650000e+00
      vertex   3.915000e+01 2.400000e+00 9.650000e+00
    endloop
  endfacet
  facet normal 0.000000e+00 0.000000e+00 -1.000000e+00
    outer loop
      vertex   4.360000e+01 2.095000e+01 9.650000e+00
      vertex   4.360000e+01 5.305000e+01 9.650000e+00
      vertex   4.489917e+01 2.095000e+01 9.650000e+00
    endloop
  endfacet
  facet normal 0.000000e+00 0.000000e+00 -1.000000e+00
    outer loop
      vertex   4.489917e+01 2.095000e+01 9.650000e+00
      vertex   4.360000e+01 5.305000e+01 9.650000e+00
      vertex   4.489988e+01 5.305000e+01 9.650000e+00
    endloop
  endfacet
  facet normal 0.000000e+00 0.000000e+00 -1.000000e+00
    outer loop
      vertex   4.489988e+01 6.075000e+01 9.650000e+00
      vertex   4.360000e+01 6.075000e+01 9.650000e+00
      vertex   4.360000e+01 7.160000e+01 9.650000e+00
    endloop
  endfacet
  facet normal 0.000000e+00 -0.000000e+00 -1.000000e+00
    outer loop
      vertex   2.400000e+00 7.160000e+01 9.650000e+00
      vertex   2.400000e+00 6.075000e+01 9.650000e+00
      vertex   1.100005e+00 6.075000e+01 9.650000e+00
    endloop
  endfacet
  facet normal 0.000000e+00 0.000000e+00 -1.000000e+00
    outer loop
      vertex   1.100005e+00 5.305000e+01 9.650000e+00
      vertex   2.400000e+00 5.305000e+01 9.650000e+00
      vertex   1.100150e+00 2.095000e+01 9.650000e+00
    endloop
  endfacet
  facet normal 0.000000e+00 0.000000e+00 -1.000000e+00
    outer loop
      vertex   1.100150e+00 2.095000e+01 9.650000e+00
      vertex   2.400000e+00 5.305000e+01 9.650000e+00
      vertex   2.400000e+00 2.095000e+01 9.650000e+00
    endloop
  endfacet
  facet normal -0.000000e+00 -0.000000e+00 -1.000000e+00
    outer loop
      vertex   2.400000e+00 1.325000e+01 9.650000e+00
      vertex   2.400000e+00 2.400000e+00 9.650000e+00
      vertex   1.100150e+00 1.325000e+01 9.650000e+00
    endloop
  endfacet
  facet normal 0.000000e+00 -0.000000e+00 -1.000000e+00
    outer loop
      vertex   1.100150e+00 1.325000e+01 9.650000e+00
      vertex   2.400000e+00 2.400000e+00 9.650000e+00
      vertex   1.000000e+00 2.250000e+00 9.650000e+00
    endloop
  endfacet
  facet normal 0.000000e+00 0.000000e+00 -1.000000e+00
    outer loop
      vertex   2.220000e+01 2.400000e+00 9.650000e+00
      vertex   2.775000e+01 2.400000e+00 9.650000e+00
      vertex   2.220000e+01 1.000000e+00 9.650000e+00
    endloop
  endfacet
  facet normal 0.000000e+00 0.000000e+00 -1.000000e+00
    outer loop
      vertex   2.220000e+01 1.000000e+00 9.650000e+00
      vertex   2.775000e+01 2.400000e+00 9.650000e+00
      vertex   2.775000e+01 1.000000e+00 9.650000e+00
    endloop
  endfacet
  facet normal 7.723291e-16 1.000000e+00 8.881784e-16
    outer loop
      vertex   3.915000e+01 1.000000e+00 9.650000e+00
      vertex   4.375000e+01 1.000000e+00 9.650000e+00
      vertex   3.915000e+01 1.000000e+00 8.650000e+00
    endloop
  endfacet
  facet normal 1.930823e-16 1.000000e+00 3.552714e-15
    outer loop
      vertex   3.915000e+01 1.000000e+00 8.650000e+00
      vertex   4.375000e+01 1.000000e+00 9.650000e+00
      vertex   4.375000e+01 1.000000e+00 8.650000e+00
    endloop
  endfacet
  facet normal 0.000000e+00 1.000000e+00 8.881784e-16
    outer loop
      vertex   8.700000e+00 1.000000e+00 8.650000e+00
      vertex   2.250000e+00 1.000000e+00 8.650000e+00
      vertex   8.700000e+00 1.000000e+00 9.650000e+00
    endloop
  endfacet
  facet normal 8.262125e-16 1.000000e+00 -4.440892e-15
    outer loop
      vertex   8.700000e+00 1.000000e+00 9.650000e+00
      vertex   2.250000e+00 1.000000e+00 8.650000e+00
      vertex   2.250000e+00 1.000000e+00 9.650000e+00
    endloop
  endfacet
  facet normal -0.000000e+00 1.000000e+00 8.881784e-16
    outer loop
      vertex   2.220000e+01 1.000000e+00 9.650000e+00
      vertex   2.775000e+01 1.000000e+00 9.650000e+00
      vertex   2.220000e+01 1.000000e+00 8.650000e+00
    endloop
  endfacet
  facet normal -0.000000e+00 1.000000e+00 8.881784e-16
    outer loop
      vertex   2.220000e+01 1.000000e+00 8.650000e+00
      vertex   2.775000e+01 1.000000e+00 9.650000e+00
      vertex   2.775000e+01 1.000000e+00 8.650000e+00
    endloop
  endfacet
  facet normal 0.000000e+00 -0.000000e+00 1.000000e+00
    outer loop
      vertex   1.100005e+00 5.305000e+01 1.310000e+01
      vertex   1.100005e+00 6.075000e+01 1.310000e+01
      vertex   1.804112e-15 5.305000e+01 1.310000e+01
    endloop
  endfacet
  facet normal 0.000000e+00 0.000000e+00 1.000000e+00
    outer loop
      vertex   1.804112e-15 5.305000e+01 1.310000e+01
      vertex   1.100005e+00 6.075000e+01 1.310000e+01
      vertex   1.804112e-15 6.075000e+01 1.310000e+01
    endloop
  endfacet
  facet normal -0.000000e+00 -0.000000e+00 -1.000000e+00
    outer loop
      vertex   1.100005e+00 6.075000e+01 1.460000e+01
      vertex   1.100005e+00 5.305000e+01 1.460000e+01
      vertex   1.804112e-15 6.075000e+01 1.460000e+01
    endloop
  endfacet
  facet normal 0.000000e+00 0.000000e+00 -1.000000e+00
    outer loop
      vertex   1.804112e-15 6.075000e+01 1.460000e+01
      vertex   1.100005e+00 5.305000e+01 1.460000e+01
      vertex   1.804112e-15 5.305000e+01 1.460000e+01
    endloop
  endfacet
  facet normal 0.000000e+00 -0.000000e+00 1.000000e+00
    outer loop
      vertex   1.100150e+00 1.325000e+01 1.310000e+01
      vertex   1.100150e+00 2.095000e+01 1.310000e+01
      vertex   1.804112e-15 1.325000e+01 1.310000e+01
    endloop
  endfacet
  facet normal 0.000000e+00 0.000000e+00 1.000000e+00
    outer loop
      vertex   1.804112e-15 1.325000e+01 1.310000e+01
      vertex   1.100150e+00 2.095000e+01 1.310000e+01
      vertex   1.804112e-15 2.095000e+01 1.310000e+01
    endloop
  endfacet
  facet normal -0.000000e+00 -0.000000e+00 -1.000000e+00
    outer loop
      vertex   1.100150e+00 2.095000e+01 1.460000e+01
      vertex   1.100150e+00 1.325000e+01 1.460000e+01
      vertex   1.804112e-15 2.095000e+01 1.460000e+01
    endloop
  endfacet
  facet normal 0.000000e+00 0.000000e+00 -1.000000e+00
    outer loop
      vertex   1.804112e-15 2.095000e+01 1.460000e+01
      vertex   1.100150e+00 1.325000e+01 1.460000e+01
      vertex   1.804112e-15 1.325000e+01 1.460000e+01
    endloop
  endfacet
  facet normal 0.000000e+00 -1.000000e+00 -3.935851e-07
    outer loop
      vertex   1.100005e+00 6.075000e+01 9.650000e+00
      vertex   2.400000e+00 6.075000e+01 9.650000e+00
      vertex   1.100005e+00 6.075000e+01 1.310000e+01
    endloop
  endfacet
  facet normal 1.044518e-06 -1.000000e+00 -1.250837e-24
    outer loop
      vertex   1.100005e+00 6.075000e+01 1.310000e+01
      vertex   2.400000e+00 6.075000e+01 9.650000e+00
      vertex   2.400000e+00 6.075000e+01 1.550000e+01
    endloop
  endfacet
  facet normal 1.044518e-06 -1.000000e+00 0.000000e+00
    outer loop
      vertex   1.100005e+00 6.075000e+01 1.310000e+01
      vertex   2.400000e+00 6.075000e+01 1.550000e+01
      vertex   1.100005e+00 6.075000e+01 1.460000e+01
    endloop
  endfacet
  facet normal 0.000000e+00 -1.000000e+00 1.508742e-06
    outer loop
      vertex   1.100005e+00 6.075000e+01 1.460000e+01
      vertex   2.400000e+00 6.075000e+01 1.550000e+01
      vertex   1.100005e+00 6.075000e+01 1.550000e+01
    endloop
  endfacet
  facet normal -0.000000e+00 -1.000000e+00 -0.000000e+00
    outer loop
      vertex   1.100005e+00 6.075000e+01 1.460000e+01
      vertex   1.804112e-15 6.075000e+01 1.460000e+01
      vertex   1.100005e+00 6.075000e+01 1.310000e+01
    endloop
  endfacet
  facet normal 0.000000e+00 -1.000000e+00 0.000000e+00
    outer loop
      vertex   1.100005e+00 6.075000e+01 1.310000e+01
      vertex   1.804112e-15 6.075000e+01 1.460000e+01
      vertex   1.804112e-15 6.075000e+01 1.310000e+01
    endloop
  endfacet
  facet normal 1.000000e+00 0.000000e+00 0.000000e+00
    outer loop
      vertex   1.100005e+00 5.305000e+01 1.460000e+01
      vertex   1.100005e+00 6.075000e+01 1.460000e+01
      vertex   1.100005e+00 5.305000e+01 1.550000e+01
    endloop
  endfacet
  facet normal 1.000000e+00 -0.000000e+00 0.000000e+00
    outer loop
      vertex   1.100005e+00 5.305000e+01 1.550000e+01
      vertex   1.100005e+00 6.075000e+01 1.460000e+01
      vertex   1.100005e+00 6.075000e+01 1.550000e+01
    endloop
  endfacet
  facet normal 1.000000e+00 -0.000000e+00 0.000000e+00
    outer loop
      vertex   1.100005e+00 5.305000e+01 1.310000e+01
      vertex   1.100005e+00 5.305000e+01 9.650000e+00
      vertex   1.100005e+00 6.075000e+01 1.310000e+01
    endloop
  endfacet
  facet normal 1.000000e+00 0.000000e+00 0.000000e+00
    outer loop
      vertex   1.100005e+00 6.075000e+01 1.310000e+01
      vertex   1.100005e+00 5.305000e+01 9.650000e+00
      vertex   1.100005e+00 6.075000e+01 9.650000e+00
    endloop
  endfacet
  facet normal 0.000000e+00 1.000000e+00 -4.125137e-06
    outer loop
      vertex   1.100005e+00 5.305000e+01 1.550000e+01
      vertex   2.400000e+00 5.305000e+01 1.550000e+01
      vertex   1.100005e+00 5.305000e+01 1.460000e+01
    endloop
  endfacet
  facet normal 0.000000e+00 1.000000e+00 -4.125137e-06
    outer loop
      vertex   1.100005e+00 5.305000e+01 1.460000e+01
      vertex   2.400000e+00 5.305000e+01 1.550000e+01
      vertex   2.400000e+00 5.305000e+01 1.460000e+01
    endloop
  endfacet
  facet normal -0.000000e+00 1.000000e+00 0.000000e+00
    outer loop
      vertex   1.100005e+00 5.305000e+01 1.460000e+01
      vertex   2.400000e+00 5.305000e+01 1.460000e+01
      vertex   1.100005e+00 5.305000e+01 1.310000e+01
    endloop
  endfacet
  facet normal 0.000000e+00 1.000000e+00 0.000000e+00
    outer loop
      vertex   1.100005e+00 5.305000e+01 1.310000e+01
      vertex   2.400000e+00 5.305000e+01 1.460000e+01
      vertex   2.400000e+00 5.305000e+01 1.310000e+01
    endloop
  endfacet
  facet normal -0.000000e+00 1.000000e+00 1.076123e-06
    outer loop
      vertex   1.100005e+00 5.305000e+01 1.310000e+01
      vertex   2.400000e+00 5.305000e+01 1.310000e+01
      vertex   1.100005e+00 5.305000e+01 9.650000e+00
    endloop
  endfacet
  facet normal -0.000000e+00 1.000000e+00 1.076123e-06
    outer loop
      vertex   1.100005e+00 5.305000e+01 9.650000e+00
      vertex   2.400000e+00 5.305000e+01 1.310000e+01
      vertex   2.400000e+00 5.305000e+01 9.650000e+00
    endloop
  endfacet
  facet normal 0.000000e+00 1.000000e+00 -0.000000e+00
    outer loop
      vertex   1.100005e+00 5.305000e+01 1.310000e+01
      vertex   1.804112e-15 5.305000e+01 1.310000e+01
      vertex   1.100005e+00 5.305000e+01 1.460000e+01
    endloop
  endfacet
  facet normal 0.000000e+00 1.000000e+00 0.000000e+00
    outer loop
      vertex   1.100005e+00 5.305000e+01 1.460000e+01
      vertex   1.804112e-15 5.305000e+01 1.310000e+01
      vertex   1.804112e-15 5.305000e+01 1.460000e+01
    endloop
  endfacet
  facet normal 0.000000e+00 -1.000000e+00 -9.718156e-10
    outer loop
      vertex   1.100150e+00 2.095000e+01 9.650000e+00
      vertex   2.400000e+00 2.095000e+01 9.650000e+00
      vertex   1.100150e+00 2.095000e+01 1.310000e+01
    endloop
  endfacet
  facet normal 2.579347e-09 -1.000000e+00 2.989439e-26
    outer loop
      vertex   1.100150e+00 2.095000e+01 1.310000e+01
      vertex   2.400000e+00 2.095000e+01 9.650000e+00
      vertex   2.400000e+00 2.095000e+01 1.550000e+01
    endloop
  endfacet
  facet normal 2.579347e-09 -1.000000e+00 0.000000e+00
    outer loop
      vertex   1.100150e+00 2.095000e+01 1.310000e+01
      vertex   2.400000e+00 2.095000e+01 1.550000e+01
      vertex   1.100150e+00 2.095000e+01 1.460000e+01
    endloop
  endfacet
  facet normal 0.000000e+00 -1.000000e+00 3.725291e-09
    outer loop
      vertex   1.100150e+00 2.095000e+01 1.460000e+01
      vertex   2.400000e+00 2.095000e+01 1.550000e+01
      vertex   1.100150e+00 2.095000e+01 1.550000e+01
    endloop
  endfacet
  facet normal -0.000000e+00 -1.000000e+00 -0.000000e+00
    outer loop
      vertex   1.100150e+00 2.095000e+01 1.460000e+01
      vertex   1.804112e-15 2.095000e+01 1.460000e+01
      vertex   1.100150e+00 2.095000e+01 1.310000e+01
    endloop
  endfacet
  facet normal 0.000000e+00 -1.000000e+00 0.000000e+00
    outer loop
      vertex   1.100150e+00 2.095000e+01 1.310000e+01
      vertex   1.804112e-15 2.095000e+01 1.460000e+01
      vertex   1.804112e-15 2.095000e+01 1.310000e+01
    endloop
  endfacet
  facet normal 1.000000e+00 0.000000e+00 0.000000e+00
    outer loop
      vertex   1.100150e+00 1.325000e+01 1.460000e+01
      vertex   1.100150e+00 2.095000e+01 1.460000e+01
      vertex   1.100150e+00 1.325000e+01 1.550000e+01
    endloop
  endfacet
  facet normal 1.000000e+00 -0.000000e+00 0.000000e+00
    outer loop
      vertex   1.100150e+00 1.325000e+01 1.550000e+01
      vertex   1.100150e+00 2.095000e+01 1.460000e+01
      vertex   1.100150e+00 2.095000e+01 1.550000e+01
    endloop
  endfacet
  facet normal 1.000000e+00 -0.000000e+00 0.000000e+00
    outer loop
      vertex   1.100150e+00 1.325000e+01 1.310000e+01
      vertex   1.100150e+00 1.325000e+01 9.650000e+00
      vertex   1.100150e+00 2.095000e+01 1.310000e+01
    endloop
  endfacet
  facet normal 1.000000e+00 0.000000e+00 0.000000e+00
    outer loop
      vertex   1.100150e+00 2.095000e+01 1.310000e+01
      vertex   1.100150e+00 1.325000e+01 9.650000e+00
      vertex   1.100150e+00 2.095000e+01 9.650000e+00
    endloop
  endfacet
  facet normal 0.000000e+00 1.000000e+00 -3.290672e-07
    outer loop
      vertex   1.100150e+00 1.325000e+01 1.550000e+01
      vertex   2.400000e+00 1.325000e+01 1.550000e+01
      vertex   1.100150e+00 1.325000e+01 1.460000e+01
    endloop
  endfacet
  facet normal -2.278422e-07 1.000000e+00 0.000000e+00
    outer loop
      vertex   1.100150e+00 1.325000e+01 1.460000e+01
      vertex   2.400000e+00 1.325000e+01 1.550000e+01
      vertex   1.100150e+00 1.325000e+01 1.310000e+01
    endloop
  endfacet
  facet normal 0.000000e+00 1.000000e+00 0.000000e+00
    outer loop
      vertex   1.100150e+00 1.325000e+01 1.460000e+01
      vertex   1.100150e+00 1.325000e+01 1.310000e+01
      vertex   1.804112e-15 1.325000e+01 1.310000e+01
    endloop
  endfacet
  facet normal -2.278422e-07 1.000000e+00 0.000000e+00
    outer loop
      vertex   2.400000e+00 1.325000e+01 1.550000e+01
      vertex   2.400000e+00 1.325000e+01 9.650000e+00
      vertex   1.100150e+00 1.325000e+01 1.310000e+01
    endloop
  endfacet
  facet normal 7.230598e-24 1.000000e+00 8.584365e-08
    outer loop
      vertex   1.100150e+00 1.325000e+01 1.310000e+01
      vertex   2.400000e+00 1.325000e+01 9.650000e+00
      vertex   1.100150e+00 1.325000e+01 9.650000e+00
    endloop
  endfacet
  facet normal 0.000000e+00 1.000000e+00 0.000000e+00
    outer loop
      vertex   1.804112e-15 1.325000e+01 1.310000e+01
      vertex   1.804112e-15 1.325000e+01 1.460000e+01
      vertex   1.100150e+00 1.325000e+01 1.460000e+01
    endloop
  endfacet
  facet normal 0.000000e+00 0.000000e+00 -1.000000e+00
    outer loop
      vertex   4.489988e+01 6.075000e+01 1.460000e+01
      vertex   4.600000e+01 6.075000e+01 1.460000e+01
      vertex   4.489988e+01 5.305000e+01 1.460000e+01
    endloop
  endfacet
  facet normal 0.000000e+00 0.000000e+00 -1.000000e+00
    outer loop
      vertex   4.489988e+01 5.305000e+01 1.460000e+01
      vertex   4.600000e+01 6.075000e+01 1.460000e+01
      vertex   4.600000e+01 5.304955e+01 1.460000e+01
    endloop
  endfacet
  facet normal 0.000000e+00 -0.000000e+00 -1.000000e+00
    outer loop
      vertex   4.489988e+01 5.305000e+01 1.460000e+01
      vertex   4.600000e+01 5.304955e+01 1.460000e+01
      vertex   4.360000e+01 5.304955e+01 1.460000e+01
    endloop
  endfacet
  facet normal 0.000000e+00 0.000000e+00 -1.000000e+00
    outer loop
      vertex   4.360000e+01 5.304955e+01 1.460000e+01
      vertex   4.360000e+01 5.305000e+01 1.460000e+01
      vertex   4.489988e+01 5.305000e+01 1.460000e+01
    endloop
  endfacet
  facet normal 0.000000e+00 1.000000e+00 0.000000e+00
    outer loop
      vertex   4.360000e+01 5.304955e+01 1.310000e+01
      vertex   4.360000e+01 5.304955e+01 1.460000e+01
      vertex   4.600000e+01 5.304955e+01 1.310000e+01
    endloop
  endfacet
  facet normal 0.000000e+00 1.000000e+00 -0.000000e+00
    outer loop
      vertex   4.600000e+01 5.304955e+01 1.310000e+01
      vertex   4.360000e+01 5.304955e+01 1.460000e+01
      vertex   4.600000e+01 5.304955e+01 1.460000e+01
    endloop
  endfacet
  facet normal -0.000000e+00 0.000000e+00 1.000000e+00
    outer loop
      vertex   4.489988e+01 6.075000e+01 1.310000e+01
      vertex   4.489988e+01 5.305000e+01 1.310000e+01
      vertex   4.600000e+01 6.075000e+01 1.310000e+01
    endloop
  endfacet
  facet normal 0.000000e+00 0.000000e+00 1.000000e+00
    outer loop
      vertex   4.600000e+01 6.075000e+01 1.310000e+01
      vertex   4.489988e+01 5.305000e+01 1.310000e+01
      vertex   4.600000e+01 5.304955e+01 1.310000e+01
    endloop
  endfacet
  facet normal 0.000000e+00 0.000000e+00 1.000000e+00
    outer loop
      vertex   4.600000e+01 5.304955e+01 1.310000e+01
      vertex   4.489988e+01 5.305000e+01 1.310000e+01
      vertex   4.360000e+01 5.304955e+01 1.310000e+01
    endloop
  endfacet
  facet normal 0.000000e+00 0.000000e+00 1.000000e+00
    outer loop
      vertex   4.360000e+01 5.304955e+01 1.310000e+01
      vertex   4.489988e+01 5.305000e+01 1.310000e+01
      vertex   4.360000e+01 5.305000e+01 1.310000e+01
    endloop
  endfacet
  facet normal 0.000000e+00 1.451412e-09 -1.000000e+00
    outer loop
      vertex   4.489917e+01 1.325000e+01 1.460000e+01
      vertex   4.489917e+01 2.095000e+01 1.460000e+01
      vertex   4.600000e+01 1.325000e+01 1.460000e+01
    endloop
  endfacet
  facet normal 0.000000e+00 1.451412e-09 -1.000000e+00
    outer loop
      vertex   4.600000e+01 1.325000e+01 1.460000e+01
      vertex   4.489917e+01 2.095000e+01 1.460000e+01
      vertex   4.600000e+01 2.095000e+01 1.460000e+01
    endloop
  endfacet
  facet normal -0.000000e+00 4.613914e-16 1.000000e+00
    outer loop
      vertex   4.489917e+01 2.095000e+01 1.310000e+01
      vertex   4.489917e+01 1.325000e+01 1.310000e+01
      vertex   4.600000e+01 2.095000e+01 1.310000e+01
    endloop
  endfacet
  facet normal 0.000000e+00 4.613914e-16 1.000000e+00
    outer loop
      vertex   4.600000e+01 2.095000e+01 1.310000e+01
      vertex   4.489917e+01 1.325000e+01 1.310000e+01
      vertex   4.600000e+01 1.325000e+01 1.310000e+01
    endloop
  endfacet
  facet normal -1.000000e+00 0.000000e+00 0.000000e+00
    outer loop
      vertex   4.489988e+01 5.305000e+01 1.460000e+01
      vertex   4.489988e+01 5.305000e+01 1.550000e+01
      vertex   4.489988e+01 6.075000e+01 1.460000e+01
    endloop
  endfacet
  facet normal -1.000000e+00 0.000000e+00 0.000000e+00
    outer loop
      vertex   4.489988e+01 6.075000e+01 1.460000e+01
      vertex   4.489988e+01 5.305000e+01 1.550000e+01
      vertex   4.489988e+01 6.075000e+01 1.550000e+01
    endloop
  endfacet
  facet normal 0.000000e+00 1.000000e+00 -0.000000e+00
    outer loop
      vertex   4.489988e+01 5.305000e+01 1.460000e+01
      vertex   4.360000e+01 5.305000e+01 1.460000e+01
      vertex   4.489988e+01 5.305000e+01 1.550000e+01
    endloop
  endfacet
  facet normal 0.000000e+00 1.000000e+00 0.000000e+00
    outer loop
      vertex   4.489988e+01 5.305000e+01 1.550000e+01
      vertex   4.360000e+01 5.305000e+01 1.460000e+01
      vertex   4.360000e+01 5.305000e+01 1.550000e+01
    endloop
  endfacet
  facet normal -1.000000e+00 0.000000e+00 0.000000e+00
    outer loop
      vertex   4.489917e+01 1.325000e+01 1.460000e+01
      vertex   4.489917e+01 1.325000e+01 1.550000e+01
      vertex   4.489917e+01 2.095000e+01 1.460000e+01
    endloop
  endfacet
  facet normal -1.000000e+00 0.000000e+00 0.000000e+00
    outer loop
      vertex   4.489917e+01 2.095000e+01 1.460000e+01
      vertex   4.489917e+01 1.325000e+01 1.550000e+01
      vertex   4.489917e+01 2.095000e+01 1.550000e+01
    endloop
  endfacet
  facet normal 1.119645e-01 9.937122e-01 -4.412969e-15
    outer loop
      vertex   2.250000e+00 1.000000e+00 9.650000e+00
      vertex   2.250000e+00 1.000000e+00 8.650000e+00
      vertex   1.971849e+00 1.031340e+00 9.650000e+00
    endloop
  endfacet
  facet normal 1.119645e-01 9.937122e-01 0.000000e+00
    outer loop
      vertex   1.971849e+00 1.031340e+00 9.650000e+00
      vertex   2.250000e+00 1.000000e+00 8.650000e+00
      vertex   1.971849e+00 1.031340e+00 8.650000e+00
    endloop
  endfacet
  facet normal 3.302791e-01 9.438833e-01 0.000000e+00
    outer loop
      vertex   1.971849e+00 1.031340e+00 9.650000e+00
      vertex   1.971849e+00 1.031340e+00 8.650000e+00
      vertex   1.707645e+00 1.123789e+00 9.650000e+00
    endloop
  endfacet
  facet normal 3.302791e-01 9.438833e-01 0.000000e+00
    outer loop
      vertex   1.707645e+00 1.123789e+00 9.650000e+00
      vertex   1.971849e+00 1.031340e+00 8.650000e+00
      vertex   1.707645e+00 1.123789e+00 8.650000e+00
    endloop
  endfacet
  facet normal 5.320321e-01 8.467242e-01 0.000000e+00
    outer loop
      vertex   1.707645e+00 1.123789e+00 9.650000e+00
      vertex   1.707645e+00 1.123789e+00 8.650000e+00
      vertex   1.470638e+00 1.272711e+00 9.650000e+00
    endloop
  endfacet
  facet normal 5.320321e-01 8.467242e-01 0.000000e+00
    outer loop
      vertex   1.470638e+00 1.272711e+00 9.650000e+00
      vertex   1.707645e+00 1.123789e+00 8.650000e+00
      vertex   1.470638e+00 1.272711e+00 8.650000e+00
    endloop
  endfacet
  facet normal 7.071068e-01 7.071068e-01 0.000000e+00
    outer loop
      vertex   1.470638e+00 1.272711e+00 9.650000e+00
      vertex   1.470638e+00 1.272711e+00 8.650000e+00
      vertex   1.272711e+00 1.470638e+00 9.650000e+00
    endloop
  endfacet
  facet normal 7.071068e-01 7.071068e-01 0.000000e+00
    outer loop
      vertex   1.272711e+00 1.470638e+00 9.650000e+00
      vertex   1.470638e+00 1.272711e+00 8.650000e+00
      vertex   1.272711e+00 1.470638e+00 8.650000e+00
    endloop
  endfacet
  facet normal 8.467242e-01 5.320321e-01 0.000000e+00
    outer loop
      vertex   1.272711e+00 1.470638e+00 9.650000e+00
      vertex   1.272711e+00 1.470638e+00 8.650000e+00
      vertex   1.123789e+00 1.707645e+00 9.650000e+00
    endloop
  endfacet
  facet normal 8.467242e-01 5.320321e-01 0.000000e+00
    outer loop
      vertex   1.123789e+00 1.707645e+00 9.650000e+00
      vertex   1.272711e+00 1.470638e+00 8.650000e+00
      vertex   1.123789e+00 1.707645e+00 8.650000e+00
    endloop
  endfacet
  facet normal 9.438833e-01 3.302791e-01 0.000000e+00
    outer loop
      vertex   1.123789e+00 1.707645e+00 9.650000e+00
      vertex   1.123789e+00 1.707645e+00 8.650000e+00
      vertex   1.031340e+00 1.971849e+00 9.650000e+00
    endloop
  endfacet
  facet normal 9.438833e-01 3.302791e-01 0.000000e+00
    outer loop
      vertex   1.031340e+00 1.971849e+00 9.650000e+00
      vertex   1.123789e+00 1.707645e+00 8.650000e+00
      vertex   1.031340e+00 1.971849e+00 8.650000e+00
    endloop
  endfacet
  facet normal 9.937122e-01 1.119645e-01 0.000000e+00
    outer loop
      vertex   1.031340e+00 1.971849e+00 9.650000e+00
      vertex   1.031340e+00 1.971849e+00 8.650000e+00
      vertex   1.000000e+00 2.250000e+00 9.650000e+00
    endloop
  endfacet
  facet normal 9.937122e-01 1.119645e-01 4.972222e-17
    outer loop
      vertex   1.000000e+00 2.250000e+00 9.650000e+00
      vertex   1.031340e+00 1.971849e+00 8.650000e+00
      vertex   1.000000e+00 2.250000e+00 8.650000e+00
    endloop
  endfacet
  facet normal 1.000000e+00 -6.709261e-17 -2.979511e-32
    outer loop
      vertex   1.000000e+00 2.250000e+00 8.650000e+00
      vertex   1.000000e+00 7.175000e+01 8.650000e+00
      vertex   1.000000e+00 2.250000e+00 9.650000e+00
    endloop
  endfacet
  facet normal 1.000000e+00 -6.709261e-17 0.000000e+00
    outer loop
      vertex   1.000000e+00 2.250000e+00 9.650000e+00
      vertex   1.000000e+00 7.175000e+01 8.650000e+00
      vertex   1.000000e+00 7.175000e+01 9.650000e+00
    endloop
  endfacet
  facet normal 9.937122e-01 -1.119645e-01 0.000000e+00
    outer loop
      vertex   1.000000e+00 7.175000e+01 9.650000e+00
      vertex   1.000000e+00 7.175000e+01 8.650000e+00
      vertex   1.031340e+00 7.202815e+01 9.650000e+00
    endloop
  endfacet
  facet normal 9.937122e-01 -1.119645e-01 0.000000e+00
    outer loop
      vertex   1.031340e+00 7.202815e+01 9.650000e+00
      vertex   1.000000e+00 7.175000e+01 8.650000e+00
      vertex   1.031340e+00 7.202815e+01 8.650000e+00
    endloop
  endfacet
  facet normal 9.438833e-01 -3.302791e-01 0.000000e+00
    outer loop
      vertex   1.031340e+00 7.202815e+01 9.650000e+00
      vertex   1.031340e+00 7.202815e+01 8.650000e+00
      vertex   1.123789e+00 7.229235e+01 9.650000e+00
    endloop
  endfacet
  facet normal 9.438833e-01 -3.302791e-01 0.000000e+00
    outer loop
      vertex   1.123789e+00 7.229235e+01 9.650000e+00
      vertex   1.031340e+00 7.202815e+01 8.650000e+00
      vertex   1.123789e+00 7.229235e+01 8.650000e+00
    endloop
  endfacet
  facet normal 8.467242e-01 -5.320321e-01 0.000000e+00
    outer loop
      vertex   1.123789e+00 7.229235e+01 9.650000e+00
      vertex   1.123789e+00 7.229235e+01 8.650000e+00
      vertex   1.272711e+00 7.252936e+01 9.650000e+00
    endloop
  endfacet
  facet normal 8.467242e-01 -5.320321e-01 0.000000e+00
    outer loop
      vertex   1.272711e+00 7.252936e+01 9.650000e+00
      vertex   1.123789e+00 7.229235e+01 8.650000e+00
      vertex   1.272711e+00 7.252936e+01 8.650000e+00
    endloop
  endfacet
  facet normal 7.071068e-01 -7.071068e-01 0.000000e+00
    outer loop
      vertex   1.272711e+00 7.252936e+01 9.650000e+00
      vertex   1.272711e+00 7.252936e+01 8.650000e+00
      vertex   1.470638e+00 7.272729e+01 9.650000e+00
    endloop
  endfacet
  facet normal 7.071068e-01 -7.071068e-01 0.000000e+00
    outer loop
      vertex   1.470638e+00 7.272729e+01 9.650000e+00
      vertex   1.272711e+00 7.252936e+01 8.650000e+00
      vertex   1.470638e+00 7.272729e+01 8.650000e+00
    endloop
  endfacet
  facet normal 5.320321e-01 -8.467242e-01 0.000000e+00
    outer loop
      vertex   1.470638e+00 7.272729e+01 9.650000e+00
      vertex   1.470638e+00 7.272729e+01 8.650000e+00
      vertex   1.707645e+00 7.287621e+01 9.650000e+00
    endloop
  endfacet
  facet normal 5.320321e-01 -8.467242e-01 0.000000e+00
    outer loop
      vertex   1.707645e+00 7.287621e+01 9.650000e+00
      vertex   1.470638e+00 7.272729e+01 8.650000e+00
      vertex   1.707645e+00 7.287621e+01 8.650000e+00
    endloop
  endfacet
  facet normal 3.302791e-01 -9.438833e-01 0.000000e+00
    outer loop
      vertex   1.707645e+00 7.287621e+01 9.650000e+00
      vertex   1.707645e+00 7.287621e+01 8.650000e+00
      vertex   1.971849e+00 7.296866e+01 9.650000e+00
    endloop
  endfacet
  facet normal 3.302791e-01 -9.438833e-01 0.000000e+00
    outer loop
      vertex   1.971849e+00 7.296866e+01 9.650000e+00
      vertex   1.707645e+00 7.287621e+01 8.650000e+00
      vertex   1.971849e+00 7.296866e+01 8.650000e+00
    endloop
  endfacet
  facet normal 1.119645e-01 -9.937122e-01 0.000000e+00
    outer loop
      vertex   1.971849e+00 7.296866e+01 9.650000e+00
      vertex   1.971849e+00 7.296866e+01 8.650000e+00
      vertex   2.250000e+00 7.300000e+01 9.650000e+00
    endloop
  endfacet
  facet normal 1.119645e-01 -9.937122e-01 0.000000e+00
    outer loop
      vertex   2.250000e+00 7.300000e+01 9.650000e+00
      vertex   1.971849e+00 7.296866e+01 8.650000e+00
      vertex   2.250000e+00 7.300000e+01 8.650000e+00
    endloop
  endfacet
  facet normal 0.000000e+00 -1.000000e+00 0.000000e+00
    outer loop
      vertex   2.250000e+00 7.300000e+01 8.650000e+00
      vertex   4.375000e+01 7.300000e+01 8.650000e+00
      vertex   2.250000e+00 7.300000e+01 9.650000e+00
    endloop
  endfacet
  facet normal 0.000000e+00 -1.000000e+00 0.000000e+00
    outer loop
      vertex   2.250000e+00 7.300000e+01 9.650000e+00
      vertex   4.375000e+01 7.300000e+01 8.650000e+00
      vertex   4.375000e+01 7.300000e+01 9.650000e+00
    endloop
  endfacet
  facet normal -1.119645e-01 -9.937122e-01 -0.000000e+00
    outer loop
      vertex   4.375000e+01 7.300000e+01 9.650000e+00
      vertex   4.375000e+01 7.300000e+01 8.650000e+00
      vertex   4.402815e+01 7.296866e+01 9.650000e+00
    endloop
  endfacet
  facet normal -1.119645e-01 -9.937122e-01 -0.000000e+00
    outer loop
      vertex   4.402815e+01 7.296866e+01 9.650000e+00
      vertex   4.375000e+01 7.300000e+01 8.650000e+00
      vertex   4.402815e+01 7.296866e+01 8.650000e+00
    endloop
  endfacet
  facet normal -3.302791e-01 -9.438833e-01 -0.000000e+00
    outer loop
      vertex   4.402815e+01 7.296866e+01 9.650000e+00
      vertex   4.402815e+01 7.296866e+01 8.650000e+00
      vertex   4.429235e+01 7.287621e+01 9.650000e+00
    endloop
  endfacet
  facet normal -3.302791e-01 -9.438833e-01 -0.000000e+00
    outer loop
      vertex   4.429235e+01 7.287621e+01 9.650000e+00
      vertex   4.402815e+01 7.296866e+01 8.650000e+00
      vertex   4.429235e+01 7.287621e+01 8.650000e+00
    endloop
  endfacet
  facet normal -5.320321e-01 -8.467242e-01 -0.000000e+00
    outer loop
      vertex   4.429235e+01 7.287621e+01 9.650000e+00
      vertex   4.429235e+01 7.287621e+01 8.650000e+00
      vertex   4.452936e+01 7.272729e+01 9.650000e+00
    endloop
  endfacet
  facet normal -5.320321e-01 -8.467242e-01 -0.000000e+00
    outer loop
      vertex   4.452936e+01 7.272729e+01 9.650000e+00
      vertex   4.429235e+01 7.287621e+01 8.650000e+00
      vertex   4.452936e+01 7.272729e+01 8.650000e+00
    endloop
  endfacet
  facet normal -7.071068e-01 -7.071068e-01 -0.000000e+00
    outer loop
      vertex   4.452936e+01 7.272729e+01 9.650000e+00
      vertex   4.452936e+01 7.272729e+01 8.650000e+00
      vertex   4.472729e+01 7.252936e+01 9.650000e+00
    endloop
  endfacet
  facet normal -7.071068e-01 -7.071068e-01 -0.000000e+00
    outer loop
      vertex   4.472729e+01 7.252936e+01 9.650000e+00
      vertex   4.452936e+01 7.272729e+01 8.650000e+00
      vertex   4.472729e+01 7.252936e+01 8.650000e+00
    endloop
  endfacet
  facet normal -8.467242e-01 -5.320321e-01 -0.000000e+00
    outer loop
      vertex   4.472729e+01 7.252936e+01 9.650000e+00
      vertex   4.472729e+01 7.252936e+01 8.650000e+00
      vertex   4.487621e+01 7.229235e+01 9.650000e+00
    endloop
  endfacet
  facet normal -8.467242e-01 -5.320321e-01 -0.000000e+00
    outer loop
      vertex   4.487621e+01 7.229235e+01 9.650000e+00
      vertex   4.472729e+01 7.252936e+01 8.650000e+00
      vertex   4.487621e+01 7.229235e+01 8.650000e+00
    endloop
  endfacet
  facet normal -9.438833e-01 -3.302791e-01 -0.000000e+00
    outer loop
      vertex   4.487621e+01 7.229235e+01 9.650000e+00
      vertex   4.487621e+01 7.229235e+01 8.650000e+00
      vertex   4.496866e+01 7.202815e+01 9.650000e+00
    endloop
  endfacet
  facet normal -9.438833e-01 -3.302791e-01 -0.000000e+00
    outer loop
      vertex   4.496866e+01 7.202815e+01 9.650000e+00
      vertex   4.487621e+01 7.229235e+01 8.650000e+00
      vertex   4.496866e+01 7.202815e+01 8.650000e+00
    endloop
  endfacet
  facet normal -9.937122e-01 -1.119645e-01 -0.000000e+00
    outer loop
      vertex   4.496866e+01 7.202815e+01 9.650000e+00
      vertex   4.496866e+01 7.202815e+01 8.650000e+00
      vertex   4.500000e+01 7.175000e+01 9.650000e+00
    endloop
  endfacet
  facet normal -9.937122e-01 -1.119645e-01 -0.000000e+00
    outer loop
      vertex   4.500000e+01 7.175000e+01 9.650000e+00
      vertex   4.496866e+01 7.202815e+01 8.650000e+00
      vertex   4.500000e+01 7.175000e+01 8.650000e+00
    endloop
  endfacet
  facet normal -1.000000e+00 0.000000e+00 0.000000e+00
    outer loop
      vertex   4.500000e+01 7.175000e+01 8.650000e+00
      vertex   4.500000e+01 2.250000e+00 8.650000e+00
      vertex   4.500000e+01 7.175000e+01 9.650000e+00
    endloop
  endfacet
  facet normal -1.000000e+00 -0.000000e+00 0.000000e+00
    outer loop
      vertex   4.500000e+01 7.175000e+01 9.650000e+00
      vertex   4.500000e+01 2.250000e+00 8.650000e+00
      vertex   4.500000e+01 2.250000e+00 9.650000e+00
    endloop
  endfacet
  facet normal -9.937122e-01 1.119645e-01 0.000000e+00
    outer loop
      vertex   4.500000e+01 2.250000e+00 9.650000e+00
      vertex   4.500000e+01 2.250000e+00 8.650000e+00
      vertex   4.496866e+01 1.971849e+00 9.650000e+00
    endloop
  endfacet
  facet normal -9.937122e-01 1.119645e-01 0.000000e+00
    outer loop
      vertex   4.496866e+01 1.971849e+00 9.650000e+00
      vertex   4.500000e+01 2.250000e+00 8.650000e+00
      vertex   4.496866e+01 1.971849e+00 8.650000e+00
    endloop
  endfacet
  facet normal -9.438833e-01 3.302791e-01 0.000000e+00
    outer loop
      vertex   4.496866e+01 1.971849e+00 9.650000e+00
      vertex   4.496866e+01 1.971849e+00 8.650000e+00
      vertex   4.487621e+01 1.707645e+00 9.650000e+00
    endloop
  endfacet
  facet normal -9.438833e-01 3.302791e-01 0.000000e+00
    outer loop
      vertex   4.487621e+01 1.707645e+00 9.650000e+00
      vertex   4.496866e+01 1.971849e+00 8.650000e+00
      vertex   4.487621e+01 1.707645e+00 8.650000e+00
    endloop
  endfacet
  facet normal -8.467242e-01 5.320321e-01 0.000000e+00
    outer loop
      vertex   4.487621e+01 1.707645e+00 9.650000e+00
      vertex   4.487621e+01 1.707645e+00 8.650000e+00
      vertex   4.472729e+01 1.470638e+00 9.650000e+00
    endloop
  endfacet
  facet normal -8.467242e-01 5.320321e-01 0.000000e+00
    outer loop
      vertex   4.472729e+01 1.470638e+00 9.650000e+00
      vertex   4.487621e+01 1.707645e+00 8.650000e+00
      vertex   4.472729e+01 1.470638e+00 8.650000e+00
    endloop
  endfacet
  facet normal -7.071068e-01 7.071068e-01 0.000000e+00
    outer loop
      vertex   4.472729e+01 1.470638e+00 9.650000e+00
      vertex   4.472729e+01 1.470638e+00 8.650000e+00
      vertex   4.452936e+01 1.272711e+00 9.650000e+00
    endloop
  endfacet
  facet normal -7.071068e-01 7.071068e-01 0.000000e+00
    outer loop
      vertex   4.452936e+01 1.272711e+00 9.650000e+00
      vertex   4.472729e+01 1.470638e+00 8.650000e+00
      vertex   4.452936e+01 1.272711e+00 8.650000e+00
    endloop
  endfacet
  facet normal -5.320321e-01 8.467242e-01 0.000000e+00
    outer loop
      vertex   4.452936e+01 1.272711e+00 9.650000e+00
      vertex   4.452936e+01 1.272711e+00 8.650000e+00
      vertex   4.429235e+01 1.123789e+00 9.650000e+00
    endloop
  endfacet
  facet normal -5.320321e-01 8.467242e-01 0.000000e+00
    outer loop
      vertex   4.429235e+01 1.123789e+00 9.650000e+00
      vertex   4.452936e+01 1.272711e+00 8.650000e+00
      vertex   4.429235e+01 1.123789e+00 8.650000e+00
    endloop
  endfacet
  facet normal -3.302791e-01 9.438833e-01 0.000000e+00
    outer loop
      vertex   4.429235e+01 1.123789e+00 9.650000e+00
      vertex   4.429235e+01 1.123789e+00 8.650000e+00
      vertex   4.402815e+01 1.031340e+00 9.650000e+00
    endloop
  endfacet
  facet normal -3.302791e-01 9.438833e-01 0.000000e+00
    outer loop
      vertex   4.402815e+01 1.031340e+00 9.650000e+00
      vertex   4.429235e+01 1.123789e+00 8.650000e+00
      vertex   4.402815e+01 1.031340e+00 8.650000e+00
    endloop
  endfacet
  facet normal -1.119645e-01 9.937122e-01 0.000000e+00
    outer loop
      vertex   4.402815e+01 1.031340e+00 9.650000e+00
      vertex   4.402815e+01 1.031340e+00 8.650000e+00
      vertex   4.375000e+01 1.000000e+00 9.650000e+00
    endloop
  endfacet
  facet normal -1.119645e-01 9.937122e-01 3.530375e-15
    outer loop
      vertex   4.375000e+01 1.000000e+00 9.650000e+00
      vertex   4.402815e+01 1.031340e+00 8.650000e+00
      vertex   4.375000e+01 1.000000e+00 8.650000e+00
    endloop
  endfacet
  facet normal -1.000000e+00 0.000000e+00 0.000000e+00
    outer loop
      vertex   4.360000e+01 1.325000e+01 9.650000e+00
      vertex   4.360000e+01 2.400000e+00 9.650000e+00
      vertex   4.360000e+01 1.325000e+01 1.550000e+01
    endloop
  endfacet
  facet normal -1.000000e+00 -0.000000e+00 0.000000e+00
    outer loop
      vertex   4.360000e+01 1.325000e+01 1.550000e+01
      vertex   4.360000e+01 2.400000e+00 9.650000e+00
      vertex   4.360000e+01 2.400000e+00 1.550000e+01
    endloop
  endfacet
  facet normal 1.000000e+00 8.185976e-17 -0.000000e+00
    outer loop
      vertex   2.400000e+00 2.400000e+00 9.650000e+00
      vertex   2.400000e+00 1.325000e+01 9.650000e+00
      vertex   2.400000e+00 2.400000e+00 1.550000e+01
    endloop
  endfacet
  facet normal 1.000000e+00 8.185976e-17 0.000000e+00
    outer loop
      vertex   2.400000e+00 2.400000e+00 1.550000e+01
      vertex   2.400000e+00 1.325000e+01 9.650000e+00
      vertex   2.400000e+00 1.325000e+01 1.550000e+01
    endloop
  endfacet
  facet normal 1.000000e+00 1.383455e-17 -1.415937e-15
    outer loop
      vertex   2.400000e+00 5.305000e+01 9.650000e+00
      vertex   2.400000e+00 5.305000e+01 1.310000e+01
      vertex   2.400000e+00 2.095000e+01 9.650000e+00
    endloop
  endfacet
  facet normal 1.000000e+00 -1.383456e-16 0.000000e+00
    outer loop
      vertex   2.400000e+00 2.095000e+01 9.650000e+00
      vertex   2.400000e+00 5.305000e+01 1.310000e+01
      vertex   2.400000e+00 2.095000e+01 1.550000e+01
    endloop
  endfacet
  facet normal 1.000000e+00 -1.383456e-16 0.000000e+00
    outer loop
      vertex   2.400000e+00 2.095000e+01 1.550000e+01
      vertex   2.400000e+00 5.305000e+01 1.310000e+01
      vertex   2.400000e+00 5.305000e+01 1.460000e+01
    endloop
  endfacet
  facet normal 1.000000e+00 1.383455e-17 5.427755e-15
    outer loop
      vertex   2.400000e+00 2.095000e+01 1.550000e+01
      vertex   2.400000e+00 5.305000e+01 1.460000e+01
      vertex   2.400000e+00 5.305000e+01 1.550000e+01
    endloop
  endfacet
  facet normal 0.000000e+00 1.000000e+00 -9.718140e-10
    outer loop
      vertex   4.489917e+01 1.325000e+01 9.650000e+00
      vertex   4.360000e+01 1.325000e+01 9.650000e+00
      vertex   4.489917e+01 1.325000e+01 1.310000e+01
    endloop
  endfacet
  facet normal -2.580697e-09 1.000000e+00 1.582012e-26
    outer loop
      vertex   4.489917e+01 1.325000e+01 1.310000e+01
      vertex   4.360000e+01 1.325000e+01 9.650000e+00
      vertex   4.360000e+01 1.325000e+01 1.550000e+01
    endloop
  endfacet
  facet normal -2.401945e-09 1.000000e+00 9.676171e-11
    outer loop
      vertex   4.489917e+01 1.325000e+01 1.310000e+01
      vertex   4.360000e+01 1.325000e+01 1.550000e+01
      vertex   4.489917e+01 1.325000e+01 1.460000e+01
    endloop
  endfacet
  facet normal -7.475363e-28 1.000000e+00 3.564016e-09
    outer loop
      vertex   4.489917e+01 1.325000e+01 1.460000e+01
      vertex   4.360000e+01 1.325000e+01 1.550000e+01
      vertex   4.489917e+01 1.325000e+01 1.550000e+01
    endloop
  endfacet
  facet normal -0.000000e+00 1.000000e+00 9.676171e-11
    outer loop
      vertex   4.489917e+01 1.325000e+01 1.460000e+01
      vertex   4.600000e+01 1.325000e+01 1.460000e+01
      vertex   4.489917e+01 1.325000e+01 1.310000e+01
    endloop
  endfacet
  facet normal -0.000000e+00 1.000000e+00 9.676171e-11
    outer loop
      vertex   4.489917e+01 1.325000e+01 1.310000e+01
      vertex   4.600000e+01 1.325000e+01 1.460000e+01
      vertex   4.600000e+01 1.325000e+01 1.310000e+01
    endloop
  endfacet
  facet normal -1.000000e+00 0.000000e+00 -0.000000e+00
    outer loop
      vertex   4.489917e+01 1.325000e+01 1.310000e+01
      vertex   4.489917e+01 2.095000e+01 1.310000e+01
      vertex   4.489917e+01 1.325000e+01 9.650000e+00
    endloop
  endfacet
  facet normal -1.000000e+00 0.000000e+00 0.000000e+00
    outer loop
      vertex   4.489917e+01 1.325000e+01 9.650000e+00
      vertex   4.489917e+01 2.095000e+01 1.310000e+01
      vertex   4.489917e+01 2.095000e+01 9.650000e+00
    endloop
  endfacet
  facet normal -3.605494e-07 -1.000000e+00 0.000000e+00
    outer loop
      vertex   4.360000e+01 2.095000e+01 9.650000e+00
      vertex   4.489917e+01 2.095000e+01 1.310000e+01
      vertex   4.360000e+01 2.095000e+01 1.550000e+01
    endloop
  endfacet
  facet normal -3.605494e-07 -1.000000e+00 -2.584344e-23
    outer loop
      vertex   4.360000e+01 2.095000e+01 1.550000e+01
      vertex   4.489917e+01 2.095000e+01 1.310000e+01
      vertex   4.489917e+01 2.095000e+01 1.460000e+01
    endloop
  endfacet
  facet normal 0.000000e+00 -1.000000e+00 5.204600e-07
    outer loop
      vertex   4.360000e+01 2.095000e+01 1.550000e+01
      vertex   4.489917e+01 2.095000e+01 1.460000e+01
      vertex   4.489917e+01 2.095000e+01 1.550000e+01
    endloop
  endfacet
  facet normal 0.000000e+00 -1.000000e+00 -1.357722e-07
    outer loop
      vertex   4.360000e+01 2.095000e+01 9.650000e+00
      vertex   4.489917e+01 2.095000e+01 9.650000e+00
      vertex   4.489917e+01 2.095000e+01 1.310000e+01
    endloop
  endfacet
  facet normal 0.000000e+00 -1.000000e+00 0.000000e+00
    outer loop
      vertex   4.489917e+01 2.095000e+01 1.310000e+01
      vertex   4.600000e+01 2.095000e+01 1.310000e+01
      vertex   4.489917e+01 2.095000e+01 1.460000e+01
    endloop
  endfacet
  facet normal 0.000000e+00 -1.000000e+00 0.000000e+00
    outer loop
      vertex   4.489917e+01 2.095000e+01 1.460000e+01
      vertex   4.600000e+01 2.095000e+01 1.310000e+01
      vertex   4.600000e+01 2.095000e+01 1.460000e+01
    endloop
  endfacet
  facet normal -1.000000e+00 -0.000000e+00 -0.000000e+00
    outer loop
      vertex   4.360000e+01 5.305000e+01 1.310000e+01
      vertex   4.360000e+01 5.305000e+01 9.650000e+00
      vertex   4.360000e+01 5.304955e+01 1.310000e+01
    endloop
  endfacet
  facet normal -1.000000e+00 0.000000e+00 -0.000000e+00
    outer loop
      vertex   4.360000e+01 5.304955e+01 1.310000e+01
      vertex   4.360000e+01 5.305000e+01 9.650000e+00
      vertex   4.360000e+01 2.095000e+01 9.650000e+00
    endloop
  endfacet
  facet normal -1.000000e+00 -0.000000e+00 0.000000e+00
    outer loop
      vertex   4.360000e+01 5.304955e+01 1.310000e+01
      vertex   4.360000e+01 2.095000e+01 9.650000e+00
      vertex   4.360000e+01 2.095000e+01 1.550000e+01
    endloop
  endfacet
  facet normal -1.000000e+00 0.000000e+00 0.000000e+00
    outer loop
      vertex   4.360000e+01 5.304955e+01 1.310000e+01
      vertex   4.360000e+01 2.095000e+01 1.550000e+01
      vertex   4.360000e+01 5.304955e+01 1.460000e+01
    endloop
  endfacet
  facet normal -1.000000e+00 0.000000e+00 0.000000e+00
    outer loop
      vertex   4.360000e+01 5.304955e+01 1.460000e+01
      vertex   4.360000e+01 2.095000e+01 1.550000e+01
      vertex   4.360000e+01 5.305000e+01 1.550000e+01
    endloop
  endfacet
  facet normal -1.000000e+00 0.000000e+00 0.000000e+00
    outer loop
      vertex   4.360000e+01 5.304955e+01 1.460000e+01
      vertex   4.360000e+01 5.305000e+01 1.550000e+01
      vertex   4.360000e+01 5.305000e+01 1.460000e+01
    endloop
  endfacet
  facet normal -0.000000e+00 1.000000e+00 0.000000e+00
    outer loop
      vertex   4.360000e+01 5.305000e+01 1.310000e+01
      vertex   4.489988e+01 5.305000e+01 1.310000e+01
      vertex   4.360000e+01 5.305000e+01 9.650000e+00
    endloop
  endfacet
  facet normal 0.000000e+00 1.000000e+00 0.000000e+00
    outer loop
      vertex   4.360000e+01 5.305000e+01 9.650000e+00
      vertex   4.489988e+01 5.305000e+01 1.310000e+01
      vertex   4.489988e+01 5.305000e+01 9.650000e+00
    endloop
  endfacet
  facet normal -1.000000e+00 0.000000e+00 0.000000e+00
    outer loop
      vertex   4.489988e+01 5.305000e+01 1.310000e+01
      vertex   4.489988e+01 6.075000e+01 1.310000e+01
      vertex   4.489988e+01 5.305000e+01 9.650000e+00
    endloop
  endfacet
  facet normal -1.000000e+00 0.000000e+00 0.000000e+00
    outer loop
      vertex   4.489988e+01 5.305000e+01 9.650000e+00
      vertex   4.489988e+01 6.075000e+01 1.310000e+01
      vertex   4.489988e+01 6.075000e+01 9.650000e+00
    endloop
  endfacet
  facet normal -1.044614e-06 -1.000000e+00 0.000000e+00
    outer loop
      vertex   4.360000e+01 6.075000e+01 9.650000e+00
      vertex   4.489988e+01 6.075000e+01 1.310000e+01
      vertex   4.360000e+01 6.075000e+01 1.550000e+01
    endloop
  endfacet
  facet normal -1.044614e-06 -1.000000e+00 -6.787769e-24
    outer loop
      vertex   4.360000e+01 6.075000e+01 1.550000e+01
      vertex   4.489988e+01 6.075000e+01 1.310000e+01
      vertex   4.489988e+01 6.075000e+01 1.460000e+01
    endloop
  endfacet
  facet normal 0.000000e+00 -1.000000e+00 1.508742e-06
    outer loop
      vertex   4.360000e+01 6.075000e+01 1.550000e+01
      vertex   4.489988e+01 6.075000e+01 1.460000e+01
      vertex   4.489988e+01 6.075000e+01 1.550000e+01
    endloop
  endfacet
  facet normal 0.000000e+00 -1.000000e+00 -3.935851e-07
    outer loop
      vertex   4.360000e+01 6.075000e+01 9.650000e+00
      vertex   4.489988e+01 6.075000e+01 9.650000e+00
      vertex   4.489988e+01 6.075000e+01 1.310000e+01
    endloop
  endfacet
  facet normal 0.000000e+00 -1.000000e+00 0.000000e+00
    outer loop
      vertex   4.489988e+01 6.075000e+01 1.310000e+01
      vertex   4.600000e+01 6.075000e+01 1.310000e+01
      vertex   4.489988e+01 6.075000e+01 1.460000e+01
    endloop
  endfacet
  facet normal 0.000000e+00 -1.000000e+00 0.000000e+00
    outer loop
      vertex   4.489988e+01 6.075000e+01 1.460000e+01
      vertex   4.600000e+01 6.075000e+01 1.310000e+01
      vertex   4.600000e+01 6.075000e+01 1.460000e+01
    endloop
  endfacet
  facet normal -1.000000e+00 0.000000e+00 0.000000e+00
    outer loop
      vertex   4.360000e+01 7.160000e+01 9.650000e+00
      vertex   4.360000e+01 6.075000e+01 9.650000e+00
      vertex   4.360000e+01 7.160000e+01 1.550000e+01
    endloop
  endfacet
  facet normal -1.000000e+00 -0.000000e+00 0.000000e+00
    outer loop
      vertex   4.360000e+01 7.160000e+01 1.550000e+01
      vertex   4.360000e+01 6.075000e+01 9.650000e+00
      vertex   4.360000e+01 6.075000e+01 1.550000e+01
    endloop
  endfacet
  facet normal 0.000000e+00 -1.000000e+00 0.000000e+00
    outer loop
      vertex   2.400000e+00 7.160000e+01 9.650000e+00
      vertex   4.360000e+01 7.160000e+01 9.650000e+00
      vertex   2.400000e+00 7.160000e+01 1.550000e+01
    endloop
  endfacet
  facet normal 0.000000e+00 -1.000000e+00 0.000000e+00
    outer loop
      vertex   2.400000e+00 7.160000e+01 1.550000e+01
      vertex   4.360000e+01 7.160000e+01 9.650000e+00
      vertex   4.360000e+01 7.160000e+01 1.550000e+01
    endloop
  endfacet
  facet normal 1.000000e+00 1.227896e-16 -0.000000e+00
    outer loop
      vertex   2.400000e+00 6.075000e+01 9.650000e+00
      vertex   2.400000e+00 7.160000e+01 9.650000e+00
      vertex   2.400000e+00 6.075000e+01 1.550000e+01
    endloop
  endfacet
  facet normal 1.000000e+00 1.227896e-16 0.000000e+00
    outer loop
      vertex   2.400000e+00 6.075000e+01 1.550000e+01
      vertex   2.400000e+00 7.160000e+01 9.650000e+00
      vertex   2.400000e+00 7.160000e+01 1.550000e+01
    endloop
  endfacet
  facet normal -8.715574e-02 -9.961947e-01 0.000000e+00
    outer loop
      vertex   2.250000e+00 2.775558e-16 8.650000e+00
      vertex   2.250000e+00 2.775558e-16 1.615000e+01
      vertex   1.859292e+00 3.418256e-02 8.650000e+00
    endloop
  endfacet
  facet normal -8.715574e-02 -9.961947e-01 -4.497860e-17
    outer loop
      vertex   1.859292e+00 3.418256e-02 8.650000e+00
      vertex   2.250000e+00 2.775558e-16 1.615000e+01
      vertex   1.859292e+00 3.418256e-02 1.615000e+01
    endloop
  endfacet
  facet normal -2.588190e-01 -9.659258e-01 -2.296932e-17
    outer loop
      vertex   1.859292e+00 3.418256e-02 8.650000e+00
      vertex   1.859292e+00 3.418256e-02 1.615000e+01
      vertex   1.480455e+00 1.356916e-01 8.650000e+00
    endloop
  endfacet
  facet normal -2.588190e-01 -9.659258e-01 -2.296932e-17
    outer loop
      vertex   1.480455e+00 1.356916e-01 8.650000e+00
      vertex   1.859292e+00 3.418256e-02 1.615000e+01
      vertex   1.480455e+00 1.356916e-01 1.615000e+01
    endloop
  endfacet
  facet normal -4.226183e-01 -9.063078e-01 -2.621326e-19
    outer loop
      vertex   1.480455e+00 1.356916e-01 8.650000e+00
      vertex   1.480455e+00 1.356916e-01 1.615000e+01
      vertex   1.125000e+00 3.014428e-01 8.650000e+00
    endloop
  endfacet
  facet normal -4.226183e-01 -9.063078e-01 -1.032417e-17
    outer loop
      vertex   1.125000e+00 3.014428e-01 8.650000e+00
      vertex   1.480455e+00 1.356916e-01 1.615000e+01
      vertex   1.125000e+00 3.014428e-01 1.615000e+01
    endloop
  endfacet
  facet normal -5.735764e-01 -8.191520e-01 1.335861e-17
    outer loop
      vertex   1.125000e+00 3.014428e-01 8.650000e+00
      vertex   1.125000e+00 3.014428e-01 1.615000e+01
      vertex   8.037279e-01 5.264000e-01 8.650000e+00
    endloop
  endfacet
  facet normal -5.735764e-01 -8.191520e-01 -4.728341e-17
    outer loop
      vertex   8.037279e-01 5.264000e-01 8.650000e+00
      vertex   1.125000e+00 3.014428e-01 1.615000e+01
      vertex   8.037279e-01 5.264000e-01 1.615000e+01
    endloop
  endfacet
  facet normal -7.071068e-01 -7.071068e-01 -3.140185e-17
    outer loop
      vertex   8.037279e-01 5.264000e-01 8.650000e+00
      vertex   8.037279e-01 5.264000e-01 1.615000e+01
      vertex   5.264000e-01 8.037279e-01 8.650000e+00
    endloop
  endfacet
  facet normal -7.071068e-01 -7.071068e-01 -3.140185e-17
    outer loop
      vertex   5.264000e-01 8.037279e-01 8.650000e+00
      vertex   8.037279e-01 5.264000e-01 1.615000e+01
      vertex   5.264000e-01 8.037279e-01 1.615000e+01
    endloop
  endfacet
  facet normal -8.191520e-01 -5.735764e-01 -2.183666e-17
    outer loop
      vertex   5.264000e-01 8.037279e-01 8.650000e+00
      vertex   5.264000e-01 8.037279e-01 1.615000e+01
      vertex   3.014428e-01 1.125000e+00 8.650000e+00
    endloop
  endfacet
  facet normal -8.191520e-01 -5.735764e-01 -4.002549e-17
    outer loop
      vertex   3.014428e-01 1.125000e+00 8.650000e+00
      vertex   5.264000e-01 8.037279e-01 1.615000e+01
      vertex   3.014428e-01 1.125000e+00 1.615000e+01
    endloop
  endfacet
  facet normal -9.063078e-01 -4.226183e-01 -3.173205e-17
    outer loop
      vertex   3.014428e-01 1.125000e+00 8.650000e+00
      vertex   3.014428e-01 1.125000e+00 1.615000e+01
      vertex   1.356916e-01 1.480455e+00 8.650000e+00
    endloop
  endfacet
  facet normal -9.063078e-01 -4.226183e-01 -5.611418e-17
    outer loop
      vertex   1.356916e-01 1.480455e+00 8.650000e+00
      vertex   3.014428e-01 1.125000e+00 1.615000e+01
      vertex   1.356916e-01 1.480455e+00 1.615000e+01
    endloop
  endfacet
  facet normal -9.659258e-01 -2.588190e-01 -5.413295e-17
    outer loop
      vertex   1.356916e-01 1.480455e+00 8.650000e+00
      vertex   1.356916e-01 1.480455e+00 1.615000e+01
      vertex   3.418256e-02 1.859292e+00 8.650000e+00
    endloop
  endfacet
  facet normal -9.659258e-01 -2.588190e-01 -2.374848e-17
    outer loop
      vertex   3.418256e-02 1.859292e+00 8.650000e+00
      vertex   1.356916e-01 1.480455e+00 1.615000e+01
      vertex   3.418256e-02 1.859292e+00 1.615000e+01
    endloop
  endfacet
  facet normal -9.961947e-01 -8.715574e-02 -1.917030e-17
    outer loop
      vertex   3.418256e-02 1.859292e+00 8.650000e+00
      vertex   3.418256e-02 1.859292e+00 1.615000e+01
      vertex   -4.440892e-15 2.250000e+00 8.650000e+00
    endloop
  endfacet
  facet normal -9.961947e-01 -8.715574e-02 0.000000e+00
    outer loop
      vertex   -4.440892e-15 2.250000e+00 8.650000e+00
      vertex   3.418256e-02 1.859292e+00 1.615000e+01
      vertex   -4.440892e-15 2.250000e+00 1.615000e+01
    endloop
  endfacet
  facet normal -1.000000e+00 1.517571e-16 9.446812e-16
    outer loop
      vertex   6.106227e-15 7.175000e+01 1.615000e+01
      vertex   1.804112e-15 5.305000e+01 1.460000e+01
      vertex   -4.440892e-15 2.250000e+00 1.615000e+01
    endloop
  endfacet
  facet normal -1.000000e+00 -1.387304e-32 -4.029034e-15
    outer loop
      vertex   -4.440892e-15 2.250000e+00 1.615000e+01
      vertex   1.804112e-15 5.305000e+01 1.460000e+01
      vertex   1.804112e-15 2.095000e+01 1.460000e+01
    endloop
  endfacet
  facet normal -1.000000e+00 -5.783437e-32 -4.029034e-15
    outer loop
      vertex   -4.440892e-15 2.250000e+00 1.615000e+01
      vertex   1.804112e-15 2.095000e+01 1.460000e+01
      vertex   1.804112e-15 1.325000e+01 1.460000e+01
    endloop
  endfacet
  facet normal -1.000000e+00 3.911012e-16 0.000000e+00
    outer loop
      vertex   6.106227e-15 7.175000e+01 8.650000e+00
      vertex   1.804112e-15 6.075000e+01 1.310000e+01
      vertex   6.106227e-15 7.175000e+01 1.615000e+01
    endloop
  endfacet
  facet normal -1.000000e+00 3.911012e-16 0.000000e+00
    outer loop
      vertex   6.106227e-15 7.175000e+01 1.615000e+01
      vertex   1.804112e-15 6.075000e+01 1.310000e+01
      vertex   1.804112e-15 6.075000e+01 1.460000e+01
    endloop
  endfacet
  facet normal -1.000000e+00 -2.478616e-32 2.775557e-15
    outer loop
      vertex   6.106227e-15 7.175000e+01 1.615000e+01
      vertex   1.804112e-15 6.075000e+01 1.460000e+01
      vertex   1.804112e-15 5.305000e+01 1.460000e+01
    endloop
  endfacet
  facet normal -1.000000e+00 -0.000000e+00 -9.667673e-16
    outer loop
      vertex   1.804112e-15 6.075000e+01 1.310000e+01
      vertex   6.106227e-15 7.175000e+01 8.650000e+00
      vertex   1.804112e-15 5.305000e+01 1.310000e+01
    endloop
  endfacet
  facet normal -1.000000e+00 1.517571e-16 -3.290464e-16
    outer loop
      vertex   1.804112e-15 5.305000e+01 1.310000e+01
      vertex   6.106227e-15 7.175000e+01 8.650000e+00
      vertex   -4.440892e-15 2.250000e+00 8.650000e+00
    endloop
  endfacet
  facet normal -1.000000e+00 0.000000e+00 1.403372e-15
    outer loop
      vertex   1.804112e-15 5.305000e+01 1.310000e+01
      vertex   -4.440892e-15 2.250000e+00 8.650000e+00
      vertex   1.804112e-15 2.095000e+01 1.310000e+01
    endloop
  endfacet
  facet normal -1.000000e+00 0.000000e+00 1.403372e-15
    outer loop
      vertex   1.804112e-15 2.095000e+01 1.310000e+01
      vertex   -4.440892e-15 2.250000e+00 8.650000e+00
      vertex   1.804112e-15 1.325000e+01 1.310000e+01
    endloop
  endfacet
  facet normal -1.000000e+00 5.677277e-16 -3.705256e-32
    outer loop
      vertex   1.804112e-15 1.325000e+01 1.310000e+01
      vertex   -4.440892e-15 2.250000e+00 8.650000e+00
      vertex   -4.440892e-15 2.250000e+00 1.615000e+01
    endloop
  endfacet
  facet normal -1.000000e+00 5.677277e-16 0.000000e+00
    outer loop
      vertex   1.804112e-15 1.325000e+01 1.310000e+01
      vertex   -4.440892e-15 2.250000e+00 1.615000e+01
      vertex   1.804112e-15 1.325000e+01 1.460000e+01
    endloop
  endfacet
  facet normal -1.000000e+00 0.000000e+00 0.000000e+00
    outer loop
      vertex   1.804112e-15 2.095000e+01 1.460000e+01
      vertex   1.804112e-15 5.305000e+01 1.460000e+01
      vertex   1.804112e-15 2.095000e+01 1.310000e+01
    endloop
  endfacet
  facet normal -1.000000e+00 0.000000e+00 0.000000e+00
    outer loop
      vertex   1.804112e-15 2.095000e+01 1.310000e+01
      vertex   1.804112e-15 5.305000e+01 1.460000e+01
      vertex   1.804112e-15 5.305000e+01 1.310000e+01
    endloop
  endfacet
  facet normal -9.961947e-01 8.715574e-02 0.000000e+00
    outer loop
      vertex   6.106227e-15 7.175000e+01 8.650000e+00
      vertex   6.106227e-15 7.175000e+01 1.615000e+01
      vertex   3.418256e-02 7.214071e+01 8.650000e+00
    endloop
  endfacet
  facet normal -9.961947e-01 8.715574e-02 5.529991e-17
    outer loop
      vertex   3.418256e-02 7.214071e+01 8.650000e+00
      vertex   6.106227e-15 7.175000e+01 1.615000e+01
      vertex   3.418256e-02 7.214071e+01 1.615000e+01
    endloop
  endfacet
  facet normal -9.659258e-01 2.588190e-01 5.361965e-17
    outer loop
      vertex   3.418256e-02 7.214071e+01 8.650000e+00
      vertex   3.418256e-02 7.214071e+01 1.615000e+01
      vertex   1.356916e-01 7.251955e+01 8.650000e+00
    endloop
  endfacet
  facet normal -9.659258e-01 2.588190e-01 0.000000e+00
    outer loop
      vertex   1.356916e-01 7.251955e+01 8.650000e+00
      vertex   3.418256e-02 7.214071e+01 1.615000e+01
      vertex   1.356916e-01 7.251955e+01 1.615000e+01
    endloop
  endfacet
  facet normal -9.063078e-01 4.226183e-01 0.000000e+00
    outer loop
      vertex   1.356916e-01 7.251955e+01 8.650000e+00
      vertex   1.356916e-01 7.251955e+01 1.615000e+01
      vertex   3.014428e-01 7.287500e+01 8.650000e+00
    endloop
  endfacet
  facet normal -9.063078e-01 4.226183e-01 2.012408e-17
    outer loop
      vertex   3.014428e-01 7.287500e+01 8.650000e+00
      vertex   1.356916e-01 7.251955e+01 1.615000e+01
      vertex   3.014428e-01 7.287500e+01 1.615000e+01
    endloop
  endfacet
  facet normal -8.191520e-01 5.735764e-01 1.818883e-17
    outer loop
      vertex   3.014428e-01 7.287500e+01 8.650000e+00
      vertex   3.014428e-01 7.287500e+01 1.615000e+01
      vertex   5.264000e-01 7.319627e+01 8.650000e+00
    endloop
  endfacet
  facet normal -8.191520e-01 5.735764e-01 0.000000e+00
    outer loop
      vertex   5.264000e-01 7.319627e+01 8.650000e+00
      vertex   3.014428e-01 7.287500e+01 1.615000e+01
      vertex   5.264000e-01 7.319627e+01 1.615000e+01
    endloop
  endfacet
  facet normal -7.071068e-01 7.071068e-01 0.000000e+00
    outer loop
      vertex   5.264000e-01 7.319627e+01 8.650000e+00
      vertex   5.264000e-01 7.319627e+01 1.615000e+01
      vertex   8.037279e-01 7.347360e+01 8.650000e+00
    endloop
  endfacet
  facet normal -7.071068e-01 7.071068e-01 5.233642e-17
    outer loop
      vertex   8.037279e-01 7.347360e+01 8.650000e+00
      vertex   5.264000e-01 7.319627e+01 1.615000e+01
      vertex   8.037279e-01 7.347360e+01 1.615000e+01
    endloop
  endfacet
  facet normal -5.735764e-01 8.191520e-01 4.245318e-17
    outer loop
      vertex   8.037279e-01 7.347360e+01 8.650000e+00
      vertex   8.037279e-01 7.347360e+01 1.615000e+01
      vertex   1.125000e+00 7.369856e+01 8.650000e+00
    endloop
  endfacet
  facet normal -5.735764e-01 8.191520e-01 -1.698127e-17
    outer loop
      vertex   1.125000e+00 7.369856e+01 8.650000e+00
      vertex   8.037279e-01 7.347360e+01 1.615000e+01
      vertex   1.125000e+00 7.369856e+01 1.615000e+01
    endloop
  endfacet
  facet normal -4.226183e-01 9.063078e-01 -1.251201e-17
    outer loop
      vertex   1.125000e+00 7.369856e+01 8.650000e+00
      vertex   1.125000e+00 7.369856e+01 1.615000e+01
      vertex   1.480455e+00 7.386431e+01 8.650000e+00
    endloop
  endfacet
  facet normal -4.226183e-01 9.063078e-01 1.717254e-15
    outer loop
      vertex   1.480455e+00 7.386431e+01 8.650000e+00
      vertex   1.125000e+00 7.369856e+01 1.615000e+01
      vertex   1.480455e+00 7.386431e+01 1.615000e+01
    endloop
  endfacet
  facet normal -2.588190e-01 9.659258e-01 1.830218e-15
    outer loop
      vertex   1.480455e+00 7.386431e+01 8.650000e+00
      vertex   1.480455e+00 7.386431e+01 1.615000e+01
      vertex   1.859292e+00 7.396582e+01 8.650000e+00
    endloop
  endfacet
  facet normal -2.588190e-01 9.659258e-01 -7.662583e-18
    outer loop
      vertex   1.859292e+00 7.396582e+01 8.650000e+00
      vertex   1.480455e+00 7.386431e+01 1.615000e+01
      vertex   1.859292e+00 7.396582e+01 1.615000e+01
    endloop
  endfacet
  facet normal -8.715574e-02 9.961947e-01 -2.580328e-18
    outer loop
      vertex   1.859292e+00 7.396582e+01 8.650000e+00
      vertex   1.859292e+00 7.396582e+01 1.615000e+01
      vertex   2.250000e+00 7.400000e+01 8.650000e+00
    endloop
  endfacet
  facet normal -8.715574e-02 9.961947e-01 0.000000e+00
    outer loop
      vertex   2.250000e+00 7.400000e+01 8.650000e+00
      vertex   1.859292e+00 7.396582e+01 1.615000e+01
      vertex   2.250000e+00 7.400000e+01 1.615000e+01
    endloop
  endfacet
  facet normal -6.688091e-18 -1.000000e+00 5.532758e-17
    outer loop
      vertex   2.250000e+00 2.775558e-16 1.615000e+01
      vertex   2.220000e+01 0.000000e+00 1.354500e+01
      vertex   4.375000e+01 0.000000e+00 1.615000e+01
    endloop
  endfacet
  facet normal 0.000000e+00 -1.000000e+00 0.000000e+00
    outer loop
      vertex   4.375000e+01 0.000000e+00 1.615000e+01
      vertex   2.220000e+01 0.000000e+00 1.354500e+01
      vertex   2.775000e+01 0.000000e+00 1.184500e+01
    endloop
  endfacet
  facet normal 0.000000e+00 -1.000000e+00 0.000000e+00
    outer loop
      vertex   4.375000e+01 0.000000e+00 1.615000e+01
      vertex   2.775000e+01 0.000000e+00 1.184500e+01
      vertex   3.915000e+01 0.000000e+00 1.184500e+01
    endloop
  endfacet
  facet normal 0.000000e+00 -1.000000e+00 1.065473e-16
    outer loop
      vertex   2.220000e+01 0.000000e+00 1.354500e+01
      vertex   2.250000e+00 2.775558e-16 1.615000e+01
      vertex   8.700000e+00 0.000000e+00 1.354500e+01
    endloop
  endfacet
  facet normal -4.303190e-17 -1.000000e+00 1.936480e-33
    outer loop
      vertex   8.700000e+00 0.000000e+00 1.354500e+01
      vertex   2.250000e+00 2.775558e-16 1.615000e+01
      vertex   2.250000e+00 2.775558e-16 8.650000e+00
    endloop
  endfacet
  facet normal -6.530724e-17 -1.000000e+00 2.935157e-17
    outer loop
      vertex   8.700000e+00 0.000000e+00 1.354500e+01
      vertex   2.250000e+00 2.775558e-16 8.650000e+00
      vertex   8.700000e+00 -1.436759e-16 8.650000e+00
    endloop
  endfacet
  facet normal 6.415998e-17 -1.000000e+00 2.094635e-16
    outer loop
      vertex   2.220000e+01 0.000000e+00 1.354500e+01
      vertex   2.220000e+01 -1.025324e-15 8.650000e+00
      vertex   2.775000e+01 0.000000e+00 1.184500e+01
    endloop
  endfacet
  facet normal -6.530724e-17 -1.000000e+00 4.343596e-16
    outer loop
      vertex   2.775000e+01 0.000000e+00 1.184500e+01
      vertex   2.220000e+01 -1.025324e-15 8.650000e+00
      vertex   2.775000e+01 -1.387779e-15 8.650000e+00
    endloop
  endfacet
  facet normal 4.635394e-16 -1.000000e+00 6.673807e-16
    outer loop
      vertex   3.915000e+01 -2.132281e-15 8.650000e+00
      vertex   4.375000e+01 0.000000e+00 8.650000e+00
      vertex   3.915000e+01 0.000000e+00 1.184500e+01
    endloop
  endfacet
  facet normal 0.000000e+00 -1.000000e+00 0.000000e+00
    outer loop
      vertex   3.915000e+01 0.000000e+00 1.184500e+01
      vertex   4.375000e+01 0.000000e+00 8.650000e+00
      vertex   4.375000e+01 0.000000e+00 1.615000e+01
    endloop
  endfacet
  facet normal 0.000000e+00 0.000000e+00 -1.000000e+00
    outer loop
      vertex   2.220000e+01 1.000000e+00 8.650000e+00
      vertex   2.775000e+01 1.000000e+00 8.650000e+00
      vertex   2.220000e+01 -1.025324e-15 8.650000e+00
    endloop
  endfacet
  facet normal 0.000000e+00 0.000000e+00 -1.000000e+00
    outer loop
      vertex   2.220000e+01 -1.025324e-15 8.650000e+00
      vertex   2.775000e+01 1.000000e+00 8.650000e+00
      vertex   2.775000e+01 -1.387779e-15 8.650000e+00
    endloop
  endfacet
  facet normal -1.000000e+00 0.000000e+00 0.000000e+00
    outer loop
      vertex   3.650000e+00 1.790000e+01 1.550000e+01
      vertex   3.650000e+00 2.040000e+01 1.550000e+01
      vertex   3.650000e+00 1.790000e+01 6.400000e+00
    endloop
  endfacet
  facet normal -1.000000e+00 0.000000e+00 0.000000e+00
    outer loop
      vertex   3.650000e+00 1.790000e+01 6.400000e+00
      vertex   3.650000e+00 2.040000e+01 1.550000e+01
      vertex   3.650000e+00 2.040000e+01 6.400000e+00
    endloop
  endfacet
  facet normal -0.000000e+00 -1.000000e+00 -0.000000e+00
    outer loop
      vertex   6.150000e+00 1.790000e+01 1.550000e+01
      vertex   3.650000e+00 1.790000e+01 1.550000e+01
      vertex   6.150000e+00 1.790000e+01 6.400000e+00
    endloop
  endfacet
  facet normal 0.000000e+00 -1.000000e+00 0.000000e+00
    outer loop
      vertex   6.150000e+00 1.790000e+01 6.400000e+00
      vertex   3.650000e+00 1.790000e+01 1.550000e+01
      vertex   3.650000e+00 1.790000e+01 6.400000e+00
    endloop
  endfacet
  facet normal 1.000000e+00 0.000000e+00 0.000000e+00
    outer loop
      vertex   6.150000e+00 2.040000e+01 1.550000e+01
      vertex   6.150000e+00 1.790000e+01 1.550000e+01
      vertex   6.150000e+00 2.040000e+01 6.400000e+00
    endloop
  endfacet
  facet normal 1.000000e+00 0.000000e+00 0.000000e+00
    outer loop
      vertex   6.150000e+00 2.040000e+01 6.400000e+00
      vertex   6.150000e+00 1.790000e+01 1.550000e+01
      vertex   6.150000e+00 1.790000e+01 6.400000e+00
    endloop
  endfacet
  facet normal -0.000000e+00 1.000000e+00 0.000000e+00
    outer loop
      vertex   3.650000e+00 2.040000e+01 1.550000e+01
      vertex   6.150000e+00 2.040000e+01 1.550000e+01
      vertex   3.650000e+00 2.040000e+01 6.400000e+00
    endloop
  endfacet
  facet normal 0.000000e+00 1.000000e+00 0.000000e+00
    outer loop
      vertex   3.650000e+00 2.040000e+01 6.400000e+00
      vertex   6.150000e+00 2.040000e+01 1.550000e+01
      vertex   6.150000e+00 2.040000e+01 6.400000e+00
    endloop
  endfacet
  facet normal 0.000000e+00 0.000000e+00 1.000000e+00
    outer loop
      vertex   6.150000e+00 2.040000e+01 1.550000e+01
      vertex   3.650000e+00 2.040000e+01 1.550000e+01
      vertex   6.150000e+00 1.790000e+01 1.550000e+01
    endloop
  endfacet
  facet normal 0.000000e+00 0.000000e+00 1.000000e+00
    outer loop
      vertex   6.150000e+00 1.790000e+01 1.550000e+01
      vertex   3.650000e+00 2.040000e+01 1.550000e+01
      vertex   3.650000e+00 1.790000e+01 1.550000e+01
    endloop
  endfacet
  facet normal 0.000000e+00 0.000000e+00 -1.000000e+00
    outer loop
      vertex   3.650000e+00 2.040000e+01 6.400000e+00
      vertex   6.150000e+00 2.040000e+01 6.400000e+00
      vertex   3.650000e+00 1.790000e+01 6.400000e+00
    endloop
  endfacet
  facet normal 0.000000e+00 0.000000e+00 -1.000000e+00
    outer loop
      vertex   3.650000e+00 1.790000e+01 6.400000e+00
      vertex   6.150000e+00 2.040000e+01 6.400000e+00
      vertex   6.150000e+00 1.790000e+01 6.400000e+00
    endloop
  endfacet
  facet normal -1.000000e+00 0.000000e+00 0.000000e+00
    outer loop
      vertex   3.650000e+00 5.385000e+01 1.550000e+01
      vertex   3.650000e+00 5.635000e+01 1.550000e+01
      vertex   3.650000e+00 5.385000e+01 6.400000e+00
    endloop
  endfacet
  facet normal -1.000000e+00 0.000000e+00 0.000000e+00
    outer loop
      vertex   3.650000e+00 5.385000e+01 6.400000e+00
      vertex   3.650000e+00 5.635000e+01 1.550000e+01
      vertex   3.650000e+00 5.635000e+01 6.400000e+00
    endloop
  endfacet
  facet normal -0.000000e+00 -1.000000e+00 -0.000000e+00
    outer loop
      vertex   6.150000e+00 5.385000e+01 1.550000e+01
      vertex   3.650000e+00 5.385000e+01 1.550000e+01
      vertex   6.150000e+00 5.385000e+01 6.400000e+00
    endloop
  endfacet
  facet normal 0.000000e+00 -1.000000e+00 0.000000e+00
    outer loop
      vertex   6.150000e+00 5.385000e+01 6.400000e+00
      vertex   3.650000e+00 5.385000e+01 1.550000e+01
      vertex   3.650000e+00 5.385000e+01 6.400000e+00
    endloop
  endfacet
  facet normal 1.000000e+00 0.000000e+00 0.000000e+00
    outer loop
      vertex   6.150000e+00 5.635000e+01 1.550000e+01
      vertex   6.150000e+00 5.385000e+01 1.550000e+01
      vertex   6.150000e+00 5.635000e+01 6.400000e+00
    endloop
  endfacet
  facet normal 1.000000e+00 0.000000e+00 0.000000e+00
    outer loop
      vertex   6.150000e+00 5.635000e+01 6.400000e+00
      vertex   6.150000e+00 5.385000e+01 1.550000e+01
      vertex   6.150000e+00 5.385000e+01 6.400000e+00
    endloop
  endfacet
  facet normal -0.000000e+00 1.000000e+00 0.000000e+00
    outer loop
      vertex   3.650000e+00 5.635000e+01 1.550000e+01
      vertex   6.150000e+00 5.635000e+01 1.550000e+01
      vertex   3.650000e+00 5.635000e+01 6.400000e+00
    endloop
  endfacet
  facet normal 0.000000e+00 1.000000e+00 0.000000e+00
    outer loop
      vertex   3.650000e+00 5.635000e+01 6.400000e+00
      vertex   6.150000e+00 5.635000e+01 1.550000e+01
      vertex   6.150000e+00 5.635000e+01 6.400000e+00
    endloop
  endfacet
  facet normal 0.000000e+00 0.000000e+00 1.000000e+00
    outer loop
      vertex   6.150000e+00 5.635000e+01 1.550000e+01
      vertex   3.650000e+00 5.635000e+01 1.550000e+01
      vertex   6.150000e+00 5.385000e+01 1.550000e+01
    endloop
  endfacet
  facet normal 0.000000e+00 0.000000e+00 1.000000e+00
    outer loop
      vertex   6.150000e+00 5.385000e+01 1.550000e+01
      vertex   3.650000e+00 5.635000e+01 1.550000e+01
      vertex   3.650000e+00 5.385000e+01 1.550000e+01
    endloop
  endfacet
  facet normal 0.000000e+00 0.000000e+00 -1.000000e+00
    outer loop
      vertex   3.650000e+00 5.635000e+01 6.400000e+00
      vertex   6.150000e+00 5.635000e+01 6.400000e+00
      vertex   3.650000e+00 5.385000e+01 6.400000e+00
    endloop
  endfacet
  facet normal 0.000000e+00 0.000000e+00 -1.000000e+00
    outer loop
      vertex   3.650000e+00 5.385000e+01 6.400000e+00
      vertex   6.150000e+00 5.635000e+01 6.400000e+00
      vertex   6.150000e+00 5.385000e+01 6.400000e+00
    endloop
  endfacet
  facet normal -1.000000e+00 0.000000e+00 0.000000e+00
    outer loop
      vertex   3.960000e+01 1.790000e+01 1.550000e+01
      vertex   3.960000e+01 2.040000e+01 1.550000e+01
      vertex   3.960000e+01 1.790000e+01 6.400000e+00
    endloop
  endfacet
  facet normal -1.000000e+00 0.000000e+00 0.000000e+00
    outer loop
      vertex   3.960000e+01 1.790000e+01 6.400000e+00
      vertex   3.960000e+01 2.040000e+01 1.550000e+01
      vertex   3.960000e+01 2.040000e+01 6.400000e+00
    endloop
  endfacet
  facet normal -0.000000e+00 -1.000000e+00 -0.000000e+00
    outer loop
      vertex   4.210000e+01 1.790000e+01 1.550000e+01
      vertex   3.960000e+01 1.790000e+01 1.550000e+01
      vertex   4.210000e+01 1.790000e+01 6.400000e+00
    endloop
  endfacet
  facet normal 0.000000e+00 -1.000000e+00 0.000000e+00
    outer loop
      vertex   4.210000e+01 1.790000e+01 6.400000e+00
      vertex   3.960000e+01 1.790000e+01 1.550000e+01
      vertex   3.960000e+01 1.790000e+01 6.400000e+00
    endloop
  endfacet
  facet normal 1.000000e+00 0.000000e+00 0.000000e+00
    outer loop
      vertex   4.210000e+01 2.040000e+01 1.550000e+01
      vertex   4.210000e+01 1.790000e+01 1.550000e+01
      vertex   4.210000e+01 2.040000e+01 6.400000e+00
    endloop
  endfacet
  facet normal 1.000000e+00 0.000000e+00 0.000000e+00
    outer loop
      vertex   4.210000e+01 2.040000e+01 6.400000e+00
      vertex   4.210000e+01 1.790000e+01 1.550000e+01
      vertex   4.210000e+01 1.790000e+01 6.400000e+00
    endloop
  endfacet
  facet normal -0.000000e+00 1.000000e+00 0.000000e+00
    outer loop
      vertex   3.960000e+01 2.040000e+01 1.550000e+01
      vertex   4.210000e+01 2.040000e+01 1.550000e+01
      vertex   3.960000e+01 2.040000e+01 6.400000e+00
    endloop
  endfacet
  facet normal 0.000000e+00 1.000000e+00 0.000000e+00
    outer loop
      vertex   3.960000e+01 2.040000e+01 6.400000e+00
      vertex   4.210000e+01 2.040000e+01 1.550000e+01
      vertex   4.210000e+01 2.040000e+01 6.400000e+00
    endloop
  endfacet
  facet normal 0.000000e+00 0.000000e+00 1.000000e+00
    outer loop
      vertex   4.210000e+01 2.040000e+01 1.550000e+01
      vertex   3.960000e+01 2.040000e+01 1.550000e+01
      vertex   4.210000e+01 1.790000e+01 1.550000e+01
    endloop
  endfacet
  facet normal 0.000000e+00 0.000000e+00 1.000000e+00
    outer loop
      vertex   4.210000e+01 1.790000e+01 1.550000e+01
      vertex   3.960000e+01 2.040000e+01 1.550000e+01
      vertex   3.960000e+01 1.790000e+01 1.550000e+01
    endloop
  endfacet
  facet normal 0.000000e+00 0.000000e+00 -1.000000e+00
    outer loop
      vertex   3.960000e+01 2.040000e+01 6.400000e+00
      vertex   4.210000e+01 2.040000e+01 6.400000e+00
      vertex   3.960000e+01 1.790000e+01 6.400000e+00
    endloop
  endfacet
  facet normal 0.000000e+00 0.000000e+00 -1.000000e+00
    outer loop
      vertex   3.960000e+01 1.790000e+01 6.400000e+00
      vertex   4.210000e+01 2.040000e+01 6.400000e+00
      vertex   4.210000e+01 1.790000e+01 6.400000e+00
    endloop
  endfacet
  facet normal -1.000000e+00 0.000000e+00 0.000000e+00
    outer loop
      vertex   3.960000e+01 5.385000e+01 1.550000e+01
      vertex   3.960000e+01 5.635000e+01 1.550000e+01
      vertex   3.960000e+01 5.385000e+01 6.400000e+00
    endloop
  endfacet
  facet normal -1.000000e+00 0.000000e+00 0.000000e+00
    outer loop
      vertex   3.960000e+01 5.385000e+01 6.400000e+00
      vertex   3.960000e+01 5.635000e+01 1.550000e+01
      vertex   3.960000e+01 5.635000e+01 6.400000e+00
    endloop
  endfacet
  facet normal -0.000000e+00 -1.000000e+00 -0.000000e+00
    outer loop
      vertex   4.210000e+01 5.385000e+01 1.550000e+01
      vertex   3.960000e+01 5.385000e+01 1.550000e+01
      vertex   4.210000e+01 5.385000e+01 6.400000e+00
    endloop
  endfacet
  facet normal 0.000000e+00 -1.000000e+00 0.000000e+00
    outer loop
      vertex   4.210000e+01 5.385000e+01 6.400000e+00
      vertex   3.960000e+01 5.385000e+01 1.550000e+01
      vertex   3.960000e+01 5.385000e+01 6.400000e+00
    endloop
  endfacet
  facet normal 1.000000e+00 0.000000e+00 0.000000e+00
    outer loop
      vertex   4.210000e+01 5.635000e+01 1.550000e+01
      vertex   4.210000e+01 5.385000e+01 1.550000e+01
      vertex   4.210000e+01 5.635000e+01 6.400000e+00
    endloop
  endfacet
  facet normal 1.000000e+00 0.000000e+00 0.000000e+00
    outer loop
      vertex   4.210000e+01 5.635000e+01 6.400000e+00
      vertex   4.210000e+01 5.385000e+01 1.550000e+01
      vertex   4.210000e+01 5.385000e+01 6.400000e+00
    endloop
  endfacet
  facet normal -0.000000e+00 1.000000e+00 0.000000e+00
    outer loop
      vertex   3.960000e+01 5.635000e+01 1.550000e+01
      vertex   4.210000e+01 5.635000e+01 1.550000e+01
      vertex   3.960000e+01 5.635000e+01 6.400000e+00
    endloop
  endfacet
  facet normal 0.000000e+00 1.000000e+00 0.000000e+00
    outer loop
      vertex   3.960000e+01 5.635000e+01 6.400000e+00
      vertex   4.210000e+01 5.635000e+01 1.550000e+01
      vertex   4.210000e+01 5.635000e+01 6.400000e+00
    endloop
  endfacet
  facet normal 0.000000e+00 0.000000e+00 1.000000e+00
    outer loop
      vertex   4.210000e+01 5.635000e+01 1.550000e+01
      vertex   3.960000e+01 5.635000e+01 1.550000e+01
      vertex   4.210000e+01 5.385000e+01 1.550000e+01
    endloop
  endfacet
  facet normal 0.000000e+00 0.000000e+00 1.000000e+00
    outer loop
      vertex   4.210000e+01 5.385000e+01 1.550000e+01
      vertex   3.960000e+01 5.635000e+01 1.550000e+01
      vertex   3.960000e+01 5.385000e+01 1.550000e+01
    endloop
  endfacet
  facet normal 0.000000e+00 0.000000e+00 -1.000000e+00
    outer loop
      vertex   3.960000e+01 5.635000e+01 6.400000e+00
      vertex   4.210000e+01 5.635000e+01 6.400000e+00
      vertex   3.960000e+01 5.385000e+01 6.400000e+00
    endloop
  endfacet
  facet normal 0.000000e+00 0.000000e+00 -1.000000e+00
    outer loop
      vertex   3.960000e+01 5.385000e+01 6.400000e+00
      vertex   4.210000e+01 5.635000e+01 6.400000e+00
      vertex   4.210000e+01 5.385000e+01 6.400000e+00
    endloop
  endfacet
endsolid
